[2026-04-24T05:08:33.583+0000] {processor.py:161} INFO - Started process (PID=278) to work on /opt/airflow/dags/weather_pipeline_dag.py
[2026-04-24T05:08:33.652+0000] {processor.py:830} INFO - Processing file /opt/airflow/dags/weather_pipeline_dag.py for tasks to queue
[2026-04-24T05:08:33.728+0000] {logging_mixin.py:188} INFO - [2026-04-24T05:08:33.724+0000] {dagbag.py:538} INFO - Filling up the DagBag from /opt/airflow/dags/weather_pipeline_dag.py
[2026-04-24T05:08:35.755+0000] {processor.py:840} INFO - DAG(s) 'weather_data_pipeline' retrieved from /opt/airflow/dags/weather_pipeline_dag.py
[2026-04-24T05:08:48.370+0000] {logging_mixin.py:188} INFO - [2026-04-24T05:08:48.364+0000] {override.py:1769} INFO - Created Permission View: can edit on DAG:weather_data_pipeline
[2026-04-24T05:08:48.631+0000] {logging_mixin.py:188} INFO - [2026-04-24T05:08:48.629+0000] {override.py:1769} INFO - Created Permission View: can delete on DAG:weather_data_pipeline
[2026-04-24T05:08:48.809+0000] {logging_mixin.py:188} INFO - [2026-04-24T05:08:48.806+0000] {override.py:1769} INFO - Created Permission View: can read on DAG:weather_data_pipeline
[2026-04-24T05:08:48.821+0000] {logging_mixin.py:188} INFO - [2026-04-24T05:08:48.820+0000] {dag.py:3036} INFO - Sync 1 DAGs
[2026-04-24T05:08:49.178+0000] {logging_mixin.py:188} INFO - [2026-04-24T05:08:49.176+0000] {dag.py:3058} INFO - Creating ORM DAG for weather_data_pipeline
[2026-04-24T05:08:49.658+0000] {logging_mixin.py:188} INFO - [2026-04-24T05:08:49.642+0000] {dag.py:3823} INFO - Setting next_dagrun for weather_data_pipeline to 2026-04-22 06:00:00+00:00, run_after=2026-04-23 06:00:00+00:00
[2026-04-24T05:08:50.309+0000] {processor.py:183} INFO - Processing /opt/airflow/dags/weather_pipeline_dag.py took 17.133 seconds
[2026-04-24T05:09:22.185+0000] {processor.py:161} INFO - Started process (PID=294) to work on /opt/airflow/dags/weather_pipeline_dag.py
[2026-04-24T05:09:22.215+0000] {processor.py:830} INFO - Processing file /opt/airflow/dags/weather_pipeline_dag.py for tasks to queue
[2026-04-24T05:09:22.234+0000] {logging_mixin.py:188} INFO - [2026-04-24T05:09:22.221+0000] {dagbag.py:538} INFO - Filling up the DagBag from /opt/airflow/dags/weather_pipeline_dag.py
[2026-04-24T05:09:20.830+0000] {processor.py:840} INFO - DAG(s) 'weather_data_pipeline' retrieved from /opt/airflow/dags/weather_pipeline_dag.py
[2026-04-24T05:09:21.698+0000] {logging_mixin.py:188} INFO - [2026-04-24T05:09:21.696+0000] {dag.py:3036} INFO - Sync 1 DAGs
[2026-04-24T05:09:22.462+0000] {logging_mixin.py:188} INFO - [2026-04-24T05:09:22.448+0000] {dag.py:3823} INFO - Setting next_dagrun for weather_data_pipeline to 2026-04-22 06:00:00+00:00, run_after=2026-04-23 06:00:00+00:00
[2026-04-24T05:09:23.431+0000] {processor.py:183} INFO - Processing /opt/airflow/dags/weather_pipeline_dag.py took 4.019 seconds
[2026-04-24T05:09:55.982+0000] {processor.py:161} INFO - Started process (PID=305) to work on /opt/airflow/dags/weather_pipeline_dag.py
[2026-04-24T05:09:56.043+0000] {processor.py:830} INFO - Processing file /opt/airflow/dags/weather_pipeline_dag.py for tasks to queue
[2026-04-24T05:09:56.099+0000] {logging_mixin.py:188} INFO - [2026-04-24T05:09:56.096+0000] {dagbag.py:538} INFO - Filling up the DagBag from /opt/airflow/dags/weather_pipeline_dag.py
[2026-04-24T05:09:57.401+0000] {processor.py:840} INFO - DAG(s) 'weather_data_pipeline' retrieved from /opt/airflow/dags/weather_pipeline_dag.py
[2026-04-24T05:09:58.354+0000] {logging_mixin.py:188} INFO - [2026-04-24T05:09:58.353+0000] {dag.py:3036} INFO - Sync 1 DAGs
[2026-04-24T05:09:59.000+0000] {logging_mixin.py:188} INFO - [2026-04-24T05:09:58.997+0000] {dag.py:3823} INFO - Setting next_dagrun for weather_data_pipeline to 2026-04-22 06:00:00+00:00, run_after=2026-04-23 06:00:00+00:00
[2026-04-24T05:09:59.538+0000] {processor.py:183} INFO - Processing /opt/airflow/dags/weather_pipeline_dag.py took 3.664 seconds
[2026-04-24T05:10:30.580+0000] {processor.py:161} INFO - Started process (PID=315) to work on /opt/airflow/dags/weather_pipeline_dag.py
[2026-04-24T05:10:30.590+0000] {processor.py:830} INFO - Processing file /opt/airflow/dags/weather_pipeline_dag.py for tasks to queue
[2026-04-24T05:10:30.598+0000] {logging_mixin.py:188} INFO - [2026-04-24T05:10:30.596+0000] {dagbag.py:538} INFO - Filling up the DagBag from /opt/airflow/dags/weather_pipeline_dag.py
[2026-04-24T05:10:30.839+0000] {processor.py:840} INFO - DAG(s) 'weather_data_pipeline' retrieved from /opt/airflow/dags/weather_pipeline_dag.py
[2026-04-24T05:10:31.053+0000] {logging_mixin.py:188} INFO - [2026-04-24T05:10:31.052+0000] {dag.py:3036} INFO - Sync 1 DAGs
[2026-04-24T05:10:31.380+0000] {logging_mixin.py:188} INFO - [2026-04-24T05:10:31.378+0000] {dag.py:3823} INFO - Setting next_dagrun for weather_data_pipeline to 2026-04-22 06:00:00+00:00, run_after=2026-04-23 06:00:00+00:00
[2026-04-24T05:10:31.657+0000] {processor.py:183} INFO - Processing /opt/airflow/dags/weather_pipeline_dag.py took 1.114 seconds
[2026-04-24T05:11:02.760+0000] {processor.py:161} INFO - Started process (PID=325) to work on /opt/airflow/dags/weather_pipeline_dag.py
[2026-04-24T05:11:02.774+0000] {processor.py:830} INFO - Processing file /opt/airflow/dags/weather_pipeline_dag.py for tasks to queue
[2026-04-24T05:11:02.786+0000] {logging_mixin.py:188} INFO - [2026-04-24T05:11:02.779+0000] {dagbag.py:538} INFO - Filling up the DagBag from /opt/airflow/dags/weather_pipeline_dag.py
[2026-04-24T05:11:03.041+0000] {processor.py:840} INFO - DAG(s) 'weather_data_pipeline' retrieved from /opt/airflow/dags/weather_pipeline_dag.py
[2026-04-24T05:11:03.364+0000] {logging_mixin.py:188} INFO - [2026-04-24T05:11:03.363+0000] {dag.py:3036} INFO - Sync 1 DAGs
[2026-04-24T05:11:03.705+0000] {logging_mixin.py:188} INFO - [2026-04-24T05:11:03.703+0000] {dag.py:3823} INFO - Setting next_dagrun for weather_data_pipeline to 2026-04-22 06:00:00+00:00, run_after=2026-04-23 06:00:00+00:00
[2026-04-24T05:11:04.045+0000] {processor.py:183} INFO - Processing /opt/airflow/dags/weather_pipeline_dag.py took 1.311 seconds
[2026-04-24T05:11:34.936+0000] {processor.py:161} INFO - Started process (PID=336) to work on /opt/airflow/dags/weather_pipeline_dag.py
[2026-04-24T05:11:34.978+0000] {processor.py:830} INFO - Processing file /opt/airflow/dags/weather_pipeline_dag.py for tasks to queue
[2026-04-24T05:11:35.008+0000] {logging_mixin.py:188} INFO - [2026-04-24T05:11:35.002+0000] {dagbag.py:538} INFO - Filling up the DagBag from /opt/airflow/dags/weather_pipeline_dag.py
[2026-04-24T05:11:35.696+0000] {processor.py:840} INFO - DAG(s) 'weather_data_pipeline' retrieved from /opt/airflow/dags/weather_pipeline_dag.py
[2026-04-24T05:11:36.144+0000] {logging_mixin.py:188} INFO - [2026-04-24T05:11:36.141+0000] {dag.py:3036} INFO - Sync 1 DAGs
[2026-04-24T05:11:36.590+0000] {logging_mixin.py:188} INFO - [2026-04-24T05:11:36.587+0000] {dag.py:3823} INFO - Setting next_dagrun for weather_data_pipeline to 2026-04-22 06:00:00+00:00, run_after=2026-04-23 06:00:00+00:00
[2026-04-24T05:11:37.046+0000] {processor.py:183} INFO - Processing /opt/airflow/dags/weather_pipeline_dag.py took 2.283 seconds
[2026-04-24T05:12:08.367+0000] {processor.py:161} INFO - Started process (PID=352) to work on /opt/airflow/dags/weather_pipeline_dag.py
[2026-04-24T05:12:08.388+0000] {processor.py:830} INFO - Processing file /opt/airflow/dags/weather_pipeline_dag.py for tasks to queue
[2026-04-24T05:12:08.404+0000] {logging_mixin.py:188} INFO - [2026-04-24T05:12:08.400+0000] {dagbag.py:538} INFO - Filling up the DagBag from /opt/airflow/dags/weather_pipeline_dag.py
[2026-04-24T05:12:08.971+0000] {processor.py:840} INFO - DAG(s) 'weather_data_pipeline' retrieved from /opt/airflow/dags/weather_pipeline_dag.py
[2026-04-24T05:12:09.549+0000] {logging_mixin.py:188} INFO - [2026-04-24T05:12:09.547+0000] {dag.py:3036} INFO - Sync 1 DAGs
[2026-04-24T05:12:09.898+0000] {logging_mixin.py:188} INFO - [2026-04-24T05:12:09.896+0000] {dag.py:3823} INFO - Setting next_dagrun for weather_data_pipeline to 2026-04-22 06:00:00+00:00, run_after=2026-04-23 06:00:00+00:00
[2026-04-24T05:12:10.176+0000] {processor.py:183} INFO - Processing /opt/airflow/dags/weather_pipeline_dag.py took 1.855 seconds
[2026-04-24T05:12:40.978+0000] {processor.py:161} INFO - Started process (PID=363) to work on /opt/airflow/dags/weather_pipeline_dag.py
[2026-04-24T05:12:40.999+0000] {processor.py:830} INFO - Processing file /opt/airflow/dags/weather_pipeline_dag.py for tasks to queue
[2026-04-24T05:12:41.010+0000] {logging_mixin.py:188} INFO - [2026-04-24T05:12:41.007+0000] {dagbag.py:538} INFO - Filling up the DagBag from /opt/airflow/dags/weather_pipeline_dag.py
[2026-04-24T05:12:41.344+0000] {processor.py:840} INFO - DAG(s) 'weather_data_pipeline' retrieved from /opt/airflow/dags/weather_pipeline_dag.py
[2026-04-24T05:12:41.861+0000] {logging_mixin.py:188} INFO - [2026-04-24T05:12:41.858+0000] {dag.py:3036} INFO - Sync 1 DAGs
[2026-04-24T05:12:42.476+0000] {logging_mixin.py:188} INFO - [2026-04-24T05:12:42.473+0000] {dag.py:3823} INFO - Setting next_dagrun for weather_data_pipeline to 2026-04-22 06:00:00+00:00, run_after=2026-04-23 06:00:00+00:00
[2026-04-24T05:12:42.816+0000] {processor.py:183} INFO - Processing /opt/airflow/dags/weather_pipeline_dag.py took 1.908 seconds
[2026-04-24T05:13:15.134+0000] {processor.py:161} INFO - Started process (PID=374) to work on /opt/airflow/dags/weather_pipeline_dag.py
[2026-04-24T05:13:15.154+0000] {processor.py:830} INFO - Processing file /opt/airflow/dags/weather_pipeline_dag.py for tasks to queue
[2026-04-24T05:13:15.174+0000] {logging_mixin.py:188} INFO - [2026-04-24T05:13:15.170+0000] {dagbag.py:538} INFO - Filling up the DagBag from /opt/airflow/dags/weather_pipeline_dag.py
[2026-04-24T05:13:15.616+0000] {processor.py:840} INFO - DAG(s) 'weather_data_pipeline' retrieved from /opt/airflow/dags/weather_pipeline_dag.py
[2026-04-24T05:13:16.345+0000] {logging_mixin.py:188} INFO - [2026-04-24T05:13:16.330+0000] {dag.py:3036} INFO - Sync 1 DAGs
[2026-04-24T05:13:17.136+0000] {logging_mixin.py:188} INFO - [2026-04-24T05:13:17.134+0000] {dag.py:3823} INFO - Setting next_dagrun for weather_data_pipeline to 2026-04-22 06:00:00+00:00, run_after=2026-04-23 06:00:00+00:00
[2026-04-24T05:13:17.501+0000] {processor.py:183} INFO - Processing /opt/airflow/dags/weather_pipeline_dag.py took 2.470 seconds
[2026-04-24T05:13:48.738+0000] {processor.py:161} INFO - Started process (PID=385) to work on /opt/airflow/dags/weather_pipeline_dag.py
[2026-04-24T05:13:48.753+0000] {processor.py:830} INFO - Processing file /opt/airflow/dags/weather_pipeline_dag.py for tasks to queue
[2026-04-24T05:13:48.763+0000] {logging_mixin.py:188} INFO - [2026-04-24T05:13:48.760+0000] {dagbag.py:538} INFO - Filling up the DagBag from /opt/airflow/dags/weather_pipeline_dag.py
[2026-04-24T05:13:49.209+0000] {processor.py:840} INFO - DAG(s) 'weather_data_pipeline' retrieved from /opt/airflow/dags/weather_pipeline_dag.py
[2026-04-24T05:13:49.512+0000] {logging_mixin.py:188} INFO - [2026-04-24T05:13:49.511+0000] {dag.py:3036} INFO - Sync 1 DAGs
[2026-04-24T05:13:50.069+0000] {logging_mixin.py:188} INFO - [2026-04-24T05:13:50.067+0000] {dag.py:3823} INFO - Setting next_dagrun for weather_data_pipeline to 2026-04-22 06:00:00+00:00, run_after=2026-04-23 06:00:00+00:00
[2026-04-24T05:13:50.450+0000] {processor.py:183} INFO - Processing /opt/airflow/dags/weather_pipeline_dag.py took 1.761 seconds
[2026-04-24T05:14:21.228+0000] {processor.py:161} INFO - Started process (PID=396) to work on /opt/airflow/dags/weather_pipeline_dag.py
[2026-04-24T05:14:21.251+0000] {processor.py:830} INFO - Processing file /opt/airflow/dags/weather_pipeline_dag.py for tasks to queue
[2026-04-24T05:14:21.275+0000] {logging_mixin.py:188} INFO - [2026-04-24T05:14:21.272+0000] {dagbag.py:538} INFO - Filling up the DagBag from /opt/airflow/dags/weather_pipeline_dag.py
[2026-04-24T05:14:21.569+0000] {processor.py:840} INFO - DAG(s) 'weather_data_pipeline' retrieved from /opt/airflow/dags/weather_pipeline_dag.py
[2026-04-24T05:14:21.891+0000] {logging_mixin.py:188} INFO - [2026-04-24T05:14:21.889+0000] {dag.py:3036} INFO - Sync 1 DAGs
[2026-04-24T05:14:22.102+0000] {logging_mixin.py:188} INFO - [2026-04-24T05:14:22.100+0000] {dag.py:3823} INFO - Setting next_dagrun for weather_data_pipeline to 2026-04-22 06:00:00+00:00, run_after=2026-04-23 06:00:00+00:00
[2026-04-24T05:14:22.292+0000] {processor.py:183} INFO - Processing /opt/airflow/dags/weather_pipeline_dag.py took 1.123 seconds
[2026-04-24T05:14:53.915+0000] {processor.py:161} INFO - Started process (PID=413) to work on /opt/airflow/dags/weather_pipeline_dag.py
[2026-04-24T05:14:53.926+0000] {processor.py:830} INFO - Processing file /opt/airflow/dags/weather_pipeline_dag.py for tasks to queue
[2026-04-24T05:14:53.941+0000] {logging_mixin.py:188} INFO - [2026-04-24T05:14:53.939+0000] {dagbag.py:538} INFO - Filling up the DagBag from /opt/airflow/dags/weather_pipeline_dag.py
[2026-04-24T05:14:55.005+0000] {processor.py:840} INFO - DAG(s) 'weather_data_pipeline' retrieved from /opt/airflow/dags/weather_pipeline_dag.py
[2026-04-24T05:14:55.758+0000] {logging_mixin.py:188} INFO - [2026-04-24T05:14:55.745+0000] {dag.py:3036} INFO - Sync 1 DAGs
[2026-04-24T05:14:56.464+0000] {logging_mixin.py:188} INFO - [2026-04-24T05:14:56.462+0000] {dag.py:3823} INFO - Setting next_dagrun for weather_data_pipeline to 2026-04-22 06:00:00+00:00, run_after=2026-04-23 06:00:00+00:00
[2026-04-24T05:14:56.761+0000] {processor.py:183} INFO - Processing /opt/airflow/dags/weather_pipeline_dag.py took 2.929 seconds
[2026-04-24T05:15:27.998+0000] {processor.py:161} INFO - Started process (PID=424) to work on /opt/airflow/dags/weather_pipeline_dag.py
[2026-04-24T05:15:28.006+0000] {processor.py:830} INFO - Processing file /opt/airflow/dags/weather_pipeline_dag.py for tasks to queue
[2026-04-24T05:15:28.018+0000] {logging_mixin.py:188} INFO - [2026-04-24T05:15:28.016+0000] {dagbag.py:538} INFO - Filling up the DagBag from /opt/airflow/dags/weather_pipeline_dag.py
[2026-04-24T05:15:28.355+0000] {processor.py:840} INFO - DAG(s) 'weather_data_pipeline' retrieved from /opt/airflow/dags/weather_pipeline_dag.py
[2026-04-24T05:15:28.710+0000] {logging_mixin.py:188} INFO - [2026-04-24T05:15:28.708+0000] {dag.py:3036} INFO - Sync 1 DAGs
[2026-04-24T05:15:29.208+0000] {logging_mixin.py:188} INFO - [2026-04-24T05:15:29.200+0000] {dag.py:3823} INFO - Setting next_dagrun for weather_data_pipeline to 2026-04-22 06:00:00+00:00, run_after=2026-04-23 06:00:00+00:00
[2026-04-24T05:15:29.375+0000] {processor.py:183} INFO - Processing /opt/airflow/dags/weather_pipeline_dag.py took 1.406 seconds
[2026-04-24T05:15:59.973+0000] {processor.py:161} INFO - Started process (PID=434) to work on /opt/airflow/dags/weather_pipeline_dag.py
[2026-04-24T05:15:59.986+0000] {processor.py:830} INFO - Processing file /opt/airflow/dags/weather_pipeline_dag.py for tasks to queue
[2026-04-24T05:16:00.001+0000] {logging_mixin.py:188} INFO - [2026-04-24T05:15:59.993+0000] {dagbag.py:538} INFO - Filling up the DagBag from /opt/airflow/dags/weather_pipeline_dag.py
[2026-04-24T05:16:00.495+0000] {processor.py:840} INFO - DAG(s) 'weather_data_pipeline' retrieved from /opt/airflow/dags/weather_pipeline_dag.py
[2026-04-24T05:16:01.019+0000] {logging_mixin.py:188} INFO - [2026-04-24T05:16:01.017+0000] {dag.py:3036} INFO - Sync 1 DAGs
[2026-04-24T05:16:01.456+0000] {logging_mixin.py:188} INFO - [2026-04-24T05:16:01.455+0000] {dag.py:3823} INFO - Setting next_dagrun for weather_data_pipeline to 2026-04-22 06:00:00+00:00, run_after=2026-04-23 06:00:00+00:00
[2026-04-24T05:16:01.643+0000] {processor.py:183} INFO - Processing /opt/airflow/dags/weather_pipeline_dag.py took 1.713 seconds
[2026-04-24T05:16:32.039+0000] {processor.py:161} INFO - Started process (PID=446) to work on /opt/airflow/dags/weather_pipeline_dag.py
[2026-04-24T05:16:32.079+0000] {processor.py:830} INFO - Processing file /opt/airflow/dags/weather_pipeline_dag.py for tasks to queue
[2026-04-24T05:16:32.110+0000] {logging_mixin.py:188} INFO - [2026-04-24T05:16:32.102+0000] {dagbag.py:538} INFO - Filling up the DagBag from /opt/airflow/dags/weather_pipeline_dag.py
[2026-04-24T05:16:32.599+0000] {processor.py:840} INFO - DAG(s) 'weather_data_pipeline' retrieved from /opt/airflow/dags/weather_pipeline_dag.py
[2026-04-24T05:16:33.138+0000] {logging_mixin.py:188} INFO - [2026-04-24T05:16:33.136+0000] {dag.py:3036} INFO - Sync 1 DAGs
[2026-04-24T05:16:33.923+0000] {logging_mixin.py:188} INFO - [2026-04-24T05:16:33.920+0000] {dag.py:3823} INFO - Setting next_dagrun for weather_data_pipeline to 2026-04-22 06:00:00+00:00, run_after=2026-04-23 06:00:00+00:00
[2026-04-24T05:16:34.371+0000] {processor.py:183} INFO - Processing /opt/airflow/dags/weather_pipeline_dag.py took 2.408 seconds
[2026-04-24T05:17:06.693+0000] {processor.py:161} INFO - Started process (PID=457) to work on /opt/airflow/dags/weather_pipeline_dag.py
[2026-04-24T05:17:06.752+0000] {processor.py:830} INFO - Processing file /opt/airflow/dags/weather_pipeline_dag.py for tasks to queue
[2026-04-24T05:17:06.792+0000] {logging_mixin.py:188} INFO - [2026-04-24T05:17:06.773+0000] {dagbag.py:538} INFO - Filling up the DagBag from /opt/airflow/dags/weather_pipeline_dag.py
[2026-04-24T05:17:07.400+0000] {processor.py:840} INFO - DAG(s) 'weather_data_pipeline' retrieved from /opt/airflow/dags/weather_pipeline_dag.py
[2026-04-24T05:17:07.872+0000] {logging_mixin.py:188} INFO - [2026-04-24T05:17:07.870+0000] {dag.py:3036} INFO - Sync 1 DAGs
[2026-04-24T05:17:06.113+0000] {logging_mixin.py:188} INFO - [2026-04-24T05:17:06.098+0000] {dag.py:3823} INFO - Setting next_dagrun for weather_data_pipeline to 2026-04-22 06:00:00+00:00, run_after=2026-04-23 06:00:00+00:00
[2026-04-24T05:17:06.678+0000] {processor.py:183} INFO - Processing /opt/airflow/dags/weather_pipeline_dag.py took 3.373 seconds
[2026-04-24T05:17:38.320+0000] {processor.py:161} INFO - Started process (PID=467) to work on /opt/airflow/dags/weather_pipeline_dag.py
[2026-04-24T05:17:38.373+0000] {processor.py:830} INFO - Processing file /opt/airflow/dags/weather_pipeline_dag.py for tasks to queue
[2026-04-24T05:17:38.441+0000] {logging_mixin.py:188} INFO - [2026-04-24T05:17:38.424+0000] {dagbag.py:538} INFO - Filling up the DagBag from /opt/airflow/dags/weather_pipeline_dag.py
[2026-04-24T05:17:39.765+0000] {processor.py:840} INFO - DAG(s) 'weather_data_pipeline' retrieved from /opt/airflow/dags/weather_pipeline_dag.py
[2026-04-24T05:17:40.101+0000] {logging_mixin.py:188} INFO - [2026-04-24T05:17:40.099+0000] {dag.py:3036} INFO - Sync 1 DAGs
[2026-04-24T05:17:40.532+0000] {logging_mixin.py:188} INFO - [2026-04-24T05:17:40.518+0000] {dag.py:3823} INFO - Setting next_dagrun for weather_data_pipeline to 2026-04-22 06:00:00+00:00, run_after=2026-04-23 06:00:00+00:00
[2026-04-24T05:17:40.724+0000] {processor.py:183} INFO - Processing /opt/airflow/dags/weather_pipeline_dag.py took 2.557 seconds
[2026-04-24T05:18:11.812+0000] {processor.py:161} INFO - Started process (PID=484) to work on /opt/airflow/dags/weather_pipeline_dag.py
[2026-04-24T05:18:11.831+0000] {processor.py:830} INFO - Processing file /opt/airflow/dags/weather_pipeline_dag.py for tasks to queue
[2026-04-24T05:18:11.860+0000] {logging_mixin.py:188} INFO - [2026-04-24T05:18:11.845+0000] {dagbag.py:538} INFO - Filling up the DagBag from /opt/airflow/dags/weather_pipeline_dag.py
[2026-04-24T05:18:12.182+0000] {processor.py:840} INFO - DAG(s) 'weather_data_pipeline' retrieved from /opt/airflow/dags/weather_pipeline_dag.py
[2026-04-24T05:18:12.402+0000] {logging_mixin.py:188} INFO - [2026-04-24T05:18:12.400+0000] {dag.py:3036} INFO - Sync 1 DAGs
[2026-04-24T05:18:12.648+0000] {logging_mixin.py:188} INFO - [2026-04-24T05:18:12.646+0000] {dag.py:3823} INFO - Setting next_dagrun for weather_data_pipeline to 2026-04-22 06:00:00+00:00, run_after=2026-04-23 06:00:00+00:00
[2026-04-24T05:18:12.844+0000] {processor.py:183} INFO - Processing /opt/airflow/dags/weather_pipeline_dag.py took 1.071 seconds
[2026-04-24T05:18:43.565+0000] {processor.py:161} INFO - Started process (PID=496) to work on /opt/airflow/dags/weather_pipeline_dag.py
[2026-04-24T05:18:43.573+0000] {processor.py:830} INFO - Processing file /opt/airflow/dags/weather_pipeline_dag.py for tasks to queue
[2026-04-24T05:18:43.585+0000] {logging_mixin.py:188} INFO - [2026-04-24T05:18:43.582+0000] {dagbag.py:538} INFO - Filling up the DagBag from /opt/airflow/dags/weather_pipeline_dag.py
[2026-04-24T05:18:43.857+0000] {processor.py:840} INFO - DAG(s) 'weather_data_pipeline' retrieved from /opt/airflow/dags/weather_pipeline_dag.py
[2026-04-24T05:18:44.155+0000] {logging_mixin.py:188} INFO - [2026-04-24T05:18:44.153+0000] {dag.py:3036} INFO - Sync 1 DAGs
[2026-04-24T05:18:44.561+0000] {logging_mixin.py:188} INFO - [2026-04-24T05:18:44.560+0000] {dag.py:3823} INFO - Setting next_dagrun for weather_data_pipeline to 2026-04-22 06:00:00+00:00, run_after=2026-04-23 06:00:00+00:00
[2026-04-24T05:18:44.918+0000] {processor.py:183} INFO - Processing /opt/airflow/dags/weather_pipeline_dag.py took 1.384 seconds
[2026-04-24T05:19:17.937+0000] {processor.py:161} INFO - Started process (PID=507) to work on /opt/airflow/dags/weather_pipeline_dag.py
[2026-04-24T05:19:18.046+0000] {processor.py:830} INFO - Processing file /opt/airflow/dags/weather_pipeline_dag.py for tasks to queue
[2026-04-24T05:19:18.139+0000] {logging_mixin.py:188} INFO - [2026-04-24T05:19:18.137+0000] {dagbag.py:538} INFO - Filling up the DagBag from /opt/airflow/dags/weather_pipeline_dag.py
[2026-04-24T05:19:20.603+0000] {processor.py:840} INFO - DAG(s) 'weather_data_pipeline' retrieved from /opt/airflow/dags/weather_pipeline_dag.py
[2026-04-24T05:19:21.564+0000] {logging_mixin.py:188} INFO - [2026-04-24T05:19:21.559+0000] {dag.py:3036} INFO - Sync 1 DAGs
[2026-04-24T05:19:22.383+0000] {logging_mixin.py:188} INFO - [2026-04-24T05:19:22.381+0000] {dag.py:3823} INFO - Setting next_dagrun for weather_data_pipeline to 2026-04-22 06:00:00+00:00, run_after=2026-04-23 06:00:00+00:00
[2026-04-24T05:19:23.041+0000] {processor.py:183} INFO - Processing /opt/airflow/dags/weather_pipeline_dag.py took 5.227 seconds
[2026-04-24T05:19:53.871+0000] {processor.py:161} INFO - Started process (PID=518) to work on /opt/airflow/dags/weather_pipeline_dag.py
[2026-04-24T05:19:53.944+0000] {processor.py:830} INFO - Processing file /opt/airflow/dags/weather_pipeline_dag.py for tasks to queue
[2026-04-24T05:19:54.046+0000] {logging_mixin.py:188} INFO - [2026-04-24T05:19:54.013+0000] {dagbag.py:538} INFO - Filling up the DagBag from /opt/airflow/dags/weather_pipeline_dag.py
[2026-04-24T05:19:54.342+0000] {processor.py:840} INFO - DAG(s) 'weather_data_pipeline' retrieved from /opt/airflow/dags/weather_pipeline_dag.py
[2026-04-24T05:19:54.631+0000] {logging_mixin.py:188} INFO - [2026-04-24T05:19:54.630+0000] {dag.py:3036} INFO - Sync 1 DAGs
[2026-04-24T05:19:54.840+0000] {logging_mixin.py:188} INFO - [2026-04-24T05:19:54.835+0000] {dag.py:3823} INFO - Setting next_dagrun for weather_data_pipeline to 2026-04-22 06:00:00+00:00, run_after=2026-04-23 06:00:00+00:00
[2026-04-24T05:19:55.027+0000] {processor.py:183} INFO - Processing /opt/airflow/dags/weather_pipeline_dag.py took 1.236 seconds
[2026-04-24T05:20:25.751+0000] {processor.py:161} INFO - Started process (PID=529) to work on /opt/airflow/dags/weather_pipeline_dag.py
[2026-04-24T05:20:25.763+0000] {processor.py:830} INFO - Processing file /opt/airflow/dags/weather_pipeline_dag.py for tasks to queue
[2026-04-24T05:20:25.774+0000] {logging_mixin.py:188} INFO - [2026-04-24T05:20:25.771+0000] {dagbag.py:538} INFO - Filling up the DagBag from /opt/airflow/dags/weather_pipeline_dag.py
[2026-04-24T05:20:26.322+0000] {processor.py:840} INFO - DAG(s) 'weather_data_pipeline' retrieved from /opt/airflow/dags/weather_pipeline_dag.py
[2026-04-24T05:20:27.053+0000] {logging_mixin.py:188} INFO - [2026-04-24T05:20:27.051+0000] {dag.py:3036} INFO - Sync 1 DAGs
[2026-04-24T05:20:27.988+0000] {logging_mixin.py:188} INFO - [2026-04-24T05:20:27.986+0000] {dag.py:3823} INFO - Setting next_dagrun for weather_data_pipeline to 2026-04-22 06:00:00+00:00, run_after=2026-04-23 06:00:00+00:00
[2026-04-24T05:20:28.709+0000] {processor.py:183} INFO - Processing /opt/airflow/dags/weather_pipeline_dag.py took 2.998 seconds
[2026-04-24T05:20:59.474+0000] {processor.py:161} INFO - Started process (PID=539) to work on /opt/airflow/dags/weather_pipeline_dag.py
[2026-04-24T05:20:59.483+0000] {processor.py:830} INFO - Processing file /opt/airflow/dags/weather_pipeline_dag.py for tasks to queue
[2026-04-24T05:20:59.490+0000] {logging_mixin.py:188} INFO - [2026-04-24T05:20:59.489+0000] {dagbag.py:538} INFO - Filling up the DagBag from /opt/airflow/dags/weather_pipeline_dag.py
[2026-04-24T05:20:59.745+0000] {processor.py:840} INFO - DAG(s) 'weather_data_pipeline' retrieved from /opt/airflow/dags/weather_pipeline_dag.py
[2026-04-24T05:21:00.036+0000] {logging_mixin.py:188} INFO - [2026-04-24T05:21:00.034+0000] {dag.py:3036} INFO - Sync 1 DAGs
[2026-04-24T05:21:00.305+0000] {logging_mixin.py:188} INFO - [2026-04-24T05:21:00.303+0000] {dag.py:3823} INFO - Setting next_dagrun for weather_data_pipeline to 2026-04-22 06:00:00+00:00, run_after=2026-04-23 06:00:00+00:00
[2026-04-24T05:21:00.766+0000] {processor.py:183} INFO - Processing /opt/airflow/dags/weather_pipeline_dag.py took 1.316 seconds
[2026-04-24T05:21:31.611+0000] {processor.py:161} INFO - Started process (PID=556) to work on /opt/airflow/dags/weather_pipeline_dag.py
[2026-04-24T05:21:31.623+0000] {processor.py:830} INFO - Processing file /opt/airflow/dags/weather_pipeline_dag.py for tasks to queue
[2026-04-24T05:21:31.638+0000] {logging_mixin.py:188} INFO - [2026-04-24T05:21:31.632+0000] {dagbag.py:538} INFO - Filling up the DagBag from /opt/airflow/dags/weather_pipeline_dag.py
[2026-04-24T05:21:33.001+0000] {processor.py:840} INFO - DAG(s) 'weather_data_pipeline' retrieved from /opt/airflow/dags/weather_pipeline_dag.py
[2026-04-24T05:21:33.569+0000] {logging_mixin.py:188} INFO - [2026-04-24T05:21:33.567+0000] {dag.py:3036} INFO - Sync 1 DAGs
[2026-04-24T05:21:34.144+0000] {logging_mixin.py:188} INFO - [2026-04-24T05:21:34.133+0000] {dag.py:3823} INFO - Setting next_dagrun for weather_data_pipeline to 2026-04-22 06:00:00+00:00, run_after=2026-04-23 06:00:00+00:00
[2026-04-24T05:21:34.522+0000] {processor.py:183} INFO - Processing /opt/airflow/dags/weather_pipeline_dag.py took 2.954 seconds
[2026-04-24T05:22:05.932+0000] {processor.py:161} INFO - Started process (PID=567) to work on /opt/airflow/dags/weather_pipeline_dag.py
[2026-04-24T05:22:06.040+0000] {processor.py:830} INFO - Processing file /opt/airflow/dags/weather_pipeline_dag.py for tasks to queue
[2026-04-24T05:22:06.086+0000] {logging_mixin.py:188} INFO - [2026-04-24T05:22:06.053+0000] {dagbag.py:538} INFO - Filling up the DagBag from /opt/airflow/dags/weather_pipeline_dag.py
[2026-04-24T05:22:07.085+0000] {processor.py:840} INFO - DAG(s) 'weather_data_pipeline' retrieved from /opt/airflow/dags/weather_pipeline_dag.py
[2026-04-24T05:22:07.492+0000] {logging_mixin.py:188} INFO - [2026-04-24T05:22:07.489+0000] {dag.py:3036} INFO - Sync 1 DAGs
[2026-04-24T05:22:07.974+0000] {logging_mixin.py:188} INFO - [2026-04-24T05:22:07.965+0000] {dag.py:3823} INFO - Setting next_dagrun for weather_data_pipeline to 2026-04-22 06:00:00+00:00, run_after=2026-04-23 06:00:00+00:00
[2026-04-24T05:22:08.280+0000] {processor.py:183} INFO - Processing /opt/airflow/dags/weather_pipeline_dag.py took 2.455 seconds
[2026-04-24T05:22:39.337+0000] {processor.py:161} INFO - Started process (PID=578) to work on /opt/airflow/dags/weather_pipeline_dag.py
[2026-04-24T05:22:39.344+0000] {processor.py:830} INFO - Processing file /opt/airflow/dags/weather_pipeline_dag.py for tasks to queue
[2026-04-24T05:22:39.351+0000] {logging_mixin.py:188} INFO - [2026-04-24T05:22:39.349+0000] {dagbag.py:538} INFO - Filling up the DagBag from /opt/airflow/dags/weather_pipeline_dag.py
[2026-04-24T05:22:39.592+0000] {processor.py:840} INFO - DAG(s) 'weather_data_pipeline' retrieved from /opt/airflow/dags/weather_pipeline_dag.py
[2026-04-24T05:22:39.817+0000] {logging_mixin.py:188} INFO - [2026-04-24T05:22:39.815+0000] {dag.py:3036} INFO - Sync 1 DAGs
[2026-04-24T05:22:40.014+0000] {logging_mixin.py:188} INFO - [2026-04-24T05:22:40.013+0000] {dag.py:3823} INFO - Setting next_dagrun for weather_data_pipeline to 2026-04-22 06:00:00+00:00, run_after=2026-04-23 06:00:00+00:00
[2026-04-24T05:22:40.162+0000] {processor.py:183} INFO - Processing /opt/airflow/dags/weather_pipeline_dag.py took 0.848 seconds
[2026-04-24T05:23:11.147+0000] {processor.py:161} INFO - Started process (PID=589) to work on /opt/airflow/dags/weather_pipeline_dag.py
[2026-04-24T05:23:11.169+0000] {processor.py:830} INFO - Processing file /opt/airflow/dags/weather_pipeline_dag.py for tasks to queue
[2026-04-24T05:23:11.241+0000] {logging_mixin.py:188} INFO - [2026-04-24T05:23:11.208+0000] {dagbag.py:538} INFO - Filling up the DagBag from /opt/airflow/dags/weather_pipeline_dag.py
[2026-04-24T05:23:11.877+0000] {processor.py:840} INFO - DAG(s) 'weather_data_pipeline' retrieved from /opt/airflow/dags/weather_pipeline_dag.py
[2026-04-24T05:23:12.576+0000] {logging_mixin.py:188} INFO - [2026-04-24T05:23:12.572+0000] {dag.py:3036} INFO - Sync 1 DAGs
[2026-04-24T05:23:13.150+0000] {logging_mixin.py:188} INFO - [2026-04-24T05:23:13.148+0000] {dag.py:3823} INFO - Setting next_dagrun for weather_data_pipeline to 2026-04-22 06:00:00+00:00, run_after=2026-04-23 06:00:00+00:00
[2026-04-24T05:23:13.326+0000] {processor.py:183} INFO - Processing /opt/airflow/dags/weather_pipeline_dag.py took 2.243 seconds
[2026-04-24T05:23:44.300+0000] {processor.py:161} INFO - Started process (PID=600) to work on /opt/airflow/dags/weather_pipeline_dag.py
[2026-04-24T05:23:44.312+0000] {processor.py:830} INFO - Processing file /opt/airflow/dags/weather_pipeline_dag.py for tasks to queue
[2026-04-24T05:23:44.325+0000] {logging_mixin.py:188} INFO - [2026-04-24T05:23:44.322+0000] {dagbag.py:538} INFO - Filling up the DagBag from /opt/airflow/dags/weather_pipeline_dag.py
[2026-04-24T05:23:44.745+0000] {processor.py:840} INFO - DAG(s) 'weather_data_pipeline' retrieved from /opt/airflow/dags/weather_pipeline_dag.py
[2026-04-24T05:23:45.500+0000] {logging_mixin.py:188} INFO - [2026-04-24T05:23:45.498+0000] {dag.py:3036} INFO - Sync 1 DAGs
[2026-04-24T05:23:46.384+0000] {logging_mixin.py:188} INFO - [2026-04-24T05:23:46.370+0000] {dag.py:3823} INFO - Setting next_dagrun for weather_data_pipeline to 2026-04-22 06:00:00+00:00, run_after=2026-04-23 06:00:00+00:00
[2026-04-24T05:23:47.043+0000] {processor.py:183} INFO - Processing /opt/airflow/dags/weather_pipeline_dag.py took 2.803 seconds
[2026-04-24T05:24:19.262+0000] {processor.py:161} INFO - Started process (PID=611) to work on /opt/airflow/dags/weather_pipeline_dag.py
[2026-04-24T05:24:19.306+0000] {processor.py:830} INFO - Processing file /opt/airflow/dags/weather_pipeline_dag.py for tasks to queue
[2026-04-24T05:24:19.374+0000] {logging_mixin.py:188} INFO - [2026-04-24T05:24:19.344+0000] {dagbag.py:538} INFO - Filling up the DagBag from /opt/airflow/dags/weather_pipeline_dag.py
[2026-04-24T05:24:24.803+0000] {processor.py:840} INFO - DAG(s) 'weather_data_pipeline' retrieved from /opt/airflow/dags/weather_pipeline_dag.py
[2026-04-24T05:24:23.319+0000] {logging_mixin.py:188} INFO - [2026-04-24T05:24:23.317+0000] {dag.py:3036} INFO - Sync 1 DAGs
[2026-04-24T05:24:24.210+0000] {logging_mixin.py:188} INFO - [2026-04-24T05:24:24.196+0000] {dag.py:3823} INFO - Setting next_dagrun for weather_data_pipeline to 2026-04-22 06:00:00+00:00, run_after=2026-04-23 06:00:00+00:00
[2026-04-24T05:24:24.682+0000] {processor.py:183} INFO - Processing /opt/airflow/dags/weather_pipeline_dag.py took 8.322 seconds
[2026-04-24T05:24:56.577+0000] {processor.py:161} INFO - Started process (PID=629) to work on /opt/airflow/dags/weather_pipeline_dag.py
[2026-04-24T05:24:56.634+0000] {processor.py:830} INFO - Processing file /opt/airflow/dags/weather_pipeline_dag.py for tasks to queue
[2026-04-24T05:24:56.663+0000] {logging_mixin.py:188} INFO - [2026-04-24T05:24:56.647+0000] {dagbag.py:538} INFO - Filling up the DagBag from /opt/airflow/dags/weather_pipeline_dag.py
[2026-04-24T05:24:57.642+0000] {processor.py:840} INFO - DAG(s) 'weather_data_pipeline' retrieved from /opt/airflow/dags/weather_pipeline_dag.py
[2026-04-24T05:24:58.353+0000] {logging_mixin.py:188} INFO - [2026-04-24T05:24:58.351+0000] {dag.py:3036} INFO - Sync 1 DAGs
[2026-04-24T05:24:59.047+0000] {logging_mixin.py:188} INFO - [2026-04-24T05:24:59.045+0000] {dag.py:3823} INFO - Setting next_dagrun for weather_data_pipeline to 2026-04-22 06:00:00+00:00, run_after=2026-04-23 06:00:00+00:00
[2026-04-24T05:24:59.425+0000] {processor.py:183} INFO - Processing /opt/airflow/dags/weather_pipeline_dag.py took 2.924 seconds
[2026-04-24T05:25:30.549+0000] {processor.py:161} INFO - Started process (PID=640) to work on /opt/airflow/dags/weather_pipeline_dag.py
[2026-04-24T05:25:30.569+0000] {processor.py:830} INFO - Processing file /opt/airflow/dags/weather_pipeline_dag.py for tasks to queue
[2026-04-24T05:25:30.598+0000] {logging_mixin.py:188} INFO - [2026-04-24T05:25:30.583+0000] {dagbag.py:538} INFO - Filling up the DagBag from /opt/airflow/dags/weather_pipeline_dag.py
[2026-04-24T05:25:31.902+0000] {processor.py:840} INFO - DAG(s) 'weather_data_pipeline' retrieved from /opt/airflow/dags/weather_pipeline_dag.py
[2026-04-24T05:25:32.480+0000] {logging_mixin.py:188} INFO - [2026-04-24T05:25:32.468+0000] {dag.py:3036} INFO - Sync 1 DAGs
[2026-04-24T05:25:32.936+0000] {logging_mixin.py:188} INFO - [2026-04-24T05:25:32.934+0000] {dag.py:3823} INFO - Setting next_dagrun for weather_data_pipeline to 2026-04-22 06:00:00+00:00, run_after=2026-04-23 06:00:00+00:00
[2026-04-24T05:25:33.481+0000] {processor.py:183} INFO - Processing /opt/airflow/dags/weather_pipeline_dag.py took 2.976 seconds
[2026-04-24T05:26:05.312+0000] {processor.py:161} INFO - Started process (PID=651) to work on /opt/airflow/dags/weather_pipeline_dag.py
[2026-04-24T05:26:05.348+0000] {processor.py:830} INFO - Processing file /opt/airflow/dags/weather_pipeline_dag.py for tasks to queue
[2026-04-24T05:26:05.427+0000] {logging_mixin.py:188} INFO - [2026-04-24T05:26:05.409+0000] {dagbag.py:538} INFO - Filling up the DagBag from /opt/airflow/dags/weather_pipeline_dag.py
[2026-04-24T05:26:06.345+0000] {processor.py:840} INFO - DAG(s) 'weather_data_pipeline' retrieved from /opt/airflow/dags/weather_pipeline_dag.py
[2026-04-24T05:26:06.671+0000] {logging_mixin.py:188} INFO - [2026-04-24T05:26:06.669+0000] {dag.py:3036} INFO - Sync 1 DAGs
[2026-04-24T05:26:07.114+0000] {logging_mixin.py:188} INFO - [2026-04-24T05:26:07.112+0000] {dag.py:3823} INFO - Setting next_dagrun for weather_data_pipeline to 2026-04-22 06:00:00+00:00, run_after=2026-04-23 06:00:00+00:00
[2026-04-24T05:26:07.483+0000] {processor.py:183} INFO - Processing /opt/airflow/dags/weather_pipeline_dag.py took 2.257 seconds
[2026-04-24T05:26:41.419+0000] {processor.py:161} INFO - Started process (PID=662) to work on /opt/airflow/dags/weather_pipeline_dag.py
[2026-04-24T05:26:41.462+0000] {processor.py:830} INFO - Processing file /opt/airflow/dags/weather_pipeline_dag.py for tasks to queue
[2026-04-24T05:26:41.501+0000] {logging_mixin.py:188} INFO - [2026-04-24T05:26:41.499+0000] {dagbag.py:538} INFO - Filling up the DagBag from /opt/airflow/dags/weather_pipeline_dag.py
[2026-04-24T05:26:41.993+0000] {processor.py:840} INFO - DAG(s) 'weather_data_pipeline' retrieved from /opt/airflow/dags/weather_pipeline_dag.py
[2026-04-24T05:26:43.136+0000] {logging_mixin.py:188} INFO - [2026-04-24T05:26:43.135+0000] {dag.py:3036} INFO - Sync 1 DAGs
[2026-04-24T05:26:44.441+0000] {logging_mixin.py:188} INFO - [2026-04-24T05:26:44.439+0000] {dag.py:3823} INFO - Setting next_dagrun for weather_data_pipeline to 2026-04-22 06:00:00+00:00, run_after=2026-04-23 06:00:00+00:00
[2026-04-24T05:26:45.110+0000] {processor.py:183} INFO - Processing /opt/airflow/dags/weather_pipeline_dag.py took 6.291 seconds
[2026-04-24T05:27:16.786+0000] {processor.py:161} INFO - Started process (PID=678) to work on /opt/airflow/dags/weather_pipeline_dag.py
[2026-04-24T05:27:16.904+0000] {processor.py:830} INFO - Processing file /opt/airflow/dags/weather_pipeline_dag.py for tasks to queue
[2026-04-24T05:27:17.008+0000] {logging_mixin.py:188} INFO - [2026-04-24T05:27:16.995+0000] {dagbag.py:538} INFO - Filling up the DagBag from /opt/airflow/dags/weather_pipeline_dag.py
[2026-04-24T05:27:18.919+0000] {processor.py:840} INFO - DAG(s) 'weather_data_pipeline' retrieved from /opt/airflow/dags/weather_pipeline_dag.py
[2026-04-24T05:27:19.963+0000] {logging_mixin.py:188} INFO - [2026-04-24T05:27:19.961+0000] {dag.py:3036} INFO - Sync 1 DAGs
[2026-04-24T05:27:20.852+0000] {logging_mixin.py:188} INFO - [2026-04-24T05:27:20.838+0000] {dag.py:3823} INFO - Setting next_dagrun for weather_data_pipeline to 2026-04-22 06:00:00+00:00, run_after=2026-04-23 06:00:00+00:00
[2026-04-24T05:27:21.546+0000] {processor.py:183} INFO - Processing /opt/airflow/dags/weather_pipeline_dag.py took 4.899 seconds
[2026-04-24T05:27:53.027+0000] {processor.py:161} INFO - Started process (PID=689) to work on /opt/airflow/dags/weather_pipeline_dag.py
[2026-04-24T05:27:53.082+0000] {processor.py:830} INFO - Processing file /opt/airflow/dags/weather_pipeline_dag.py for tasks to queue
[2026-04-24T05:27:53.122+0000] {logging_mixin.py:188} INFO - [2026-04-24T05:27:53.104+0000] {dagbag.py:538} INFO - Filling up the DagBag from /opt/airflow/dags/weather_pipeline_dag.py
[2026-04-24T05:27:53.822+0000] {processor.py:840} INFO - DAG(s) 'weather_data_pipeline' retrieved from /opt/airflow/dags/weather_pipeline_dag.py
[2026-04-24T05:27:54.530+0000] {logging_mixin.py:188} INFO - [2026-04-24T05:27:54.526+0000] {dag.py:3036} INFO - Sync 1 DAGs
[2026-04-24T05:27:55.105+0000] {logging_mixin.py:188} INFO - [2026-04-24T05:27:55.103+0000] {dag.py:3823} INFO - Setting next_dagrun for weather_data_pipeline to 2026-04-22 06:00:00+00:00, run_after=2026-04-23 06:00:00+00:00
[2026-04-24T05:27:55.520+0000] {processor.py:183} INFO - Processing /opt/airflow/dags/weather_pipeline_dag.py took 2.578 seconds
[2026-04-24T05:28:26.747+0000] {processor.py:161} INFO - Started process (PID=700) to work on /opt/airflow/dags/weather_pipeline_dag.py
[2026-04-24T05:28:26.794+0000] {processor.py:830} INFO - Processing file /opt/airflow/dags/weather_pipeline_dag.py for tasks to queue
[2026-04-24T05:28:26.829+0000] {logging_mixin.py:188} INFO - [2026-04-24T05:28:26.814+0000] {dagbag.py:538} INFO - Filling up the DagBag from /opt/airflow/dags/weather_pipeline_dag.py
[2026-04-24T05:28:30.331+0000] {processor.py:840} INFO - DAG(s) 'weather_data_pipeline' retrieved from /opt/airflow/dags/weather_pipeline_dag.py
[2026-04-24T05:28:31.493+0000] {logging_mixin.py:188} INFO - [2026-04-24T05:28:31.490+0000] {dag.py:3036} INFO - Sync 1 DAGs
[2026-04-24T05:28:29.718+0000] {logging_mixin.py:188} INFO - [2026-04-24T05:28:29.716+0000] {dag.py:3823} INFO - Setting next_dagrun for weather_data_pipeline to 2026-04-22 06:00:00+00:00, run_after=2026-04-23 06:00:00+00:00
[2026-04-24T05:28:30.206+0000] {processor.py:183} INFO - Processing /opt/airflow/dags/weather_pipeline_dag.py took 6.331 seconds
[2026-04-24T05:29:04.086+0000] {processor.py:161} INFO - Started process (PID=711) to work on /opt/airflow/dags/weather_pipeline_dag.py
[2026-04-24T05:29:04.169+0000] {processor.py:830} INFO - Processing file /opt/airflow/dags/weather_pipeline_dag.py for tasks to queue
[2026-04-24T05:29:04.208+0000] {logging_mixin.py:188} INFO - [2026-04-24T05:29:04.198+0000] {dagbag.py:538} INFO - Filling up the DagBag from /opt/airflow/dags/weather_pipeline_dag.py
[2026-04-24T05:29:05.156+0000] {processor.py:840} INFO - DAG(s) 'weather_data_pipeline' retrieved from /opt/airflow/dags/weather_pipeline_dag.py
[2026-04-24T05:29:06.119+0000] {logging_mixin.py:188} INFO - [2026-04-24T05:29:06.105+0000] {dag.py:3036} INFO - Sync 1 DAGs
[2026-04-24T05:29:06.721+0000] {logging_mixin.py:188} INFO - [2026-04-24T05:29:06.718+0000] {dag.py:3823} INFO - Setting next_dagrun for weather_data_pipeline to 2026-04-22 06:00:00+00:00, run_after=2026-04-23 06:00:00+00:00
[2026-04-24T05:29:07.005+0000] {processor.py:183} INFO - Processing /opt/airflow/dags/weather_pipeline_dag.py took 3.118 seconds
[2026-04-24T05:29:39.615+0000] {processor.py:161} INFO - Started process (PID=728) to work on /opt/airflow/dags/weather_pipeline_dag.py
[2026-04-24T05:29:39.670+0000] {processor.py:830} INFO - Processing file /opt/airflow/dags/weather_pipeline_dag.py for tasks to queue
[2026-04-24T05:29:39.739+0000] {logging_mixin.py:188} INFO - [2026-04-24T05:29:39.723+0000] {dagbag.py:538} INFO - Filling up the DagBag from /opt/airflow/dags/weather_pipeline_dag.py
[2026-04-24T05:29:40.743+0000] {processor.py:840} INFO - DAG(s) 'weather_data_pipeline' retrieved from /opt/airflow/dags/weather_pipeline_dag.py
[2026-04-24T05:29:41.686+0000] {logging_mixin.py:188} INFO - [2026-04-24T05:29:41.684+0000] {dag.py:3036} INFO - Sync 1 DAGs
[2026-04-24T05:29:42.517+0000] {logging_mixin.py:188} INFO - [2026-04-24T05:29:42.515+0000] {dag.py:3823} INFO - Setting next_dagrun for weather_data_pipeline to 2026-04-22 06:00:00+00:00, run_after=2026-04-23 06:00:00+00:00
[2026-04-24T05:29:43.007+0000] {processor.py:183} INFO - Processing /opt/airflow/dags/weather_pipeline_dag.py took 3.520 seconds
[2026-04-24T05:30:15.952+0000] {processor.py:161} INFO - Started process (PID=739) to work on /opt/airflow/dags/weather_pipeline_dag.py
[2026-04-24T05:30:16.030+0000] {processor.py:830} INFO - Processing file /opt/airflow/dags/weather_pipeline_dag.py for tasks to queue
[2026-04-24T05:30:16.100+0000] {logging_mixin.py:188} INFO - [2026-04-24T05:30:16.084+0000] {dagbag.py:538} INFO - Filling up the DagBag from /opt/airflow/dags/weather_pipeline_dag.py
[2026-04-24T05:30:18.039+0000] {processor.py:840} INFO - DAG(s) 'weather_data_pipeline' retrieved from /opt/airflow/dags/weather_pipeline_dag.py
[2026-04-24T05:30:19.286+0000] {logging_mixin.py:188} INFO - [2026-04-24T05:30:19.284+0000] {dag.py:3036} INFO - Sync 1 DAGs
[2026-04-24T05:30:19.987+0000] {logging_mixin.py:188} INFO - [2026-04-24T05:30:19.983+0000] {dag.py:3823} INFO - Setting next_dagrun for weather_data_pipeline to 2026-04-22 06:00:00+00:00, run_after=2026-04-23 06:00:00+00:00
[2026-04-24T05:30:20.462+0000] {processor.py:183} INFO - Processing /opt/airflow/dags/weather_pipeline_dag.py took 4.643 seconds
[2026-04-24T05:30:53.278+0000] {processor.py:161} INFO - Started process (PID=750) to work on /opt/airflow/dags/weather_pipeline_dag.py
[2026-04-24T05:30:53.495+0000] {processor.py:830} INFO - Processing file /opt/airflow/dags/weather_pipeline_dag.py for tasks to queue
[2026-04-24T05:30:53.589+0000] {logging_mixin.py:188} INFO - [2026-04-24T05:30:53.568+0000] {dagbag.py:538} INFO - Filling up the DagBag from /opt/airflow/dags/weather_pipeline_dag.py
[2026-04-24T05:30:54.276+0000] {processor.py:840} INFO - DAG(s) 'weather_data_pipeline' retrieved from /opt/airflow/dags/weather_pipeline_dag.py
[2026-04-24T05:30:54.553+0000] {logging_mixin.py:188} INFO - [2026-04-24T05:30:54.552+0000] {dag.py:3036} INFO - Sync 1 DAGs
[2026-04-24T05:30:55.034+0000] {logging_mixin.py:188} INFO - [2026-04-24T05:30:55.032+0000] {dag.py:3823} INFO - Setting next_dagrun for weather_data_pipeline to 2026-04-22 06:00:00+00:00, run_after=2026-04-23 06:00:00+00:00
[2026-04-24T05:30:55.258+0000] {processor.py:183} INFO - Processing /opt/airflow/dags/weather_pipeline_dag.py took 2.155 seconds
[2026-04-24T05:31:26.370+0000] {processor.py:161} INFO - Started process (PID=761) to work on /opt/airflow/dags/weather_pipeline_dag.py
[2026-04-24T05:31:26.380+0000] {processor.py:830} INFO - Processing file /opt/airflow/dags/weather_pipeline_dag.py for tasks to queue
[2026-04-24T05:31:26.392+0000] {logging_mixin.py:188} INFO - [2026-04-24T05:31:26.387+0000] {dagbag.py:538} INFO - Filling up the DagBag from /opt/airflow/dags/weather_pipeline_dag.py
[2026-04-24T05:31:26.811+0000] {processor.py:840} INFO - DAG(s) 'weather_data_pipeline' retrieved from /opt/airflow/dags/weather_pipeline_dag.py
[2026-04-24T05:31:27.977+0000] {logging_mixin.py:188} INFO - [2026-04-24T05:31:27.975+0000] {dag.py:3036} INFO - Sync 1 DAGs
[2026-04-24T05:31:28.750+0000] {logging_mixin.py:188} INFO - [2026-04-24T05:31:28.748+0000] {dag.py:3823} INFO - Setting next_dagrun for weather_data_pipeline to 2026-04-22 06:00:00+00:00, run_after=2026-04-23 06:00:00+00:00
[2026-04-24T05:31:29.427+0000] {processor.py:183} INFO - Processing /opt/airflow/dags/weather_pipeline_dag.py took 3.105 seconds
[2026-04-24T05:32:00.169+0000] {processor.py:161} INFO - Started process (PID=777) to work on /opt/airflow/dags/weather_pipeline_dag.py
[2026-04-24T05:32:00.178+0000] {processor.py:830} INFO - Processing file /opt/airflow/dags/weather_pipeline_dag.py for tasks to queue
[2026-04-24T05:32:00.187+0000] {logging_mixin.py:188} INFO - [2026-04-24T05:32:00.185+0000] {dagbag.py:538} INFO - Filling up the DagBag from /opt/airflow/dags/weather_pipeline_dag.py
[2026-04-24T05:32:00.424+0000] {processor.py:840} INFO - DAG(s) 'weather_data_pipeline' retrieved from /opt/airflow/dags/weather_pipeline_dag.py
[2026-04-24T05:32:00.666+0000] {logging_mixin.py:188} INFO - [2026-04-24T05:32:00.664+0000] {dag.py:3036} INFO - Sync 1 DAGs
[2026-04-24T05:32:00.872+0000] {logging_mixin.py:188} INFO - [2026-04-24T05:32:00.870+0000] {dag.py:3823} INFO - Setting next_dagrun for weather_data_pipeline to 2026-04-22 06:00:00+00:00, run_after=2026-04-23 06:00:00+00:00
[2026-04-24T05:32:01.030+0000] {processor.py:183} INFO - Processing /opt/airflow/dags/weather_pipeline_dag.py took 0.897 seconds
[2026-04-24T05:32:32.309+0000] {processor.py:161} INFO - Started process (PID=788) to work on /opt/airflow/dags/weather_pipeline_dag.py
[2026-04-24T05:32:32.328+0000] {processor.py:830} INFO - Processing file /opt/airflow/dags/weather_pipeline_dag.py for tasks to queue
[2026-04-24T05:32:32.343+0000] {logging_mixin.py:188} INFO - [2026-04-24T05:32:32.341+0000] {dagbag.py:538} INFO - Filling up the DagBag from /opt/airflow/dags/weather_pipeline_dag.py
[2026-04-24T05:32:32.682+0000] {processor.py:840} INFO - DAG(s) 'weather_data_pipeline' retrieved from /opt/airflow/dags/weather_pipeline_dag.py
[2026-04-24T05:32:33.247+0000] {logging_mixin.py:188} INFO - [2026-04-24T05:32:33.245+0000] {dag.py:3036} INFO - Sync 1 DAGs
[2026-04-24T05:32:33.881+0000] {logging_mixin.py:188} INFO - [2026-04-24T05:32:33.872+0000] {dag.py:3823} INFO - Setting next_dagrun for weather_data_pipeline to 2026-04-22 06:00:00+00:00, run_after=2026-04-23 06:00:00+00:00
[2026-04-24T05:32:34.329+0000] {processor.py:183} INFO - Processing /opt/airflow/dags/weather_pipeline_dag.py took 2.117 seconds
[2026-04-24T05:33:05.566+0000] {processor.py:161} INFO - Started process (PID=799) to work on /opt/airflow/dags/weather_pipeline_dag.py
[2026-04-24T05:33:05.595+0000] {processor.py:830} INFO - Processing file /opt/airflow/dags/weather_pipeline_dag.py for tasks to queue
[2026-04-24T05:33:05.617+0000] {logging_mixin.py:188} INFO - [2026-04-24T05:33:05.603+0000] {dagbag.py:538} INFO - Filling up the DagBag from /opt/airflow/dags/weather_pipeline_dag.py
[2026-04-24T05:33:06.312+0000] {processor.py:840} INFO - DAG(s) 'weather_data_pipeline' retrieved from /opt/airflow/dags/weather_pipeline_dag.py
[2026-04-24T05:33:04.448+0000] {logging_mixin.py:188} INFO - [2026-04-24T05:33:04.446+0000] {dag.py:3036} INFO - Sync 1 DAGs
[2026-04-24T05:33:05.229+0000] {logging_mixin.py:188} INFO - [2026-04-24T05:33:05.215+0000] {dag.py:3823} INFO - Setting next_dagrun for weather_data_pipeline to 2026-04-22 06:00:00+00:00, run_after=2026-04-23 06:00:00+00:00
[2026-04-24T05:33:05.802+0000] {processor.py:183} INFO - Processing /opt/airflow/dags/weather_pipeline_dag.py took 3.268 seconds
[2026-04-24T05:33:39.353+0000] {processor.py:161} INFO - Started process (PID=810) to work on /opt/airflow/dags/weather_pipeline_dag.py
[2026-04-24T05:33:39.431+0000] {processor.py:830} INFO - Processing file /opt/airflow/dags/weather_pipeline_dag.py for tasks to queue
[2026-04-24T05:33:39.468+0000] {logging_mixin.py:188} INFO - [2026-04-24T05:33:39.460+0000] {dagbag.py:538} INFO - Filling up the DagBag from /opt/airflow/dags/weather_pipeline_dag.py
[2026-04-24T05:33:40.335+0000] {processor.py:840} INFO - DAG(s) 'weather_data_pipeline' retrieved from /opt/airflow/dags/weather_pipeline_dag.py
[2026-04-24T05:33:41.108+0000] {logging_mixin.py:188} INFO - [2026-04-24T05:33:41.094+0000] {dag.py:3036} INFO - Sync 1 DAGs
[2026-04-24T05:33:42.046+0000] {logging_mixin.py:188} INFO - [2026-04-24T05:33:42.044+0000] {dag.py:3823} INFO - Setting next_dagrun for weather_data_pipeline to 2026-04-22 06:00:00+00:00, run_after=2026-04-23 06:00:00+00:00
[2026-04-24T05:33:42.531+0000] {processor.py:183} INFO - Processing /opt/airflow/dags/weather_pipeline_dag.py took 3.405 seconds
[2026-04-24T05:34:15.124+0000] {processor.py:161} INFO - Started process (PID=821) to work on /opt/airflow/dags/weather_pipeline_dag.py
[2026-04-24T05:34:15.148+0000] {processor.py:830} INFO - Processing file /opt/airflow/dags/weather_pipeline_dag.py for tasks to queue
[2026-04-24T05:34:15.169+0000] {logging_mixin.py:188} INFO - [2026-04-24T05:34:15.158+0000] {dagbag.py:538} INFO - Filling up the DagBag from /opt/airflow/dags/weather_pipeline_dag.py
[2026-04-24T05:34:15.917+0000] {processor.py:840} INFO - DAG(s) 'weather_data_pipeline' retrieved from /opt/airflow/dags/weather_pipeline_dag.py
[2026-04-24T05:34:16.814+0000] {logging_mixin.py:188} INFO - [2026-04-24T05:34:16.766+0000] {dag.py:3036} INFO - Sync 1 DAGs
[2026-04-24T05:34:18.216+0000] {logging_mixin.py:188} INFO - [2026-04-24T05:34:18.203+0000] {dag.py:3823} INFO - Setting next_dagrun for weather_data_pipeline to 2026-04-22 06:00:00+00:00, run_after=2026-04-23 06:00:00+00:00
[2026-04-24T05:34:18.822+0000] {processor.py:183} INFO - Processing /opt/airflow/dags/weather_pipeline_dag.py took 3.771 seconds
[2026-04-24T05:34:50.192+0000] {processor.py:161} INFO - Started process (PID=832) to work on /opt/airflow/dags/weather_pipeline_dag.py
[2026-04-24T05:34:50.202+0000] {processor.py:830} INFO - Processing file /opt/airflow/dags/weather_pipeline_dag.py for tasks to queue
[2026-04-24T05:34:50.215+0000] {logging_mixin.py:188} INFO - [2026-04-24T05:34:50.210+0000] {dagbag.py:538} INFO - Filling up the DagBag from /opt/airflow/dags/weather_pipeline_dag.py
[2026-04-24T05:34:50.624+0000] {processor.py:840} INFO - DAG(s) 'weather_data_pipeline' retrieved from /opt/airflow/dags/weather_pipeline_dag.py
[2026-04-24T05:34:51.102+0000] {logging_mixin.py:188} INFO - [2026-04-24T05:34:51.100+0000] {dag.py:3036} INFO - Sync 1 DAGs
[2026-04-24T05:34:51.545+0000] {logging_mixin.py:188} INFO - [2026-04-24T05:34:51.544+0000] {dag.py:3823} INFO - Setting next_dagrun for weather_data_pipeline to 2026-04-22 06:00:00+00:00, run_after=2026-04-23 06:00:00+00:00
[2026-04-24T05:34:51.707+0000] {processor.py:183} INFO - Processing /opt/airflow/dags/weather_pipeline_dag.py took 1.551 seconds
[2026-04-24T05:35:22.328+0000] {processor.py:161} INFO - Started process (PID=849) to work on /opt/airflow/dags/weather_pipeline_dag.py
[2026-04-24T05:35:22.337+0000] {processor.py:830} INFO - Processing file /opt/airflow/dags/weather_pipeline_dag.py for tasks to queue
[2026-04-24T05:35:22.345+0000] {logging_mixin.py:188} INFO - [2026-04-24T05:35:22.343+0000] {dagbag.py:538} INFO - Filling up the DagBag from /opt/airflow/dags/weather_pipeline_dag.py
[2026-04-24T05:35:23.267+0000] {processor.py:840} INFO - DAG(s) 'weather_data_pipeline' retrieved from /opt/airflow/dags/weather_pipeline_dag.py
[2026-04-24T05:35:21.537+0000] {logging_mixin.py:188} INFO - [2026-04-24T05:35:21.536+0000] {dag.py:3036} INFO - Sync 1 DAGs
[2026-04-24T05:35:23.295+0000] {logging_mixin.py:188} INFO - [2026-04-24T05:35:23.293+0000] {dag.py:3823} INFO - Setting next_dagrun for weather_data_pipeline to 2026-04-22 06:00:00+00:00, run_after=2026-04-23 06:00:00+00:00
[2026-04-24T05:35:23.490+0000] {processor.py:183} INFO - Processing /opt/airflow/dags/weather_pipeline_dag.py took 3.928 seconds
[2026-04-24T05:35:57.416+0000] {processor.py:161} INFO - Started process (PID=860) to work on /opt/airflow/dags/weather_pipeline_dag.py
[2026-04-24T05:35:57.446+0000] {processor.py:830} INFO - Processing file /opt/airflow/dags/weather_pipeline_dag.py for tasks to queue
[2026-04-24T05:35:57.470+0000] {logging_mixin.py:188} INFO - [2026-04-24T05:35:57.466+0000] {dagbag.py:538} INFO - Filling up the DagBag from /opt/airflow/dags/weather_pipeline_dag.py
[2026-04-24T05:35:59.522+0000] {processor.py:840} INFO - DAG(s) 'weather_data_pipeline' retrieved from /opt/airflow/dags/weather_pipeline_dag.py
[2026-04-24T05:36:00.230+0000] {logging_mixin.py:188} INFO - [2026-04-24T05:36:00.228+0000] {dag.py:3036} INFO - Sync 1 DAGs
[2026-04-24T05:36:00.945+0000] {logging_mixin.py:188} INFO - [2026-04-24T05:36:00.943+0000] {dag.py:3823} INFO - Setting next_dagrun for weather_data_pipeline to 2026-04-22 06:00:00+00:00, run_after=2026-04-23 06:00:00+00:00
[2026-04-24T05:36:01.510+0000] {processor.py:183} INFO - Processing /opt/airflow/dags/weather_pipeline_dag.py took 4.161 seconds
[2026-04-24T05:36:32.866+0000] {processor.py:161} INFO - Started process (PID=871) to work on /opt/airflow/dags/weather_pipeline_dag.py
[2026-04-24T05:36:32.896+0000] {processor.py:830} INFO - Processing file /opt/airflow/dags/weather_pipeline_dag.py for tasks to queue
[2026-04-24T05:36:32.919+0000] {logging_mixin.py:188} INFO - [2026-04-24T05:36:32.914+0000] {dagbag.py:538} INFO - Filling up the DagBag from /opt/airflow/dags/weather_pipeline_dag.py
[2026-04-24T05:36:33.675+0000] {processor.py:840} INFO - DAG(s) 'weather_data_pipeline' retrieved from /opt/airflow/dags/weather_pipeline_dag.py
[2026-04-24T05:36:34.536+0000] {logging_mixin.py:188} INFO - [2026-04-24T05:36:34.534+0000] {dag.py:3036} INFO - Sync 1 DAGs
[2026-04-24T05:36:35.383+0000] {logging_mixin.py:188} INFO - [2026-04-24T05:36:35.381+0000] {dag.py:3823} INFO - Setting next_dagrun for weather_data_pipeline to 2026-04-22 06:00:00+00:00, run_after=2026-04-23 06:00:00+00:00
[2026-04-24T05:36:35.984+0000] {processor.py:183} INFO - Processing /opt/airflow/dags/weather_pipeline_dag.py took 3.235 seconds
[2026-04-24T05:37:06.955+0000] {processor.py:161} INFO - Started process (PID=882) to work on /opt/airflow/dags/weather_pipeline_dag.py
[2026-04-24T05:37:06.964+0000] {processor.py:830} INFO - Processing file /opt/airflow/dags/weather_pipeline_dag.py for tasks to queue
[2026-04-24T05:37:06.973+0000] {logging_mixin.py:188} INFO - [2026-04-24T05:37:06.971+0000] {dagbag.py:538} INFO - Filling up the DagBag from /opt/airflow/dags/weather_pipeline_dag.py
[2026-04-24T05:37:07.159+0000] {processor.py:840} INFO - DAG(s) 'weather_data_pipeline' retrieved from /opt/airflow/dags/weather_pipeline_dag.py
[2026-04-24T05:37:07.381+0000] {logging_mixin.py:188} INFO - [2026-04-24T05:37:07.377+0000] {dag.py:3036} INFO - Sync 1 DAGs
[2026-04-24T05:37:07.578+0000] {logging_mixin.py:188} INFO - [2026-04-24T05:37:07.576+0000] {dag.py:3823} INFO - Setting next_dagrun for weather_data_pipeline to 2026-04-22 06:00:00+00:00, run_after=2026-04-23 06:00:00+00:00
[2026-04-24T05:37:07.746+0000] {processor.py:183} INFO - Processing /opt/airflow/dags/weather_pipeline_dag.py took 0.822 seconds
[2026-04-24T05:37:39.234+0000] {processor.py:161} INFO - Started process (PID=894) to work on /opt/airflow/dags/weather_pipeline_dag.py
[2026-04-24T05:37:39.242+0000] {processor.py:830} INFO - Processing file /opt/airflow/dags/weather_pipeline_dag.py for tasks to queue
[2026-04-24T05:37:39.252+0000] {logging_mixin.py:188} INFO - [2026-04-24T05:37:39.250+0000] {dagbag.py:538} INFO - Filling up the DagBag from /opt/airflow/dags/weather_pipeline_dag.py
[2026-04-24T05:37:39.577+0000] {processor.py:840} INFO - DAG(s) 'weather_data_pipeline' retrieved from /opt/airflow/dags/weather_pipeline_dag.py
[2026-04-24T05:37:37.861+0000] {logging_mixin.py:188} INFO - [2026-04-24T05:37:37.859+0000] {dag.py:3036} INFO - Sync 1 DAGs
[2026-04-24T05:37:38.623+0000] {logging_mixin.py:188} INFO - [2026-04-24T05:37:38.614+0000] {dag.py:3823} INFO - Setting next_dagrun for weather_data_pipeline to 2026-04-22 06:00:00+00:00, run_after=2026-04-23 06:00:00+00:00
[2026-04-24T05:37:38.879+0000] {processor.py:183} INFO - Processing /opt/airflow/dags/weather_pipeline_dag.py took 2.348 seconds
[2026-04-24T05:38:09.683+0000] {processor.py:161} INFO - Started process (PID=911) to work on /opt/airflow/dags/weather_pipeline_dag.py
[2026-04-24T05:38:09.691+0000] {processor.py:830} INFO - Processing file /opt/airflow/dags/weather_pipeline_dag.py for tasks to queue
[2026-04-24T05:38:09.703+0000] {logging_mixin.py:188} INFO - [2026-04-24T05:38:09.700+0000] {dagbag.py:538} INFO - Filling up the DagBag from /opt/airflow/dags/weather_pipeline_dag.py
[2026-04-24T05:38:10.010+0000] {processor.py:840} INFO - DAG(s) 'weather_data_pipeline' retrieved from /opt/airflow/dags/weather_pipeline_dag.py
[2026-04-24T05:38:10.518+0000] {logging_mixin.py:188} INFO - [2026-04-24T05:38:10.516+0000] {dag.py:3036} INFO - Sync 1 DAGs
[2026-04-24T05:38:10.742+0000] {logging_mixin.py:188} INFO - [2026-04-24T05:38:10.740+0000] {dag.py:3823} INFO - Setting next_dagrun for weather_data_pipeline to 2026-04-22 06:00:00+00:00, run_after=2026-04-23 06:00:00+00:00
[2026-04-24T05:38:10.875+0000] {processor.py:183} INFO - Processing /opt/airflow/dags/weather_pipeline_dag.py took 1.241 seconds
[2026-04-24T05:38:42.192+0000] {processor.py:161} INFO - Started process (PID=922) to work on /opt/airflow/dags/weather_pipeline_dag.py
[2026-04-24T05:38:42.230+0000] {processor.py:830} INFO - Processing file /opt/airflow/dags/weather_pipeline_dag.py for tasks to queue
[2026-04-24T05:38:42.265+0000] {logging_mixin.py:188} INFO - [2026-04-24T05:38:42.248+0000] {dagbag.py:538} INFO - Filling up the DagBag from /opt/airflow/dags/weather_pipeline_dag.py
[2026-04-24T05:38:43.934+0000] {processor.py:840} INFO - DAG(s) 'weather_data_pipeline' retrieved from /opt/airflow/dags/weather_pipeline_dag.py
[2026-04-24T05:38:44.818+0000] {logging_mixin.py:188} INFO - [2026-04-24T05:38:44.816+0000] {dag.py:3036} INFO - Sync 1 DAGs
[2026-04-24T05:38:45.429+0000] {logging_mixin.py:188} INFO - [2026-04-24T05:38:45.416+0000] {dag.py:3823} INFO - Setting next_dagrun for weather_data_pipeline to 2026-04-22 06:00:00+00:00, run_after=2026-04-23 06:00:00+00:00
[2026-04-24T05:38:45.920+0000] {processor.py:183} INFO - Processing /opt/airflow/dags/weather_pipeline_dag.py took 3.806 seconds
[2026-04-24T05:39:17.136+0000] {processor.py:161} INFO - Started process (PID=933) to work on /opt/airflow/dags/weather_pipeline_dag.py
[2026-04-24T05:39:17.143+0000] {processor.py:830} INFO - Processing file /opt/airflow/dags/weather_pipeline_dag.py for tasks to queue
[2026-04-24T05:39:17.150+0000] {logging_mixin.py:188} INFO - [2026-04-24T05:39:17.148+0000] {dagbag.py:538} INFO - Filling up the DagBag from /opt/airflow/dags/weather_pipeline_dag.py
[2026-04-24T05:39:17.428+0000] {processor.py:840} INFO - DAG(s) 'weather_data_pipeline' retrieved from /opt/airflow/dags/weather_pipeline_dag.py
[2026-04-24T05:39:17.686+0000] {logging_mixin.py:188} INFO - [2026-04-24T05:39:17.684+0000] {dag.py:3036} INFO - Sync 1 DAGs
[2026-04-24T05:39:17.967+0000] {logging_mixin.py:188} INFO - [2026-04-24T05:39:17.965+0000] {dag.py:3823} INFO - Setting next_dagrun for weather_data_pipeline to 2026-04-22 06:00:00+00:00, run_after=2026-04-23 06:00:00+00:00
[2026-04-24T05:39:18.121+0000] {processor.py:183} INFO - Processing /opt/airflow/dags/weather_pipeline_dag.py took 1.010 seconds
[2026-04-24T05:39:48.881+0000] {processor.py:161} INFO - Started process (PID=945) to work on /opt/airflow/dags/weather_pipeline_dag.py
[2026-04-24T05:39:48.889+0000] {processor.py:830} INFO - Processing file /opt/airflow/dags/weather_pipeline_dag.py for tasks to queue
[2026-04-24T05:39:48.899+0000] {logging_mixin.py:188} INFO - [2026-04-24T05:39:48.897+0000] {dagbag.py:538} INFO - Filling up the DagBag from /opt/airflow/dags/weather_pipeline_dag.py
[2026-04-24T05:39:49.161+0000] {processor.py:840} INFO - DAG(s) 'weather_data_pipeline' retrieved from /opt/airflow/dags/weather_pipeline_dag.py
[2026-04-24T05:39:49.480+0000] {logging_mixin.py:188} INFO - [2026-04-24T05:39:49.478+0000] {dag.py:3036} INFO - Sync 1 DAGs
[2026-04-24T05:39:50.002+0000] {logging_mixin.py:188} INFO - [2026-04-24T05:39:50.000+0000] {dag.py:3823} INFO - Setting next_dagrun for weather_data_pipeline to 2026-04-22 06:00:00+00:00, run_after=2026-04-23 06:00:00+00:00
[2026-04-24T05:39:50.155+0000] {processor.py:183} INFO - Processing /opt/airflow/dags/weather_pipeline_dag.py took 1.297 seconds
[2026-04-24T05:40:21.411+0000] {processor.py:161} INFO - Started process (PID=956) to work on /opt/airflow/dags/weather_pipeline_dag.py
[2026-04-24T05:40:21.443+0000] {processor.py:830} INFO - Processing file /opt/airflow/dags/weather_pipeline_dag.py for tasks to queue
[2026-04-24T05:40:21.451+0000] {logging_mixin.py:188} INFO - [2026-04-24T05:40:21.448+0000] {dagbag.py:538} INFO - Filling up the DagBag from /opt/airflow/dags/weather_pipeline_dag.py
[2026-04-24T05:40:21.646+0000] {processor.py:840} INFO - DAG(s) 'weather_data_pipeline' retrieved from /opt/airflow/dags/weather_pipeline_dag.py
[2026-04-24T05:40:21.891+0000] {logging_mixin.py:188} INFO - [2026-04-24T05:40:21.889+0000] {dag.py:3036} INFO - Sync 1 DAGs
[2026-04-24T05:40:22.449+0000] {logging_mixin.py:188} INFO - [2026-04-24T05:40:22.447+0000] {dag.py:3823} INFO - Setting next_dagrun for weather_data_pipeline to 2026-04-22 06:00:00+00:00, run_after=2026-04-23 06:00:00+00:00
[2026-04-24T05:40:22.791+0000] {processor.py:183} INFO - Processing /opt/airflow/dags/weather_pipeline_dag.py took 1.484 seconds
[2026-04-24T05:40:53.391+0000] {processor.py:161} INFO - Started process (PID=968) to work on /opt/airflow/dags/weather_pipeline_dag.py
[2026-04-24T05:40:53.413+0000] {processor.py:830} INFO - Processing file /opt/airflow/dags/weather_pipeline_dag.py for tasks to queue
[2026-04-24T05:40:53.436+0000] {logging_mixin.py:188} INFO - [2026-04-24T05:40:53.433+0000] {dagbag.py:538} INFO - Filling up the DagBag from /opt/airflow/dags/weather_pipeline_dag.py
[2026-04-24T05:40:53.925+0000] {processor.py:840} INFO - DAG(s) 'weather_data_pipeline' retrieved from /opt/airflow/dags/weather_pipeline_dag.py
[2026-04-24T05:40:54.322+0000] {logging_mixin.py:188} INFO - [2026-04-24T05:40:54.320+0000] {dag.py:3036} INFO - Sync 1 DAGs
[2026-04-24T05:40:54.825+0000] {logging_mixin.py:188} INFO - [2026-04-24T05:40:54.823+0000] {dag.py:3823} INFO - Setting next_dagrun for weather_data_pipeline to 2026-04-22 06:00:00+00:00, run_after=2026-04-23 06:00:00+00:00
[2026-04-24T05:40:55.057+0000] {processor.py:183} INFO - Processing /opt/airflow/dags/weather_pipeline_dag.py took 1.728 seconds
[2026-04-24T05:41:26.462+0000] {processor.py:161} INFO - Started process (PID=984) to work on /opt/airflow/dags/weather_pipeline_dag.py
[2026-04-24T05:41:26.473+0000] {processor.py:830} INFO - Processing file /opt/airflow/dags/weather_pipeline_dag.py for tasks to queue
[2026-04-24T05:41:26.487+0000] {logging_mixin.py:188} INFO - [2026-04-24T05:41:26.479+0000] {dagbag.py:538} INFO - Filling up the DagBag from /opt/airflow/dags/weather_pipeline_dag.py
[2026-04-24T05:41:26.895+0000] {processor.py:840} INFO - DAG(s) 'weather_data_pipeline' retrieved from /opt/airflow/dags/weather_pipeline_dag.py
[2026-04-24T05:41:27.480+0000] {logging_mixin.py:188} INFO - [2026-04-24T05:41:27.479+0000] {dag.py:3036} INFO - Sync 1 DAGs
[2026-04-24T05:41:28.105+0000] {logging_mixin.py:188} INFO - [2026-04-24T05:41:28.103+0000] {dag.py:3823} INFO - Setting next_dagrun for weather_data_pipeline to 2026-04-22 06:00:00+00:00, run_after=2026-04-23 06:00:00+00:00
[2026-04-24T05:41:28.724+0000] {processor.py:183} INFO - Processing /opt/airflow/dags/weather_pipeline_dag.py took 2.297 seconds
[2026-04-24T05:41:59.903+0000] {processor.py:161} INFO - Started process (PID=996) to work on /opt/airflow/dags/weather_pipeline_dag.py
[2026-04-24T05:41:59.919+0000] {processor.py:830} INFO - Processing file /opt/airflow/dags/weather_pipeline_dag.py for tasks to queue
[2026-04-24T05:41:59.931+0000] {logging_mixin.py:188} INFO - [2026-04-24T05:41:59.928+0000] {dagbag.py:538} INFO - Filling up the DagBag from /opt/airflow/dags/weather_pipeline_dag.py
[2026-04-24T05:42:00.488+0000] {processor.py:840} INFO - DAG(s) 'weather_data_pipeline' retrieved from /opt/airflow/dags/weather_pipeline_dag.py
[2026-04-24T05:42:01.243+0000] {logging_mixin.py:188} INFO - [2026-04-24T05:42:01.229+0000] {dag.py:3036} INFO - Sync 1 DAGs
[2026-04-24T05:42:01.919+0000] {logging_mixin.py:188} INFO - [2026-04-24T05:42:01.916+0000] {dag.py:3823} INFO - Setting next_dagrun for weather_data_pipeline to 2026-04-22 06:00:00+00:00, run_after=2026-04-23 06:00:00+00:00
[2026-04-24T05:42:02.163+0000] {processor.py:183} INFO - Processing /opt/airflow/dags/weather_pipeline_dag.py took 2.308 seconds
[2026-04-24T05:42:32.980+0000] {processor.py:161} INFO - Started process (PID=1007) to work on /opt/airflow/dags/weather_pipeline_dag.py
[2026-04-24T05:42:32.986+0000] {processor.py:830} INFO - Processing file /opt/airflow/dags/weather_pipeline_dag.py for tasks to queue
[2026-04-24T05:42:32.995+0000] {logging_mixin.py:188} INFO - [2026-04-24T05:42:32.993+0000] {dagbag.py:538} INFO - Filling up the DagBag from /opt/airflow/dags/weather_pipeline_dag.py
[2026-04-24T05:42:33.270+0000] {processor.py:840} INFO - DAG(s) 'weather_data_pipeline' retrieved from /opt/airflow/dags/weather_pipeline_dag.py
[2026-04-24T05:42:33.505+0000] {logging_mixin.py:188} INFO - [2026-04-24T05:42:33.497+0000] {dag.py:3036} INFO - Sync 1 DAGs
[2026-04-24T05:42:33.755+0000] {logging_mixin.py:188} INFO - [2026-04-24T05:42:33.753+0000] {dag.py:3823} INFO - Setting next_dagrun for weather_data_pipeline to 2026-04-22 06:00:00+00:00, run_after=2026-04-23 06:00:00+00:00
[2026-04-24T05:42:33.930+0000] {processor.py:183} INFO - Processing /opt/airflow/dags/weather_pipeline_dag.py took 0.977 seconds
[2026-04-24T05:43:04.616+0000] {processor.py:161} INFO - Started process (PID=1018) to work on /opt/airflow/dags/weather_pipeline_dag.py
[2026-04-24T05:43:04.623+0000] {processor.py:830} INFO - Processing file /opt/airflow/dags/weather_pipeline_dag.py for tasks to queue
[2026-04-24T05:43:04.631+0000] {logging_mixin.py:188} INFO - [2026-04-24T05:43:04.628+0000] {dagbag.py:538} INFO - Filling up the DagBag from /opt/airflow/dags/weather_pipeline_dag.py
[2026-04-24T05:43:04.860+0000] {processor.py:840} INFO - DAG(s) 'weather_data_pipeline' retrieved from /opt/airflow/dags/weather_pipeline_dag.py
[2026-04-24T05:43:05.064+0000] {logging_mixin.py:188} INFO - [2026-04-24T05:43:05.063+0000] {dag.py:3036} INFO - Sync 1 DAGs
[2026-04-24T05:43:05.301+0000] {logging_mixin.py:188} INFO - [2026-04-24T05:43:05.300+0000] {dag.py:3823} INFO - Setting next_dagrun for weather_data_pipeline to 2026-04-22 06:00:00+00:00, run_after=2026-04-23 06:00:00+00:00
[2026-04-24T05:43:05.511+0000] {processor.py:183} INFO - Processing /opt/airflow/dags/weather_pipeline_dag.py took 0.920 seconds
[2026-04-24T05:43:36.106+0000] {processor.py:161} INFO - Started process (PID=1029) to work on /opt/airflow/dags/weather_pipeline_dag.py
[2026-04-24T05:43:36.116+0000] {processor.py:830} INFO - Processing file /opt/airflow/dags/weather_pipeline_dag.py for tasks to queue
[2026-04-24T05:43:36.124+0000] {logging_mixin.py:188} INFO - [2026-04-24T05:43:36.122+0000] {dagbag.py:538} INFO - Filling up the DagBag from /opt/airflow/dags/weather_pipeline_dag.py
[2026-04-24T05:43:36.343+0000] {processor.py:840} INFO - DAG(s) 'weather_data_pipeline' retrieved from /opt/airflow/dags/weather_pipeline_dag.py
[2026-04-24T05:43:36.738+0000] {logging_mixin.py:188} INFO - [2026-04-24T05:43:36.737+0000] {dag.py:3036} INFO - Sync 1 DAGs
[2026-04-24T05:43:36.908+0000] {logging_mixin.py:188} INFO - [2026-04-24T05:43:36.907+0000] {dag.py:3823} INFO - Setting next_dagrun for weather_data_pipeline to 2026-04-22 06:00:00+00:00, run_after=2026-04-23 06:00:00+00:00
[2026-04-24T05:43:37.043+0000] {processor.py:183} INFO - Processing /opt/airflow/dags/weather_pipeline_dag.py took 0.978 seconds
[2026-04-24T05:44:07.850+0000] {processor.py:161} INFO - Started process (PID=1041) to work on /opt/airflow/dags/weather_pipeline_dag.py
[2026-04-24T05:44:07.871+0000] {processor.py:830} INFO - Processing file /opt/airflow/dags/weather_pipeline_dag.py for tasks to queue
[2026-04-24T05:44:07.889+0000] {logging_mixin.py:188} INFO - [2026-04-24T05:44:07.886+0000] {dagbag.py:538} INFO - Filling up the DagBag from /opt/airflow/dags/weather_pipeline_dag.py
[2026-04-24T05:44:08.678+0000] {processor.py:840} INFO - DAG(s) 'weather_data_pipeline' retrieved from /opt/airflow/dags/weather_pipeline_dag.py
[2026-04-24T05:44:09.209+0000] {logging_mixin.py:188} INFO - [2026-04-24T05:44:09.208+0000] {dag.py:3036} INFO - Sync 1 DAGs
[2026-04-24T05:44:09.685+0000] {logging_mixin.py:188} INFO - [2026-04-24T05:44:09.682+0000] {dag.py:3823} INFO - Setting next_dagrun for weather_data_pipeline to 2026-04-22 06:00:00+00:00, run_after=2026-04-23 06:00:00+00:00
[2026-04-24T05:44:10.248+0000] {processor.py:183} INFO - Processing /opt/airflow/dags/weather_pipeline_dag.py took 2.471 seconds
[2026-04-24T05:44:41.362+0000] {processor.py:161} INFO - Started process (PID=1058) to work on /opt/airflow/dags/weather_pipeline_dag.py
[2026-04-24T05:44:41.383+0000] {processor.py:830} INFO - Processing file /opt/airflow/dags/weather_pipeline_dag.py for tasks to queue
[2026-04-24T05:44:41.416+0000] {logging_mixin.py:188} INFO - [2026-04-24T05:44:41.399+0000] {dagbag.py:538} INFO - Filling up the DagBag from /opt/airflow/dags/weather_pipeline_dag.py
[2026-04-24T05:44:43.660+0000] {processor.py:840} INFO - DAG(s) 'weather_data_pipeline' retrieved from /opt/airflow/dags/weather_pipeline_dag.py
[2026-04-24T05:44:44.041+0000] {logging_mixin.py:188} INFO - [2026-04-24T05:44:44.039+0000] {dag.py:3036} INFO - Sync 1 DAGs
[2026-04-24T05:44:44.325+0000] {logging_mixin.py:188} INFO - [2026-04-24T05:44:44.323+0000] {dag.py:3823} INFO - Setting next_dagrun for weather_data_pipeline to 2026-04-22 06:00:00+00:00, run_after=2026-04-23 06:00:00+00:00
[2026-04-24T05:44:44.575+0000] {processor.py:183} INFO - Processing /opt/airflow/dags/weather_pipeline_dag.py took 3.268 seconds
[2026-04-24T05:45:18.268+0000] {processor.py:161} INFO - Started process (PID=1069) to work on /opt/airflow/dags/weather_pipeline_dag.py
[2026-04-24T05:45:18.297+0000] {processor.py:830} INFO - Processing file /opt/airflow/dags/weather_pipeline_dag.py for tasks to queue
[2026-04-24T05:45:18.316+0000] {logging_mixin.py:188} INFO - [2026-04-24T05:45:18.305+0000] {dagbag.py:538} INFO - Filling up the DagBag from /opt/airflow/dags/weather_pipeline_dag.py
[2026-04-24T05:45:20.062+0000] {processor.py:840} INFO - DAG(s) 'weather_data_pipeline' retrieved from /opt/airflow/dags/weather_pipeline_dag.py
[2026-04-24T05:45:21.174+0000] {logging_mixin.py:188} INFO - [2026-04-24T05:45:21.172+0000] {dag.py:3036} INFO - Sync 1 DAGs
[2026-04-24T05:45:21.914+0000] {logging_mixin.py:188} INFO - [2026-04-24T05:45:21.900+0000] {dag.py:3823} INFO - Setting next_dagrun for weather_data_pipeline to 2026-04-22 06:00:00+00:00, run_after=2026-04-23 06:00:00+00:00
[2026-04-24T05:45:22.501+0000] {processor.py:183} INFO - Processing /opt/airflow/dags/weather_pipeline_dag.py took 4.305 seconds
[2026-04-24T05:45:53.562+0000] {processor.py:161} INFO - Started process (PID=1080) to work on /opt/airflow/dags/weather_pipeline_dag.py
[2026-04-24T05:45:53.602+0000] {processor.py:830} INFO - Processing file /opt/airflow/dags/weather_pipeline_dag.py for tasks to queue
[2026-04-24T05:45:53.624+0000] {logging_mixin.py:188} INFO - [2026-04-24T05:45:53.622+0000] {dagbag.py:538} INFO - Filling up the DagBag from /opt/airflow/dags/weather_pipeline_dag.py
[2026-04-24T05:45:54.442+0000] {processor.py:840} INFO - DAG(s) 'weather_data_pipeline' retrieved from /opt/airflow/dags/weather_pipeline_dag.py
[2026-04-24T05:45:55.306+0000] {logging_mixin.py:188} INFO - [2026-04-24T05:45:55.304+0000] {dag.py:3036} INFO - Sync 1 DAGs
[2026-04-24T05:45:56.183+0000] {logging_mixin.py:188} INFO - [2026-04-24T05:45:56.181+0000] {dag.py:3823} INFO - Setting next_dagrun for weather_data_pipeline to 2026-04-22 06:00:00+00:00, run_after=2026-04-23 06:00:00+00:00
[2026-04-24T05:45:56.765+0000] {processor.py:183} INFO - Processing /opt/airflow/dags/weather_pipeline_dag.py took 3.293 seconds
[2026-04-24T05:46:28.016+0000] {processor.py:161} INFO - Started process (PID=1091) to work on /opt/airflow/dags/weather_pipeline_dag.py
[2026-04-24T05:46:28.023+0000] {processor.py:830} INFO - Processing file /opt/airflow/dags/weather_pipeline_dag.py for tasks to queue
[2026-04-24T05:46:28.030+0000] {logging_mixin.py:188} INFO - [2026-04-24T05:46:28.028+0000] {dagbag.py:538} INFO - Filling up the DagBag from /opt/airflow/dags/weather_pipeline_dag.py
[2026-04-24T05:46:28.244+0000] {processor.py:840} INFO - DAG(s) 'weather_data_pipeline' retrieved from /opt/airflow/dags/weather_pipeline_dag.py
[2026-04-24T05:46:28.617+0000] {logging_mixin.py:188} INFO - [2026-04-24T05:46:28.614+0000] {dag.py:3036} INFO - Sync 1 DAGs
[2026-04-24T05:46:28.856+0000] {logging_mixin.py:188} INFO - [2026-04-24T05:46:28.854+0000] {dag.py:3823} INFO - Setting next_dagrun for weather_data_pipeline to 2026-04-22 06:00:00+00:00, run_after=2026-04-23 06:00:00+00:00
[2026-04-24T05:46:29.010+0000] {processor.py:183} INFO - Processing /opt/airflow/dags/weather_pipeline_dag.py took 1.037 seconds
[2026-04-24T05:47:00.219+0000] {processor.py:161} INFO - Started process (PID=1102) to work on /opt/airflow/dags/weather_pipeline_dag.py
[2026-04-24T05:47:00.262+0000] {processor.py:830} INFO - Processing file /opt/airflow/dags/weather_pipeline_dag.py for tasks to queue
[2026-04-24T05:47:00.296+0000] {logging_mixin.py:188} INFO - [2026-04-24T05:47:00.282+0000] {dagbag.py:538} INFO - Filling up the DagBag from /opt/airflow/dags/weather_pipeline_dag.py
[2026-04-24T05:47:00.788+0000] {processor.py:840} INFO - DAG(s) 'weather_data_pipeline' retrieved from /opt/airflow/dags/weather_pipeline_dag.py
[2026-04-24T05:47:01.514+0000] {logging_mixin.py:188} INFO - [2026-04-24T05:47:01.512+0000] {dag.py:3036} INFO - Sync 1 DAGs
[2026-04-24T05:47:02.133+0000] {logging_mixin.py:188} INFO - [2026-04-24T05:47:02.131+0000] {dag.py:3823} INFO - Setting next_dagrun for weather_data_pipeline to 2026-04-22 06:00:00+00:00, run_after=2026-04-23 06:00:00+00:00
[2026-04-24T05:47:02.369+0000] {processor.py:183} INFO - Processing /opt/airflow/dags/weather_pipeline_dag.py took 2.210 seconds
[2026-04-24T05:47:35.119+0000] {processor.py:161} INFO - Started process (PID=1120) to work on /opt/airflow/dags/weather_pipeline_dag.py
[2026-04-24T05:47:35.141+0000] {processor.py:830} INFO - Processing file /opt/airflow/dags/weather_pipeline_dag.py for tasks to queue
[2026-04-24T05:47:35.161+0000] {logging_mixin.py:188} INFO - [2026-04-24T05:47:35.158+0000] {dagbag.py:538} INFO - Filling up the DagBag from /opt/airflow/dags/weather_pipeline_dag.py
[2026-04-24T05:47:35.551+0000] {processor.py:840} INFO - DAG(s) 'weather_data_pipeline' retrieved from /opt/airflow/dags/weather_pipeline_dag.py
[2026-04-24T05:47:35.846+0000] {logging_mixin.py:188} INFO - [2026-04-24T05:47:35.831+0000] {dag.py:3036} INFO - Sync 1 DAGs
[2026-04-24T05:47:36.373+0000] {logging_mixin.py:188} INFO - [2026-04-24T05:47:36.361+0000] {dag.py:3823} INFO - Setting next_dagrun for weather_data_pipeline to 2026-04-22 06:00:00+00:00, run_after=2026-04-23 06:00:00+00:00
[2026-04-24T05:47:36.769+0000] {processor.py:183} INFO - Processing /opt/airflow/dags/weather_pipeline_dag.py took 1.758 seconds
[2026-04-24T05:48:06.421+0000] {processor.py:161} INFO - Started process (PID=1131) to work on /opt/airflow/dags/weather_pipeline_dag.py
[2026-04-24T05:48:06.566+0000] {processor.py:830} INFO - Processing file /opt/airflow/dags/weather_pipeline_dag.py for tasks to queue
[2026-04-24T05:48:06.726+0000] {logging_mixin.py:188} INFO - [2026-04-24T05:48:06.720+0000] {dagbag.py:538} INFO - Filling up the DagBag from /opt/airflow/dags/weather_pipeline_dag.py
[2026-04-24T05:48:11.276+0000] {processor.py:840} INFO - DAG(s) 'weather_data_pipeline' retrieved from /opt/airflow/dags/weather_pipeline_dag.py
[2026-04-24T05:48:12.815+0000] {logging_mixin.py:188} INFO - [2026-04-24T05:48:12.801+0000] {dag.py:3036} INFO - Sync 1 DAGs
[2026-04-24T05:48:13.974+0000] {logging_mixin.py:188} INFO - [2026-04-24T05:48:13.972+0000] {dag.py:3823} INFO - Setting next_dagrun for weather_data_pipeline to 2026-04-22 06:00:00+00:00, run_after=2026-04-23 06:00:00+00:00
[2026-04-24T05:48:14.580+0000] {processor.py:183} INFO - Processing /opt/airflow/dags/weather_pipeline_dag.py took 8.678 seconds
[2026-04-24T05:48:45.396+0000] {processor.py:161} INFO - Started process (PID=1142) to work on /opt/airflow/dags/weather_pipeline_dag.py
[2026-04-24T05:48:45.406+0000] {processor.py:830} INFO - Processing file /opt/airflow/dags/weather_pipeline_dag.py for tasks to queue
[2026-04-24T05:48:45.427+0000] {logging_mixin.py:188} INFO - [2026-04-24T05:48:45.424+0000] {dagbag.py:538} INFO - Filling up the DagBag from /opt/airflow/dags/weather_pipeline_dag.py
[2026-04-24T05:48:46.322+0000] {processor.py:840} INFO - DAG(s) 'weather_data_pipeline' retrieved from /opt/airflow/dags/weather_pipeline_dag.py
[2026-04-24T05:48:46.976+0000] {logging_mixin.py:188} INFO - [2026-04-24T05:48:46.973+0000] {dag.py:3036} INFO - Sync 1 DAGs
[2026-04-24T05:48:47.474+0000] {logging_mixin.py:188} INFO - [2026-04-24T05:48:47.471+0000] {dag.py:3823} INFO - Setting next_dagrun for weather_data_pipeline to 2026-04-22 06:00:00+00:00, run_after=2026-04-23 06:00:00+00:00
[2026-04-24T05:48:47.705+0000] {processor.py:183} INFO - Processing /opt/airflow/dags/weather_pipeline_dag.py took 2.380 seconds
[2026-04-24T05:49:18.255+0000] {processor.py:161} INFO - Started process (PID=1153) to work on /opt/airflow/dags/weather_pipeline_dag.py
[2026-04-24T05:49:18.266+0000] {processor.py:830} INFO - Processing file /opt/airflow/dags/weather_pipeline_dag.py for tasks to queue
[2026-04-24T05:49:18.278+0000] {logging_mixin.py:188} INFO - [2026-04-24T05:49:18.276+0000] {dagbag.py:538} INFO - Filling up the DagBag from /opt/airflow/dags/weather_pipeline_dag.py
[2026-04-24T05:49:18.753+0000] {processor.py:840} INFO - DAG(s) 'weather_data_pipeline' retrieved from /opt/airflow/dags/weather_pipeline_dag.py
[2026-04-24T05:49:19.693+0000] {logging_mixin.py:188} INFO - [2026-04-24T05:49:19.690+0000] {dag.py:3036} INFO - Sync 1 DAGs
[2026-04-24T05:49:20.123+0000] {logging_mixin.py:188} INFO - [2026-04-24T05:49:20.122+0000] {dag.py:3823} INFO - Setting next_dagrun for weather_data_pipeline to 2026-04-22 06:00:00+00:00, run_after=2026-04-23 06:00:00+00:00
[2026-04-24T05:49:20.303+0000] {processor.py:183} INFO - Processing /opt/airflow/dags/weather_pipeline_dag.py took 2.115 seconds
[2026-04-24T05:49:52.100+0000] {processor.py:161} INFO - Started process (PID=1170) to work on /opt/airflow/dags/weather_pipeline_dag.py
[2026-04-24T05:49:52.120+0000] {processor.py:830} INFO - Processing file /opt/airflow/dags/weather_pipeline_dag.py for tasks to queue
[2026-04-24T05:49:52.140+0000] {logging_mixin.py:188} INFO - [2026-04-24T05:49:52.137+0000] {dagbag.py:538} INFO - Filling up the DagBag from /opt/airflow/dags/weather_pipeline_dag.py
[2026-04-24T05:49:53.280+0000] {processor.py:840} INFO - DAG(s) 'weather_data_pipeline' retrieved from /opt/airflow/dags/weather_pipeline_dag.py
[2026-04-24T05:49:54.413+0000] {logging_mixin.py:188} INFO - [2026-04-24T05:49:54.400+0000] {dag.py:3036} INFO - Sync 1 DAGs
[2026-04-24T05:49:55.512+0000] {logging_mixin.py:188} INFO - [2026-04-24T05:49:55.500+0000] {dag.py:3823} INFO - Setting next_dagrun for weather_data_pipeline to 2026-04-22 06:00:00+00:00, run_after=2026-04-23 06:00:00+00:00
[2026-04-24T05:49:55.995+0000] {processor.py:183} INFO - Processing /opt/airflow/dags/weather_pipeline_dag.py took 3.979 seconds
[2026-04-24T05:50:26.600+0000] {processor.py:161} INFO - Started process (PID=1181) to work on /opt/airflow/dags/weather_pipeline_dag.py
[2026-04-24T05:50:26.611+0000] {processor.py:830} INFO - Processing file /opt/airflow/dags/weather_pipeline_dag.py for tasks to queue
[2026-04-24T05:50:26.621+0000] {logging_mixin.py:188} INFO - [2026-04-24T05:50:26.618+0000] {dagbag.py:538} INFO - Filling up the DagBag from /opt/airflow/dags/weather_pipeline_dag.py
[2026-04-24T05:50:26.929+0000] {processor.py:840} INFO - DAG(s) 'weather_data_pipeline' retrieved from /opt/airflow/dags/weather_pipeline_dag.py
[2026-04-24T05:50:27.693+0000] {logging_mixin.py:188} INFO - [2026-04-24T05:50:27.690+0000] {dag.py:3036} INFO - Sync 1 DAGs
[2026-04-24T05:50:28.290+0000] {logging_mixin.py:188} INFO - [2026-04-24T05:50:28.282+0000] {dag.py:3823} INFO - Setting next_dagrun for weather_data_pipeline to 2026-04-22 06:00:00+00:00, run_after=2026-04-23 06:00:00+00:00
[2026-04-24T05:50:29.018+0000] {processor.py:183} INFO - Processing /opt/airflow/dags/weather_pipeline_dag.py took 2.456 seconds
[2026-04-24T05:51:02.031+0000] {processor.py:161} INFO - Started process (PID=1193) to work on /opt/airflow/dags/weather_pipeline_dag.py
[2026-04-24T05:51:02.065+0000] {processor.py:830} INFO - Processing file /opt/airflow/dags/weather_pipeline_dag.py for tasks to queue
[2026-04-24T05:51:02.101+0000] {logging_mixin.py:188} INFO - [2026-04-24T05:51:02.085+0000] {dagbag.py:538} INFO - Filling up the DagBag from /opt/airflow/dags/weather_pipeline_dag.py
[2026-04-24T05:51:03.135+0000] {processor.py:840} INFO - DAG(s) 'weather_data_pipeline' retrieved from /opt/airflow/dags/weather_pipeline_dag.py
[2026-04-24T05:51:03.587+0000] {logging_mixin.py:188} INFO - [2026-04-24T05:51:03.585+0000] {dag.py:3036} INFO - Sync 1 DAGs
[2026-04-24T05:51:03.794+0000] {logging_mixin.py:188} INFO - [2026-04-24T05:51:03.791+0000] {dag.py:3823} INFO - Setting next_dagrun for weather_data_pipeline to 2026-04-22 06:00:00+00:00, run_after=2026-04-23 06:00:00+00:00
[2026-04-24T05:51:03.945+0000] {processor.py:183} INFO - Processing /opt/airflow/dags/weather_pipeline_dag.py took 2.052 seconds
[2026-04-24T05:51:35.359+0000] {processor.py:161} INFO - Started process (PID=1204) to work on /opt/airflow/dags/weather_pipeline_dag.py
[2026-04-24T05:51:35.368+0000] {processor.py:830} INFO - Processing file /opt/airflow/dags/weather_pipeline_dag.py for tasks to queue
[2026-04-24T05:51:35.379+0000] {logging_mixin.py:188} INFO - [2026-04-24T05:51:35.375+0000] {dagbag.py:538} INFO - Filling up the DagBag from /opt/airflow/dags/weather_pipeline_dag.py
[2026-04-24T05:51:35.803+0000] {processor.py:840} INFO - DAG(s) 'weather_data_pipeline' retrieved from /opt/airflow/dags/weather_pipeline_dag.py
[2026-04-24T05:51:36.323+0000] {logging_mixin.py:188} INFO - [2026-04-24T05:51:36.310+0000] {dag.py:3036} INFO - Sync 1 DAGs
[2026-04-24T05:51:36.850+0000] {logging_mixin.py:188} INFO - [2026-04-24T05:51:36.848+0000] {dag.py:3823} INFO - Setting next_dagrun for weather_data_pipeline to 2026-04-22 06:00:00+00:00, run_after=2026-04-23 06:00:00+00:00
[2026-04-24T05:51:37.487+0000] {processor.py:183} INFO - Processing /opt/airflow/dags/weather_pipeline_dag.py took 2.160 seconds
[2026-04-24T05:52:08.169+0000] {processor.py:161} INFO - Started process (PID=1215) to work on /opt/airflow/dags/weather_pipeline_dag.py
[2026-04-24T05:52:08.178+0000] {processor.py:830} INFO - Processing file /opt/airflow/dags/weather_pipeline_dag.py for tasks to queue
[2026-04-24T05:52:08.185+0000] {logging_mixin.py:188} INFO - [2026-04-24T05:52:08.183+0000] {dagbag.py:538} INFO - Filling up the DagBag from /opt/airflow/dags/weather_pipeline_dag.py
[2026-04-24T05:52:08.398+0000] {processor.py:840} INFO - DAG(s) 'weather_data_pipeline' retrieved from /opt/airflow/dags/weather_pipeline_dag.py
[2026-04-24T05:52:08.680+0000] {logging_mixin.py:188} INFO - [2026-04-24T05:52:08.675+0000] {dag.py:3036} INFO - Sync 1 DAGs
[2026-04-24T05:52:08.941+0000] {logging_mixin.py:188} INFO - [2026-04-24T05:52:08.939+0000] {dag.py:3823} INFO - Setting next_dagrun for weather_data_pipeline to 2026-04-22 06:00:00+00:00, run_after=2026-04-23 06:00:00+00:00
[2026-04-24T05:52:09.088+0000] {processor.py:183} INFO - Processing /opt/airflow/dags/weather_pipeline_dag.py took 0.938 seconds
[2026-04-24T05:52:41.042+0000] {processor.py:161} INFO - Started process (PID=1232) to work on /opt/airflow/dags/weather_pipeline_dag.py
[2026-04-24T05:52:41.064+0000] {processor.py:830} INFO - Processing file /opt/airflow/dags/weather_pipeline_dag.py for tasks to queue
[2026-04-24T05:52:41.093+0000] {logging_mixin.py:188} INFO - [2026-04-24T05:52:41.081+0000] {dagbag.py:538} INFO - Filling up the DagBag from /opt/airflow/dags/weather_pipeline_dag.py
[2026-04-24T05:52:39.208+0000] {processor.py:840} INFO - DAG(s) 'weather_data_pipeline' retrieved from /opt/airflow/dags/weather_pipeline_dag.py
[2026-04-24T05:52:39.602+0000] {logging_mixin.py:188} INFO - [2026-04-24T05:52:39.600+0000] {dag.py:3036} INFO - Sync 1 DAGs
[2026-04-24T05:52:39.780+0000] {logging_mixin.py:188} INFO - [2026-04-24T05:52:39.778+0000] {dag.py:3823} INFO - Setting next_dagrun for weather_data_pipeline to 2026-04-22 06:00:00+00:00, run_after=2026-04-23 06:00:00+00:00
[2026-04-24T05:52:39.930+0000] {processor.py:183} INFO - Processing /opt/airflow/dags/weather_pipeline_dag.py took 1.470 seconds
[2026-04-24T05:53:10.880+0000] {processor.py:161} INFO - Started process (PID=1247) to work on /opt/airflow/dags/weather_pipeline_dag.py
[2026-04-24T05:53:10.946+0000] {processor.py:830} INFO - Processing file /opt/airflow/dags/weather_pipeline_dag.py for tasks to queue
[2026-04-24T05:53:11.097+0000] {logging_mixin.py:188} INFO - [2026-04-24T05:53:11.079+0000] {dagbag.py:538} INFO - Filling up the DagBag from /opt/airflow/dags/weather_pipeline_dag.py
[2026-04-24T05:53:14.032+0000] {processor.py:840} INFO - DAG(s) 'weather_data_pipeline' retrieved from /opt/airflow/dags/weather_pipeline_dag.py
[2026-04-24T05:53:15.868+0000] {logging_mixin.py:188} INFO - [2026-04-24T05:53:15.866+0000] {dag.py:3036} INFO - Sync 1 DAGs
[2026-04-24T05:53:18.198+0000] {logging_mixin.py:188} INFO - [2026-04-24T05:53:18.190+0000] {dag.py:3823} INFO - Setting next_dagrun for weather_data_pipeline to 2026-04-23 06:00:00+00:00, run_after=2026-04-24 06:00:00+00:00
[2026-04-24T05:53:20.364+0000] {processor.py:183} INFO - Processing /opt/airflow/dags/weather_pipeline_dag.py took 9.836 seconds
[2026-04-24T05:53:51.401+0000] {processor.py:161} INFO - Started process (PID=1267) to work on /opt/airflow/dags/weather_pipeline_dag.py
[2026-04-24T05:53:51.414+0000] {processor.py:830} INFO - Processing file /opt/airflow/dags/weather_pipeline_dag.py for tasks to queue
[2026-04-24T05:53:51.425+0000] {logging_mixin.py:188} INFO - [2026-04-24T05:53:51.423+0000] {dagbag.py:538} INFO - Filling up the DagBag from /opt/airflow/dags/weather_pipeline_dag.py
[2026-04-24T05:53:51.739+0000] {processor.py:840} INFO - DAG(s) 'weather_data_pipeline' retrieved from /opt/airflow/dags/weather_pipeline_dag.py
[2026-04-24T05:53:52.010+0000] {logging_mixin.py:188} INFO - [2026-04-24T05:53:52.009+0000] {dag.py:3036} INFO - Sync 1 DAGs
[2026-04-24T05:53:52.647+0000] {logging_mixin.py:188} INFO - [2026-04-24T05:53:52.645+0000] {dag.py:3823} INFO - Setting next_dagrun for weather_data_pipeline to 2026-04-23 06:00:00+00:00, run_after=2026-04-24 06:00:00+00:00
[2026-04-24T05:53:53.221+0000] {processor.py:183} INFO - Processing /opt/airflow/dags/weather_pipeline_dag.py took 1.862 seconds
[2026-04-24T05:54:24.390+0000] {processor.py:161} INFO - Started process (PID=1278) to work on /opt/airflow/dags/weather_pipeline_dag.py
[2026-04-24T05:54:24.397+0000] {processor.py:830} INFO - Processing file /opt/airflow/dags/weather_pipeline_dag.py for tasks to queue
[2026-04-24T05:54:24.405+0000] {logging_mixin.py:188} INFO - [2026-04-24T05:54:24.402+0000] {dagbag.py:538} INFO - Filling up the DagBag from /opt/airflow/dags/weather_pipeline_dag.py
[2026-04-24T05:54:24.618+0000] {processor.py:840} INFO - DAG(s) 'weather_data_pipeline' retrieved from /opt/airflow/dags/weather_pipeline_dag.py
[2026-04-24T05:54:24.872+0000] {logging_mixin.py:188} INFO - [2026-04-24T05:54:24.864+0000] {dag.py:3036} INFO - Sync 1 DAGs
[2026-04-24T05:54:25.316+0000] {logging_mixin.py:188} INFO - [2026-04-24T05:54:25.302+0000] {dag.py:3823} INFO - Setting next_dagrun for weather_data_pipeline to 2026-04-23 06:00:00+00:00, run_after=2026-04-24 06:00:00+00:00
[2026-04-24T05:54:25.594+0000] {processor.py:183} INFO - Processing /opt/airflow/dags/weather_pipeline_dag.py took 1.229 seconds
[2026-04-24T05:54:56.811+0000] {processor.py:161} INFO - Started process (PID=1289) to work on /opt/airflow/dags/weather_pipeline_dag.py
[2026-04-24T05:54:56.862+0000] {processor.py:830} INFO - Processing file /opt/airflow/dags/weather_pipeline_dag.py for tasks to queue
[2026-04-24T05:54:56.888+0000] {logging_mixin.py:188} INFO - [2026-04-24T05:54:56.885+0000] {dagbag.py:538} INFO - Filling up the DagBag from /opt/airflow/dags/weather_pipeline_dag.py
[2026-04-24T05:54:57.777+0000] {processor.py:840} INFO - DAG(s) 'weather_data_pipeline' retrieved from /opt/airflow/dags/weather_pipeline_dag.py
[2026-04-24T05:54:56.459+0000] {logging_mixin.py:188} INFO - [2026-04-24T05:54:56.453+0000] {dag.py:3036} INFO - Sync 1 DAGs
[2026-04-24T05:54:57.512+0000] {logging_mixin.py:188} INFO - [2026-04-24T05:54:57.508+0000] {dag.py:3823} INFO - Setting next_dagrun for weather_data_pipeline to 2026-04-23 06:00:00+00:00, run_after=2026-04-24 06:00:00+00:00
[2026-04-24T05:54:58.068+0000] {processor.py:183} INFO - Processing /opt/airflow/dags/weather_pipeline_dag.py took 4.195 seconds
[2026-04-24T05:55:28.932+0000] {processor.py:161} INFO - Started process (PID=1307) to work on /opt/airflow/dags/weather_pipeline_dag.py
[2026-04-24T05:55:28.973+0000] {processor.py:830} INFO - Processing file /opt/airflow/dags/weather_pipeline_dag.py for tasks to queue
[2026-04-24T05:55:28.996+0000] {logging_mixin.py:188} INFO - [2026-04-24T05:55:28.992+0000] {dagbag.py:538} INFO - Filling up the DagBag from /opt/airflow/dags/weather_pipeline_dag.py
[2026-04-24T05:55:29.437+0000] {processor.py:840} INFO - DAG(s) 'weather_data_pipeline' retrieved from /opt/airflow/dags/weather_pipeline_dag.py
[2026-04-24T05:55:29.785+0000] {logging_mixin.py:188} INFO - [2026-04-24T05:55:29.782+0000] {dag.py:3036} INFO - Sync 1 DAGs
[2026-04-24T05:55:30.122+0000] {logging_mixin.py:188} INFO - [2026-04-24T05:55:30.118+0000] {dag.py:3823} INFO - Setting next_dagrun for weather_data_pipeline to 2026-04-23 06:00:00+00:00, run_after=2026-04-24 06:00:00+00:00
[2026-04-24T05:55:30.378+0000] {processor.py:183} INFO - Processing /opt/airflow/dags/weather_pipeline_dag.py took 1.569 seconds
[2026-04-24T05:56:01.582+0000] {processor.py:161} INFO - Started process (PID=1319) to work on /opt/airflow/dags/weather_pipeline_dag.py
[2026-04-24T05:56:01.630+0000] {processor.py:830} INFO - Processing file /opt/airflow/dags/weather_pipeline_dag.py for tasks to queue
[2026-04-24T05:56:01.656+0000] {logging_mixin.py:188} INFO - [2026-04-24T05:56:01.640+0000] {dagbag.py:538} INFO - Filling up the DagBag from /opt/airflow/dags/weather_pipeline_dag.py
[2026-04-24T05:56:02.125+0000] {processor.py:840} INFO - DAG(s) 'weather_data_pipeline' retrieved from /opt/airflow/dags/weather_pipeline_dag.py
[2026-04-24T05:56:02.483+0000] {logging_mixin.py:188} INFO - [2026-04-24T05:56:02.480+0000] {dag.py:3036} INFO - Sync 1 DAGs
[2026-04-24T05:56:02.747+0000] {logging_mixin.py:188} INFO - [2026-04-24T05:56:02.746+0000] {dag.py:3823} INFO - Setting next_dagrun for weather_data_pipeline to 2026-04-23 06:00:00+00:00, run_after=2026-04-24 06:00:00+00:00
[2026-04-24T05:56:02.903+0000] {processor.py:183} INFO - Processing /opt/airflow/dags/weather_pipeline_dag.py took 1.447 seconds
[2026-04-24T05:56:33.751+0000] {processor.py:161} INFO - Started process (PID=1330) to work on /opt/airflow/dags/weather_pipeline_dag.py
[2026-04-24T05:56:33.764+0000] {processor.py:830} INFO - Processing file /opt/airflow/dags/weather_pipeline_dag.py for tasks to queue
[2026-04-24T05:56:33.774+0000] {logging_mixin.py:188} INFO - [2026-04-24T05:56:33.772+0000] {dagbag.py:538} INFO - Filling up the DagBag from /opt/airflow/dags/weather_pipeline_dag.py
[2026-04-24T05:56:34.033+0000] {processor.py:840} INFO - DAG(s) 'weather_data_pipeline' retrieved from /opt/airflow/dags/weather_pipeline_dag.py
[2026-04-24T05:56:34.304+0000] {logging_mixin.py:188} INFO - [2026-04-24T05:56:34.297+0000] {dag.py:3036} INFO - Sync 1 DAGs
[2026-04-24T05:56:34.633+0000] {logging_mixin.py:188} INFO - [2026-04-24T05:56:34.631+0000] {dag.py:3823} INFO - Setting next_dagrun for weather_data_pipeline to 2026-04-23 06:00:00+00:00, run_after=2026-04-24 06:00:00+00:00
[2026-04-24T05:56:34.889+0000] {processor.py:183} INFO - Processing /opt/airflow/dags/weather_pipeline_dag.py took 1.167 seconds
[2026-04-24T05:57:05.268+0000] {processor.py:161} INFO - Started process (PID=1341) to work on /opt/airflow/dags/weather_pipeline_dag.py
[2026-04-24T05:57:05.275+0000] {processor.py:830} INFO - Processing file /opt/airflow/dags/weather_pipeline_dag.py for tasks to queue
[2026-04-24T05:57:05.283+0000] {logging_mixin.py:188} INFO - [2026-04-24T05:57:05.280+0000] {dagbag.py:538} INFO - Filling up the DagBag from /opt/airflow/dags/weather_pipeline_dag.py
[2026-04-24T05:57:05.609+0000] {processor.py:840} INFO - DAG(s) 'weather_data_pipeline' retrieved from /opt/airflow/dags/weather_pipeline_dag.py
[2026-04-24T05:57:05.826+0000] {logging_mixin.py:188} INFO - [2026-04-24T05:57:05.824+0000] {dag.py:3036} INFO - Sync 1 DAGs
[2026-04-24T05:57:06.008+0000] {logging_mixin.py:188} INFO - [2026-04-24T05:57:06.006+0000] {dag.py:3823} INFO - Setting next_dagrun for weather_data_pipeline to 2026-04-23 06:00:00+00:00, run_after=2026-04-24 06:00:00+00:00
[2026-04-24T05:57:06.159+0000] {processor.py:183} INFO - Processing /opt/airflow/dags/weather_pipeline_dag.py took 0.912 seconds
[2026-04-24T05:57:39.449+0000] {processor.py:161} INFO - Started process (PID=1352) to work on /opt/airflow/dags/weather_pipeline_dag.py
[2026-04-24T05:57:39.508+0000] {processor.py:830} INFO - Processing file /opt/airflow/dags/weather_pipeline_dag.py for tasks to queue
[2026-04-24T05:57:39.582+0000] {logging_mixin.py:188} INFO - [2026-04-24T05:57:39.579+0000] {dagbag.py:538} INFO - Filling up the DagBag from /opt/airflow/dags/weather_pipeline_dag.py
[2026-04-24T05:57:39.620+0000] {processor.py:840} INFO - DAG(s) 'weather_data_pipeline' retrieved from /opt/airflow/dags/weather_pipeline_dag.py
[2026-04-24T05:57:41.001+0000] {logging_mixin.py:188} INFO - [2026-04-24T05:57:40.997+0000] {dag.py:3036} INFO - Sync 1 DAGs
[2026-04-24T05:57:41.775+0000] {logging_mixin.py:188} INFO - [2026-04-24T05:57:41.760+0000] {dag.py:3823} INFO - Setting next_dagrun for weather_data_pipeline to 2026-04-23 06:00:00+00:00, run_after=2026-04-24 06:00:00+00:00
[2026-04-24T05:57:42.309+0000] {processor.py:183} INFO - Processing /opt/airflow/dags/weather_pipeline_dag.py took 5.761 seconds
[2026-04-24T05:58:13.602+0000] {processor.py:161} INFO - Started process (PID=1362) to work on /opt/airflow/dags/weather_pipeline_dag.py
[2026-04-24T05:58:13.624+0000] {processor.py:830} INFO - Processing file /opt/airflow/dags/weather_pipeline_dag.py for tasks to queue
[2026-04-24T05:58:13.653+0000] {logging_mixin.py:188} INFO - [2026-04-24T05:58:13.637+0000] {dagbag.py:538} INFO - Filling up the DagBag from /opt/airflow/dags/weather_pipeline_dag.py
[2026-04-24T05:58:14.662+0000] {processor.py:840} INFO - DAG(s) 'weather_data_pipeline' retrieved from /opt/airflow/dags/weather_pipeline_dag.py
[2026-04-24T05:58:14.974+0000] {logging_mixin.py:188} INFO - [2026-04-24T05:58:14.973+0000] {dag.py:3036} INFO - Sync 1 DAGs
[2026-04-24T05:58:15.159+0000] {logging_mixin.py:188} INFO - [2026-04-24T05:58:15.156+0000] {dag.py:3823} INFO - Setting next_dagrun for weather_data_pipeline to 2026-04-23 06:00:00+00:00, run_after=2026-04-24 06:00:00+00:00
[2026-04-24T05:58:15.297+0000] {processor.py:183} INFO - Processing /opt/airflow/dags/weather_pipeline_dag.py took 1.783 seconds
[2026-04-24T05:58:46.616+0000] {processor.py:161} INFO - Started process (PID=1380) to work on /opt/airflow/dags/weather_pipeline_dag.py
[2026-04-24T05:58:46.626+0000] {processor.py:830} INFO - Processing file /opt/airflow/dags/weather_pipeline_dag.py for tasks to queue
[2026-04-24T05:58:46.635+0000] {logging_mixin.py:188} INFO - [2026-04-24T05:58:46.631+0000] {dagbag.py:538} INFO - Filling up the DagBag from /opt/airflow/dags/weather_pipeline_dag.py
[2026-04-24T05:58:46.908+0000] {processor.py:840} INFO - DAG(s) 'weather_data_pipeline' retrieved from /opt/airflow/dags/weather_pipeline_dag.py
[2026-04-24T05:58:47.124+0000] {logging_mixin.py:188} INFO - [2026-04-24T05:58:47.123+0000] {dag.py:3036} INFO - Sync 1 DAGs
[2026-04-24T05:58:47.304+0000] {logging_mixin.py:188} INFO - [2026-04-24T05:58:47.302+0000] {dag.py:3823} INFO - Setting next_dagrun for weather_data_pipeline to 2026-04-23 06:00:00+00:00, run_after=2026-04-24 06:00:00+00:00
[2026-04-24T05:58:47.464+0000] {processor.py:183} INFO - Processing /opt/airflow/dags/weather_pipeline_dag.py took 0.872 seconds
[2026-04-24T05:59:19.395+0000] {processor.py:161} INFO - Started process (PID=1392) to work on /opt/airflow/dags/weather_pipeline_dag.py
[2026-04-24T05:59:19.426+0000] {processor.py:830} INFO - Processing file /opt/airflow/dags/weather_pipeline_dag.py for tasks to queue
[2026-04-24T05:59:19.462+0000] {logging_mixin.py:188} INFO - [2026-04-24T05:59:19.447+0000] {dagbag.py:538} INFO - Filling up the DagBag from /opt/airflow/dags/weather_pipeline_dag.py
[2026-04-24T05:59:20.423+0000] {processor.py:840} INFO - DAG(s) 'weather_data_pipeline' retrieved from /opt/airflow/dags/weather_pipeline_dag.py
[2026-04-24T05:59:21.080+0000] {logging_mixin.py:188} INFO - [2026-04-24T05:59:21.078+0000] {dag.py:3036} INFO - Sync 1 DAGs
[2026-04-24T05:59:21.658+0000] {logging_mixin.py:188} INFO - [2026-04-24T05:59:21.644+0000] {dag.py:3823} INFO - Setting next_dagrun for weather_data_pipeline to 2026-04-23 06:00:00+00:00, run_after=2026-04-24 06:00:00+00:00
[2026-04-24T05:59:22.244+0000] {processor.py:183} INFO - Processing /opt/airflow/dags/weather_pipeline_dag.py took 2.925 seconds
[2026-04-24T05:59:54.836+0000] {processor.py:161} INFO - Started process (PID=1403) to work on /opt/airflow/dags/weather_pipeline_dag.py
[2026-04-24T05:59:54.860+0000] {processor.py:830} INFO - Processing file /opt/airflow/dags/weather_pipeline_dag.py for tasks to queue
[2026-04-24T05:59:54.905+0000] {logging_mixin.py:188} INFO - [2026-04-24T05:59:54.902+0000] {dagbag.py:538} INFO - Filling up the DagBag from /opt/airflow/dags/weather_pipeline_dag.py
[2026-04-24T05:59:57.146+0000] {processor.py:840} INFO - DAG(s) 'weather_data_pipeline' retrieved from /opt/airflow/dags/weather_pipeline_dag.py
[2026-04-24T05:59:58.020+0000] {logging_mixin.py:188} INFO - [2026-04-24T05:59:58.018+0000] {dag.py:3036} INFO - Sync 1 DAGs
[2026-04-24T05:59:58.658+0000] {logging_mixin.py:188} INFO - [2026-04-24T05:59:58.656+0000] {dag.py:3823} INFO - Setting next_dagrun for weather_data_pipeline to 2026-04-23 06:00:00+00:00, run_after=2026-04-24 06:00:00+00:00
[2026-04-24T05:59:58.760+0000] {processor.py:183} INFO - Processing /opt/airflow/dags/weather_pipeline_dag.py took 4.364 seconds
[2026-04-24T06:00:30.399+0000] {processor.py:161} INFO - Started process (PID=1420) to work on /opt/airflow/dags/weather_pipeline_dag.py
[2026-04-24T06:00:30.426+0000] {processor.py:830} INFO - Processing file /opt/airflow/dags/weather_pipeline_dag.py for tasks to queue
[2026-04-24T06:00:30.460+0000] {logging_mixin.py:188} INFO - [2026-04-24T06:00:30.456+0000] {dagbag.py:538} INFO - Filling up the DagBag from /opt/airflow/dags/weather_pipeline_dag.py
[2026-04-24T06:00:32.278+0000] {processor.py:840} INFO - DAG(s) 'weather_data_pipeline' retrieved from /opt/airflow/dags/weather_pipeline_dag.py
[2026-04-24T06:00:32.985+0000] {logging_mixin.py:188} INFO - [2026-04-24T06:00:32.976+0000] {dag.py:3036} INFO - Sync 1 DAGs
[2026-04-24T06:00:33.224+0000] {logging_mixin.py:188} INFO - [2026-04-24T06:00:33.223+0000] {dag.py:3823} INFO - Setting next_dagrun for weather_data_pipeline to 2026-04-24 06:00:00+00:00, run_after=2026-04-25 06:00:00+00:00
[2026-04-24T06:00:33.456+0000] {processor.py:183} INFO - Processing /opt/airflow/dags/weather_pipeline_dag.py took 3.222 seconds
[2026-04-24T06:01:05.766+0000] {processor.py:161} INFO - Started process (PID=1431) to work on /opt/airflow/dags/weather_pipeline_dag.py
[2026-04-24T06:01:05.836+0000] {processor.py:830} INFO - Processing file /opt/airflow/dags/weather_pipeline_dag.py for tasks to queue
[2026-04-24T06:01:05.906+0000] {logging_mixin.py:188} INFO - [2026-04-24T06:01:05.903+0000] {dagbag.py:538} INFO - Filling up the DagBag from /opt/airflow/dags/weather_pipeline_dag.py
[2026-04-24T06:01:06.869+0000] {processor.py:840} INFO - DAG(s) 'weather_data_pipeline' retrieved from /opt/airflow/dags/weather_pipeline_dag.py
[2026-04-24T06:01:07.572+0000] {logging_mixin.py:188} INFO - [2026-04-24T06:01:07.570+0000] {dag.py:3036} INFO - Sync 1 DAGs
[2026-04-24T06:01:08.153+0000] {logging_mixin.py:188} INFO - [2026-04-24T06:01:08.151+0000] {dag.py:3823} INFO - Setting next_dagrun for weather_data_pipeline to 2026-04-24 06:00:00+00:00, run_after=2026-04-25 06:00:00+00:00
[2026-04-24T06:01:08.593+0000] {processor.py:183} INFO - Processing /opt/airflow/dags/weather_pipeline_dag.py took 2.934 seconds
[2026-04-24T06:01:40.031+0000] {processor.py:161} INFO - Started process (PID=1448) to work on /opt/airflow/dags/weather_pipeline_dag.py
[2026-04-24T06:01:40.041+0000] {processor.py:830} INFO - Processing file /opt/airflow/dags/weather_pipeline_dag.py for tasks to queue
[2026-04-24T06:01:40.050+0000] {logging_mixin.py:188} INFO - [2026-04-24T06:01:40.047+0000] {dagbag.py:538} INFO - Filling up the DagBag from /opt/airflow/dags/weather_pipeline_dag.py
[2026-04-24T06:01:40.294+0000] {processor.py:840} INFO - DAG(s) 'weather_data_pipeline' retrieved from /opt/airflow/dags/weather_pipeline_dag.py
[2026-04-24T06:01:40.499+0000] {logging_mixin.py:188} INFO - [2026-04-24T06:01:40.498+0000] {dag.py:3036} INFO - Sync 1 DAGs
[2026-04-24T06:01:40.758+0000] {logging_mixin.py:188} INFO - [2026-04-24T06:01:40.756+0000] {dag.py:3823} INFO - Setting next_dagrun for weather_data_pipeline to 2026-04-24 06:00:00+00:00, run_after=2026-04-25 06:00:00+00:00
[2026-04-24T06:01:40.972+0000] {processor.py:183} INFO - Processing /opt/airflow/dags/weather_pipeline_dag.py took 0.969 seconds
[2026-04-24T06:02:11.683+0000] {processor.py:161} INFO - Started process (PID=1459) to work on /opt/airflow/dags/weather_pipeline_dag.py
[2026-04-24T06:02:11.691+0000] {processor.py:830} INFO - Processing file /opt/airflow/dags/weather_pipeline_dag.py for tasks to queue
[2026-04-24T06:02:11.702+0000] {logging_mixin.py:188} INFO - [2026-04-24T06:02:11.698+0000] {dagbag.py:538} INFO - Filling up the DagBag from /opt/airflow/dags/weather_pipeline_dag.py
[2026-04-24T06:02:12.016+0000] {processor.py:840} INFO - DAG(s) 'weather_data_pipeline' retrieved from /opt/airflow/dags/weather_pipeline_dag.py
[2026-04-24T06:02:12.434+0000] {logging_mixin.py:188} INFO - [2026-04-24T06:02:12.432+0000] {dag.py:3036} INFO - Sync 1 DAGs
[2026-04-24T06:02:12.766+0000] {logging_mixin.py:188} INFO - [2026-04-24T06:02:12.764+0000] {dag.py:3823} INFO - Setting next_dagrun for weather_data_pipeline to 2026-04-24 06:00:00+00:00, run_after=2026-04-25 06:00:00+00:00
[2026-04-24T06:02:12.950+0000] {processor.py:183} INFO - Processing /opt/airflow/dags/weather_pipeline_dag.py took 1.294 seconds
[2026-04-24T06:02:45.890+0000] {processor.py:161} INFO - Started process (PID=1470) to work on /opt/airflow/dags/weather_pipeline_dag.py
[2026-04-24T06:02:45.919+0000] {processor.py:830} INFO - Processing file /opt/airflow/dags/weather_pipeline_dag.py for tasks to queue
[2026-04-24T06:02:45.941+0000] {logging_mixin.py:188} INFO - [2026-04-24T06:02:45.928+0000] {dagbag.py:538} INFO - Filling up the DagBag from /opt/airflow/dags/weather_pipeline_dag.py
[2026-04-24T06:02:47.806+0000] {processor.py:840} INFO - DAG(s) 'weather_data_pipeline' retrieved from /opt/airflow/dags/weather_pipeline_dag.py
[2026-04-24T06:02:48.555+0000] {logging_mixin.py:188} INFO - [2026-04-24T06:02:48.553+0000] {dag.py:3036} INFO - Sync 1 DAGs
[2026-04-24T06:02:49.554+0000] {logging_mixin.py:188} INFO - [2026-04-24T06:02:49.552+0000] {dag.py:3823} INFO - Setting next_dagrun for weather_data_pipeline to 2026-04-24 06:00:00+00:00, run_after=2026-04-25 06:00:00+00:00
[2026-04-24T06:02:50.198+0000] {processor.py:183} INFO - Processing /opt/airflow/dags/weather_pipeline_dag.py took 4.369 seconds
[2026-04-24T06:03:21.016+0000] {processor.py:161} INFO - Started process (PID=1481) to work on /opt/airflow/dags/weather_pipeline_dag.py
[2026-04-24T06:03:21.024+0000] {processor.py:830} INFO - Processing file /opt/airflow/dags/weather_pipeline_dag.py for tasks to queue
[2026-04-24T06:03:21.032+0000] {logging_mixin.py:188} INFO - [2026-04-24T06:03:21.030+0000] {dagbag.py:538} INFO - Filling up the DagBag from /opt/airflow/dags/weather_pipeline_dag.py
[2026-04-24T06:03:21.282+0000] {processor.py:840} INFO - DAG(s) 'weather_data_pipeline' retrieved from /opt/airflow/dags/weather_pipeline_dag.py
[2026-04-24T06:03:21.601+0000] {logging_mixin.py:188} INFO - [2026-04-24T06:03:21.590+0000] {dag.py:3036} INFO - Sync 1 DAGs
[2026-04-24T06:03:22.260+0000] {logging_mixin.py:188} INFO - [2026-04-24T06:03:22.245+0000] {dag.py:3823} INFO - Setting next_dagrun for weather_data_pipeline to 2026-04-24 06:00:00+00:00, run_after=2026-04-25 06:00:00+00:00
[2026-04-24T06:03:22.621+0000] {processor.py:183} INFO - Processing /opt/airflow/dags/weather_pipeline_dag.py took 1.637 seconds
[2026-04-24T06:03:53.246+0000] {processor.py:161} INFO - Started process (PID=1492) to work on /opt/airflow/dags/weather_pipeline_dag.py
[2026-04-24T06:03:53.254+0000] {processor.py:830} INFO - Processing file /opt/airflow/dags/weather_pipeline_dag.py for tasks to queue
[2026-04-24T06:03:53.263+0000] {logging_mixin.py:188} INFO - [2026-04-24T06:03:53.261+0000] {dagbag.py:538} INFO - Filling up the DagBag from /opt/airflow/dags/weather_pipeline_dag.py
[2026-04-24T06:03:53.731+0000] {processor.py:840} INFO - DAG(s) 'weather_data_pipeline' retrieved from /opt/airflow/dags/weather_pipeline_dag.py
[2026-04-24T06:03:54.097+0000] {logging_mixin.py:188} INFO - [2026-04-24T06:03:54.096+0000] {dag.py:3036} INFO - Sync 1 DAGs
[2026-04-24T06:03:54.296+0000] {logging_mixin.py:188} INFO - [2026-04-24T06:03:54.295+0000] {dag.py:3823} INFO - Setting next_dagrun for weather_data_pipeline to 2026-04-24 06:00:00+00:00, run_after=2026-04-25 06:00:00+00:00
[2026-04-24T06:03:54.448+0000] {processor.py:183} INFO - Processing /opt/airflow/dags/weather_pipeline_dag.py took 1.234 seconds
[2026-04-24T06:04:24.927+0000] {processor.py:161} INFO - Started process (PID=1509) to work on /opt/airflow/dags/weather_pipeline_dag.py
[2026-04-24T06:04:24.936+0000] {processor.py:830} INFO - Processing file /opt/airflow/dags/weather_pipeline_dag.py for tasks to queue
[2026-04-24T06:04:24.944+0000] {logging_mixin.py:188} INFO - [2026-04-24T06:04:24.942+0000] {dagbag.py:538} INFO - Filling up the DagBag from /opt/airflow/dags/weather_pipeline_dag.py
[2026-04-24T06:04:25.145+0000] {processor.py:840} INFO - DAG(s) 'weather_data_pipeline' retrieved from /opt/airflow/dags/weather_pipeline_dag.py
[2026-04-24T06:04:25.334+0000] {logging_mixin.py:188} INFO - [2026-04-24T06:04:25.331+0000] {dag.py:3036} INFO - Sync 1 DAGs
[2026-04-24T06:04:25.537+0000] {logging_mixin.py:188} INFO - [2026-04-24T06:04:25.533+0000] {dag.py:3823} INFO - Setting next_dagrun for weather_data_pipeline to 2026-04-24 06:00:00+00:00, run_after=2026-04-25 06:00:00+00:00
[2026-04-24T06:04:25.671+0000] {processor.py:183} INFO - Processing /opt/airflow/dags/weather_pipeline_dag.py took 0.790 seconds
[2026-04-24T06:04:56.497+0000] {processor.py:161} INFO - Started process (PID=1520) to work on /opt/airflow/dags/weather_pipeline_dag.py
[2026-04-24T06:04:56.517+0000] {processor.py:830} INFO - Processing file /opt/airflow/dags/weather_pipeline_dag.py for tasks to queue
[2026-04-24T06:04:56.537+0000] {logging_mixin.py:188} INFO - [2026-04-24T06:04:56.534+0000] {dagbag.py:538} INFO - Filling up the DagBag from /opt/airflow/dags/weather_pipeline_dag.py
[2026-04-24T06:04:57.242+0000] {processor.py:840} INFO - DAG(s) 'weather_data_pipeline' retrieved from /opt/airflow/dags/weather_pipeline_dag.py
[2026-04-24T06:04:57.918+0000] {logging_mixin.py:188} INFO - [2026-04-24T06:04:57.906+0000] {dag.py:3036} INFO - Sync 1 DAGs
[2026-04-24T06:04:58.779+0000] {logging_mixin.py:188} INFO - [2026-04-24T06:04:58.777+0000] {dag.py:3823} INFO - Setting next_dagrun for weather_data_pipeline to 2026-04-24 06:00:00+00:00, run_after=2026-04-25 06:00:00+00:00
[2026-04-24T06:04:56.921+0000] {processor.py:183} INFO - Processing /opt/airflow/dags/weather_pipeline_dag.py took 3.302 seconds
[2026-04-24T06:05:28.542+0000] {processor.py:161} INFO - Started process (PID=1530) to work on /opt/airflow/dags/weather_pipeline_dag.py
[2026-04-24T06:05:28.565+0000] {processor.py:830} INFO - Processing file /opt/airflow/dags/weather_pipeline_dag.py for tasks to queue
[2026-04-24T06:05:28.593+0000] {logging_mixin.py:188} INFO - [2026-04-24T06:05:28.588+0000] {dagbag.py:538} INFO - Filling up the DagBag from /opt/airflow/dags/weather_pipeline_dag.py
[2026-04-24T06:05:29.816+0000] {processor.py:840} INFO - DAG(s) 'weather_data_pipeline' retrieved from /opt/airflow/dags/weather_pipeline_dag.py
[2026-04-24T06:05:30.848+0000] {logging_mixin.py:188} INFO - [2026-04-24T06:05:30.834+0000] {dag.py:3036} INFO - Sync 1 DAGs
[2026-04-24T06:05:31.742+0000] {logging_mixin.py:188} INFO - [2026-04-24T06:05:31.739+0000] {dag.py:3823} INFO - Setting next_dagrun for weather_data_pipeline to 2026-04-24 06:00:00+00:00, run_after=2026-04-25 06:00:00+00:00
[2026-04-24T06:05:32.187+0000] {processor.py:183} INFO - Processing /opt/airflow/dags/weather_pipeline_dag.py took 3.732 seconds
[2026-04-24T06:06:04.674+0000] {processor.py:161} INFO - Started process (PID=1541) to work on /opt/airflow/dags/weather_pipeline_dag.py
[2026-04-24T06:06:04.701+0000] {processor.py:830} INFO - Processing file /opt/airflow/dags/weather_pipeline_dag.py for tasks to queue
[2026-04-24T06:06:04.714+0000] {logging_mixin.py:188} INFO - [2026-04-24T06:06:04.709+0000] {dagbag.py:538} INFO - Filling up the DagBag from /opt/airflow/dags/weather_pipeline_dag.py
[2026-04-24T06:06:05.402+0000] {processor.py:840} INFO - DAG(s) 'weather_data_pipeline' retrieved from /opt/airflow/dags/weather_pipeline_dag.py
[2026-04-24T06:06:08.034+0000] {logging_mixin.py:188} INFO - [2026-04-24T06:06:08.032+0000] {dag.py:3036} INFO - Sync 1 DAGs
[2026-04-24T06:06:08.747+0000] {logging_mixin.py:188} INFO - [2026-04-24T06:06:08.745+0000] {dag.py:3823} INFO - Setting next_dagrun for weather_data_pipeline to 2026-04-24 06:00:00+00:00, run_after=2026-04-25 06:00:00+00:00
[2026-04-24T06:06:09.859+0000] {processor.py:183} INFO - Processing /opt/airflow/dags/weather_pipeline_dag.py took 5.275 seconds
[2026-04-24T06:06:42.009+0000] {processor.py:161} INFO - Started process (PID=1552) to work on /opt/airflow/dags/weather_pipeline_dag.py
[2026-04-24T06:06:42.042+0000] {processor.py:830} INFO - Processing file /opt/airflow/dags/weather_pipeline_dag.py for tasks to queue
[2026-04-24T06:06:42.062+0000] {logging_mixin.py:188} INFO - [2026-04-24T06:06:42.059+0000] {dagbag.py:538} INFO - Filling up the DagBag from /opt/airflow/dags/weather_pipeline_dag.py
[2026-04-24T06:06:42.543+0000] {processor.py:840} INFO - DAG(s) 'weather_data_pipeline' retrieved from /opt/airflow/dags/weather_pipeline_dag.py
[2026-04-24T06:06:43.171+0000] {logging_mixin.py:188} INFO - [2026-04-24T06:06:43.169+0000] {dag.py:3036} INFO - Sync 1 DAGs
[2026-04-24T06:06:43.831+0000] {logging_mixin.py:188} INFO - [2026-04-24T06:06:43.817+0000] {dag.py:3823} INFO - Setting next_dagrun for weather_data_pipeline to 2026-04-24 06:00:00+00:00, run_after=2026-04-25 06:00:00+00:00
[2026-04-24T06:06:44.486+0000] {processor.py:183} INFO - Processing /opt/airflow/dags/weather_pipeline_dag.py took 2.579 seconds
[2026-04-24T06:07:13.604+0000] {processor.py:161} INFO - Started process (PID=1569) to work on /opt/airflow/dags/weather_pipeline_dag.py
[2026-04-24T06:07:13.636+0000] {processor.py:830} INFO - Processing file /opt/airflow/dags/weather_pipeline_dag.py for tasks to queue
[2026-04-24T06:07:13.655+0000] {logging_mixin.py:188} INFO - [2026-04-24T06:07:13.651+0000] {dagbag.py:538} INFO - Filling up the DagBag from /opt/airflow/dags/weather_pipeline_dag.py
[2026-04-24T06:07:14.234+0000] {processor.py:840} INFO - DAG(s) 'weather_data_pipeline' retrieved from /opt/airflow/dags/weather_pipeline_dag.py
[2026-04-24T06:07:15.106+0000] {logging_mixin.py:188} INFO - [2026-04-24T06:07:15.104+0000] {dag.py:3036} INFO - Sync 1 DAGs
[2026-04-24T06:07:15.979+0000] {logging_mixin.py:188} INFO - [2026-04-24T06:07:15.977+0000] {dag.py:3823} INFO - Setting next_dagrun for weather_data_pipeline to 2026-04-24 06:00:00+00:00, run_after=2026-04-25 06:00:00+00:00
[2026-04-24T06:07:16.583+0000] {processor.py:183} INFO - Processing /opt/airflow/dags/weather_pipeline_dag.py took 3.065 seconds
[2026-04-24T06:07:47.138+0000] {processor.py:161} INFO - Started process (PID=1580) to work on /opt/airflow/dags/weather_pipeline_dag.py
[2026-04-24T06:07:47.166+0000] {processor.py:830} INFO - Processing file /opt/airflow/dags/weather_pipeline_dag.py for tasks to queue
[2026-04-24T06:07:47.182+0000] {logging_mixin.py:188} INFO - [2026-04-24T06:07:47.178+0000] {dagbag.py:538} INFO - Filling up the DagBag from /opt/airflow/dags/weather_pipeline_dag.py
[2026-04-24T06:07:47.423+0000] {processor.py:840} INFO - DAG(s) 'weather_data_pipeline' retrieved from /opt/airflow/dags/weather_pipeline_dag.py
[2026-04-24T06:07:47.654+0000] {logging_mixin.py:188} INFO - [2026-04-24T06:07:47.652+0000] {dag.py:3036} INFO - Sync 1 DAGs
[2026-04-24T06:07:47.837+0000] {logging_mixin.py:188} INFO - [2026-04-24T06:07:47.835+0000] {dag.py:3823} INFO - Setting next_dagrun for weather_data_pipeline to 2026-04-24 06:00:00+00:00, run_after=2026-04-25 06:00:00+00:00
[2026-04-24T06:07:48.003+0000] {processor.py:183} INFO - Processing /opt/airflow/dags/weather_pipeline_dag.py took 0.920 seconds
[2026-04-24T06:08:20.450+0000] {processor.py:161} INFO - Started process (PID=1591) to work on /opt/airflow/dags/weather_pipeline_dag.py
[2026-04-24T06:08:20.526+0000] {processor.py:830} INFO - Processing file /opt/airflow/dags/weather_pipeline_dag.py for tasks to queue
[2026-04-24T06:08:20.559+0000] {logging_mixin.py:188} INFO - [2026-04-24T06:08:20.556+0000] {dagbag.py:538} INFO - Filling up the DagBag from /opt/airflow/dags/weather_pipeline_dag.py
[2026-04-24T06:08:24.766+0000] {processor.py:840} INFO - DAG(s) 'weather_data_pipeline' retrieved from /opt/airflow/dags/weather_pipeline_dag.py
[2026-04-24T06:08:26.995+0000] {logging_mixin.py:188} INFO - [2026-04-24T06:08:26.982+0000] {dag.py:3036} INFO - Sync 1 DAGs
[2026-04-24T06:08:27.921+0000] {logging_mixin.py:188} INFO - [2026-04-24T06:08:27.907+0000] {dag.py:3823} INFO - Setting next_dagrun for weather_data_pipeline to 2026-04-24 06:00:00+00:00, run_after=2026-04-25 06:00:00+00:00
[2026-04-24T06:08:28.594+0000] {processor.py:183} INFO - Processing /opt/airflow/dags/weather_pipeline_dag.py took 8.290 seconds
[2026-04-24T06:09:00.740+0000] {processor.py:161} INFO - Started process (PID=1602) to work on /opt/airflow/dags/weather_pipeline_dag.py
[2026-04-24T06:09:00.793+0000] {processor.py:830} INFO - Processing file /opt/airflow/dags/weather_pipeline_dag.py for tasks to queue
[2026-04-24T06:09:00.957+0000] {logging_mixin.py:188} INFO - [2026-04-24T06:09:00.813+0000] {dagbag.py:538} INFO - Filling up the DagBag from /opt/airflow/dags/weather_pipeline_dag.py
[2026-04-24T06:09:01.854+0000] {processor.py:840} INFO - DAG(s) 'weather_data_pipeline' retrieved from /opt/airflow/dags/weather_pipeline_dag.py
[2026-04-24T06:09:03.034+0000] {logging_mixin.py:188} INFO - [2026-04-24T06:09:03.032+0000] {dag.py:3036} INFO - Sync 1 DAGs
[2026-04-24T06:09:03.913+0000] {logging_mixin.py:188} INFO - [2026-04-24T06:09:03.897+0000] {dag.py:3823} INFO - Setting next_dagrun for weather_data_pipeline to 2026-04-24 06:00:00+00:00, run_after=2026-04-25 06:00:00+00:00
[2026-04-24T06:09:04.628+0000] {processor.py:183} INFO - Processing /opt/airflow/dags/weather_pipeline_dag.py took 4.010 seconds
[2026-04-24T06:09:37.581+0000] {processor.py:161} INFO - Started process (PID=1616) to work on /opt/airflow/dags/weather_pipeline_dag.py
[2026-04-24T06:09:37.635+0000] {processor.py:830} INFO - Processing file /opt/airflow/dags/weather_pipeline_dag.py for tasks to queue
[2026-04-24T06:09:37.674+0000] {logging_mixin.py:188} INFO - [2026-04-24T06:09:37.671+0000] {dagbag.py:538} INFO - Filling up the DagBag from /opt/airflow/dags/weather_pipeline_dag.py
[2026-04-24T06:09:38.885+0000] {processor.py:840} INFO - DAG(s) 'weather_data_pipeline' retrieved from /opt/airflow/dags/weather_pipeline_dag.py
[2026-04-24T06:09:40.030+0000] {logging_mixin.py:188} INFO - [2026-04-24T06:09:40.028+0000] {dag.py:3036} INFO - Sync 1 DAGs
[2026-04-24T06:09:40.861+0000] {logging_mixin.py:188} INFO - [2026-04-24T06:09:40.859+0000] {dag.py:3823} INFO - Setting next_dagrun for weather_data_pipeline to 2026-04-24 06:00:00+00:00, run_after=2026-04-25 06:00:00+00:00
[2026-04-24T06:09:41.385+0000] {processor.py:183} INFO - Processing /opt/airflow/dags/weather_pipeline_dag.py took 3.987 seconds
[2026-04-24T06:10:14.526+0000] {processor.py:161} INFO - Started process (PID=1635) to work on /opt/airflow/dags/weather_pipeline_dag.py
[2026-04-24T06:10:14.581+0000] {processor.py:830} INFO - Processing file /opt/airflow/dags/weather_pipeline_dag.py for tasks to queue
[2026-04-24T06:10:14.602+0000] {logging_mixin.py:188} INFO - [2026-04-24T06:10:14.599+0000] {dagbag.py:538} INFO - Filling up the DagBag from /opt/airflow/dags/weather_pipeline_dag.py
[2026-04-24T06:10:17.479+0000] {processor.py:840} INFO - DAG(s) 'weather_data_pipeline' retrieved from /opt/airflow/dags/weather_pipeline_dag.py
[2026-04-24T06:10:18.085+0000] {logging_mixin.py:188} INFO - [2026-04-24T06:10:18.083+0000] {dag.py:3036} INFO - Sync 1 DAGs
[2026-04-24T06:10:19.138+0000] {logging_mixin.py:188} INFO - [2026-04-24T06:10:19.122+0000] {dag.py:3823} INFO - Setting next_dagrun for weather_data_pipeline to 2026-04-24 06:00:00+00:00, run_after=2026-04-25 06:00:00+00:00
[2026-04-24T06:10:19.626+0000] {processor.py:183} INFO - Processing /opt/airflow/dags/weather_pipeline_dag.py took 5.179 seconds
[2026-04-24T06:10:52.950+0000] {processor.py:161} INFO - Started process (PID=1646) to work on /opt/airflow/dags/weather_pipeline_dag.py
[2026-04-24T06:10:53.138+0000] {processor.py:830} INFO - Processing file /opt/airflow/dags/weather_pipeline_dag.py for tasks to queue
[2026-04-24T06:10:53.180+0000] {logging_mixin.py:188} INFO - [2026-04-24T06:10:53.176+0000] {dagbag.py:538} INFO - Filling up the DagBag from /opt/airflow/dags/weather_pipeline_dag.py
[2026-04-24T06:10:54.153+0000] {processor.py:840} INFO - DAG(s) 'weather_data_pipeline' retrieved from /opt/airflow/dags/weather_pipeline_dag.py
[2026-04-24T06:10:56.766+0000] {logging_mixin.py:188} INFO - [2026-04-24T06:10:56.765+0000] {dag.py:3036} INFO - Sync 1 DAGs
[2026-04-24T06:10:57.748+0000] {logging_mixin.py:188} INFO - [2026-04-24T06:10:57.746+0000] {dag.py:3823} INFO - Setting next_dagrun for weather_data_pipeline to 2026-04-24 06:00:00+00:00, run_after=2026-04-25 06:00:00+00:00
[2026-04-24T06:10:58.457+0000] {processor.py:183} INFO - Processing /opt/airflow/dags/weather_pipeline_dag.py took 8.282 seconds
[2026-04-24T06:11:30.773+0000] {processor.py:161} INFO - Started process (PID=1657) to work on /opt/airflow/dags/weather_pipeline_dag.py
[2026-04-24T06:11:30.810+0000] {processor.py:830} INFO - Processing file /opt/airflow/dags/weather_pipeline_dag.py for tasks to queue
[2026-04-24T06:11:30.832+0000] {logging_mixin.py:188} INFO - [2026-04-24T06:11:30.828+0000] {dagbag.py:538} INFO - Filling up the DagBag from /opt/airflow/dags/weather_pipeline_dag.py
[2026-04-24T06:11:32.254+0000] {processor.py:840} INFO - DAG(s) 'weather_data_pipeline' retrieved from /opt/airflow/dags/weather_pipeline_dag.py
[2026-04-24T06:11:33.152+0000] {logging_mixin.py:188} INFO - [2026-04-24T06:11:33.139+0000] {dag.py:3036} INFO - Sync 1 DAGs
[2026-04-24T06:11:34.336+0000] {logging_mixin.py:188} INFO - [2026-04-24T06:11:34.334+0000] {dag.py:3823} INFO - Setting next_dagrun for weather_data_pipeline to 2026-04-24 06:00:00+00:00, run_after=2026-04-25 06:00:00+00:00
[2026-04-24T06:11:34.891+0000] {processor.py:183} INFO - Processing /opt/airflow/dags/weather_pipeline_dag.py took 4.226 seconds
[2026-04-24T06:12:08.348+0000] {processor.py:161} INFO - Started process (PID=1673) to work on /opt/airflow/dags/weather_pipeline_dag.py
[2026-04-24T06:12:08.433+0000] {processor.py:830} INFO - Processing file /opt/airflow/dags/weather_pipeline_dag.py for tasks to queue
[2026-04-24T06:12:08.600+0000] {logging_mixin.py:188} INFO - [2026-04-24T06:12:08.556+0000] {dagbag.py:538} INFO - Filling up the DagBag from /opt/airflow/dags/weather_pipeline_dag.py
[2026-04-24T06:12:12.009+0000] {processor.py:840} INFO - DAG(s) 'weather_data_pipeline' retrieved from /opt/airflow/dags/weather_pipeline_dag.py
[2026-04-24T06:12:13.628+0000] {logging_mixin.py:188} INFO - [2026-04-24T06:12:13.626+0000] {dag.py:3036} INFO - Sync 1 DAGs
[2026-04-24T06:12:14.361+0000] {logging_mixin.py:188} INFO - [2026-04-24T06:12:14.359+0000] {dag.py:3823} INFO - Setting next_dagrun for weather_data_pipeline to 2026-04-24 06:00:00+00:00, run_after=2026-04-25 06:00:00+00:00
[2026-04-24T06:12:15.057+0000] {processor.py:183} INFO - Processing /opt/airflow/dags/weather_pipeline_dag.py took 7.216 seconds
[2026-04-24T06:12:46.733+0000] {processor.py:161} INFO - Started process (PID=1684) to work on /opt/airflow/dags/weather_pipeline_dag.py
[2026-04-24T06:12:46.774+0000] {processor.py:830} INFO - Processing file /opt/airflow/dags/weather_pipeline_dag.py for tasks to queue
[2026-04-24T06:12:46.803+0000] {logging_mixin.py:188} INFO - [2026-04-24T06:12:46.799+0000] {dagbag.py:538} INFO - Filling up the DagBag from /opt/airflow/dags/weather_pipeline_dag.py
[2026-04-24T06:12:49.717+0000] {processor.py:840} INFO - DAG(s) 'weather_data_pipeline' retrieved from /opt/airflow/dags/weather_pipeline_dag.py
[2026-04-24T06:12:50.549+0000] {logging_mixin.py:188} INFO - [2026-04-24T06:12:50.545+0000] {dag.py:3036} INFO - Sync 1 DAGs
[2026-04-24T06:12:51.422+0000] {logging_mixin.py:188} INFO - [2026-04-24T06:12:51.407+0000] {dag.py:3823} INFO - Setting next_dagrun for weather_data_pipeline to 2026-04-24 06:00:00+00:00, run_after=2026-04-25 06:00:00+00:00
[2026-04-24T06:12:51.903+0000] {processor.py:183} INFO - Processing /opt/airflow/dags/weather_pipeline_dag.py took 5.243 seconds
[2026-04-24T06:13:23.626+0000] {processor.py:161} INFO - Started process (PID=1694) to work on /opt/airflow/dags/weather_pipeline_dag.py
[2026-04-24T06:13:23.640+0000] {processor.py:830} INFO - Processing file /opt/airflow/dags/weather_pipeline_dag.py for tasks to queue
[2026-04-24T06:13:23.659+0000] {logging_mixin.py:188} INFO - [2026-04-24T06:13:23.655+0000] {dagbag.py:538} INFO - Filling up the DagBag from /opt/airflow/dags/weather_pipeline_dag.py
[2026-04-24T06:13:24.028+0000] {processor.py:840} INFO - DAG(s) 'weather_data_pipeline' retrieved from /opt/airflow/dags/weather_pipeline_dag.py
[2026-04-24T06:13:24.325+0000] {logging_mixin.py:188} INFO - [2026-04-24T06:13:24.323+0000] {dag.py:3036} INFO - Sync 1 DAGs
[2026-04-24T06:13:24.809+0000] {logging_mixin.py:188} INFO - [2026-04-24T06:13:24.807+0000] {dag.py:3823} INFO - Setting next_dagrun for weather_data_pipeline to 2026-04-24 06:00:00+00:00, run_after=2026-04-25 06:00:00+00:00
[2026-04-24T06:13:25.158+0000] {processor.py:183} INFO - Processing /opt/airflow/dags/weather_pipeline_dag.py took 1.601 seconds
[2026-04-24T06:13:56.152+0000] {processor.py:161} INFO - Started process (PID=1705) to work on /opt/airflow/dags/weather_pipeline_dag.py
[2026-04-24T06:13:56.172+0000] {processor.py:830} INFO - Processing file /opt/airflow/dags/weather_pipeline_dag.py for tasks to queue
[2026-04-24T06:13:56.211+0000] {logging_mixin.py:188} INFO - [2026-04-24T06:13:56.189+0000] {dagbag.py:538} INFO - Filling up the DagBag from /opt/airflow/dags/weather_pipeline_dag.py
[2026-04-24T06:13:56.527+0000] {processor.py:840} INFO - DAG(s) 'weather_data_pipeline' retrieved from /opt/airflow/dags/weather_pipeline_dag.py
[2026-04-24T06:13:56.786+0000] {logging_mixin.py:188} INFO - [2026-04-24T06:13:56.784+0000] {dag.py:3036} INFO - Sync 1 DAGs
[2026-04-24T06:13:57.092+0000] {logging_mixin.py:188} INFO - [2026-04-24T06:13:57.089+0000] {dag.py:3823} INFO - Setting next_dagrun for weather_data_pipeline to 2026-04-24 06:00:00+00:00, run_after=2026-04-25 06:00:00+00:00
[2026-04-24T06:13:57.317+0000] {processor.py:183} INFO - Processing /opt/airflow/dags/weather_pipeline_dag.py took 1.321 seconds
[2026-04-24T06:14:27.661+0000] {processor.py:161} INFO - Started process (PID=1716) to work on /opt/airflow/dags/weather_pipeline_dag.py
[2026-04-24T06:14:27.668+0000] {processor.py:830} INFO - Processing file /opt/airflow/dags/weather_pipeline_dag.py for tasks to queue
[2026-04-24T06:14:27.676+0000] {logging_mixin.py:188} INFO - [2026-04-24T06:14:27.674+0000] {dagbag.py:538} INFO - Filling up the DagBag from /opt/airflow/dags/weather_pipeline_dag.py
[2026-04-24T06:14:27.858+0000] {processor.py:840} INFO - DAG(s) 'weather_data_pipeline' retrieved from /opt/airflow/dags/weather_pipeline_dag.py
[2026-04-24T06:14:28.054+0000] {logging_mixin.py:188} INFO - [2026-04-24T06:14:28.053+0000] {dag.py:3036} INFO - Sync 1 DAGs
[2026-04-24T06:14:28.293+0000] {logging_mixin.py:188} INFO - [2026-04-24T06:14:28.292+0000] {dag.py:3823} INFO - Setting next_dagrun for weather_data_pipeline to 2026-04-24 06:00:00+00:00, run_after=2026-04-25 06:00:00+00:00
[2026-04-24T06:14:28.477+0000] {processor.py:183} INFO - Processing /opt/airflow/dags/weather_pipeline_dag.py took 0.837 seconds
[2026-04-24T06:14:58.939+0000] {processor.py:161} INFO - Started process (PID=1733) to work on /opt/airflow/dags/weather_pipeline_dag.py
[2026-04-24T06:14:58.949+0000] {processor.py:830} INFO - Processing file /opt/airflow/dags/weather_pipeline_dag.py for tasks to queue
[2026-04-24T06:14:58.962+0000] {logging_mixin.py:188} INFO - [2026-04-24T06:14:58.958+0000] {dagbag.py:538} INFO - Filling up the DagBag from /opt/airflow/dags/weather_pipeline_dag.py
[2026-04-24T06:14:59.167+0000] {processor.py:840} INFO - DAG(s) 'weather_data_pipeline' retrieved from /opt/airflow/dags/weather_pipeline_dag.py
[2026-04-24T06:14:59.360+0000] {logging_mixin.py:188} INFO - [2026-04-24T06:14:59.358+0000] {dag.py:3036} INFO - Sync 1 DAGs
[2026-04-24T06:14:59.674+0000] {logging_mixin.py:188} INFO - [2026-04-24T06:14:59.672+0000] {dag.py:3823} INFO - Setting next_dagrun for weather_data_pipeline to 2026-04-24 06:00:00+00:00, run_after=2026-04-25 06:00:00+00:00
[2026-04-24T06:14:59.924+0000] {processor.py:183} INFO - Processing /opt/airflow/dags/weather_pipeline_dag.py took 1.014 seconds
[2026-04-24T06:15:30.306+0000] {processor.py:161} INFO - Started process (PID=1744) to work on /opt/airflow/dags/weather_pipeline_dag.py
[2026-04-24T06:15:30.319+0000] {processor.py:830} INFO - Processing file /opt/airflow/dags/weather_pipeline_dag.py for tasks to queue
[2026-04-24T06:15:30.328+0000] {logging_mixin.py:188} INFO - [2026-04-24T06:15:30.325+0000] {dagbag.py:538} INFO - Filling up the DagBag from /opt/airflow/dags/weather_pipeline_dag.py
[2026-04-24T06:15:30.746+0000] {processor.py:840} INFO - DAG(s) 'weather_data_pipeline' retrieved from /opt/airflow/dags/weather_pipeline_dag.py
[2026-04-24T06:15:31.085+0000] {logging_mixin.py:188} INFO - [2026-04-24T06:15:31.083+0000] {dag.py:3036} INFO - Sync 1 DAGs
[2026-04-24T06:15:31.247+0000] {logging_mixin.py:188} INFO - [2026-04-24T06:15:31.245+0000] {dag.py:3823} INFO - Setting next_dagrun for weather_data_pipeline to 2026-04-24 06:00:00+00:00, run_after=2026-04-25 06:00:00+00:00
[2026-04-24T06:15:31.373+0000] {processor.py:183} INFO - Processing /opt/airflow/dags/weather_pipeline_dag.py took 1.107 seconds
[2026-04-24T06:16:06.043+0000] {processor.py:161} INFO - Started process (PID=1755) to work on /opt/airflow/dags/weather_pipeline_dag.py
[2026-04-24T06:16:06.074+0000] {processor.py:830} INFO - Processing file /opt/airflow/dags/weather_pipeline_dag.py for tasks to queue
[2026-04-24T06:16:06.109+0000] {logging_mixin.py:188} INFO - [2026-04-24T06:16:06.107+0000] {dagbag.py:538} INFO - Filling up the DagBag from /opt/airflow/dags/weather_pipeline_dag.py
[2026-04-24T06:16:09.362+0000] {processor.py:840} INFO - DAG(s) 'weather_data_pipeline' retrieved from /opt/airflow/dags/weather_pipeline_dag.py
[2026-04-24T06:16:10.093+0000] {logging_mixin.py:188} INFO - [2026-04-24T06:16:10.091+0000] {dag.py:3036} INFO - Sync 1 DAGs
[2026-04-24T06:16:10.797+0000] {logging_mixin.py:188} INFO - [2026-04-24T06:16:10.795+0000] {dag.py:3823} INFO - Setting next_dagrun for weather_data_pipeline to 2026-04-24 06:00:00+00:00, run_after=2026-04-25 06:00:00+00:00
[2026-04-24T06:16:11.205+0000] {processor.py:183} INFO - Processing /opt/airflow/dags/weather_pipeline_dag.py took 5.238 seconds
[2026-04-24T06:16:43.730+0000] {processor.py:161} INFO - Started process (PID=1766) to work on /opt/airflow/dags/weather_pipeline_dag.py
[2026-04-24T06:16:43.774+0000] {processor.py:830} INFO - Processing file /opt/airflow/dags/weather_pipeline_dag.py for tasks to queue
[2026-04-24T06:16:43.940+0000] {logging_mixin.py:188} INFO - [2026-04-24T06:16:43.937+0000] {dagbag.py:538} INFO - Filling up the DagBag from /opt/airflow/dags/weather_pipeline_dag.py
[2026-04-24T06:16:44.542+0000] {processor.py:840} INFO - DAG(s) 'weather_data_pipeline' retrieved from /opt/airflow/dags/weather_pipeline_dag.py
[2026-04-24T06:16:45.044+0000] {logging_mixin.py:188} INFO - [2026-04-24T06:16:45.033+0000] {dag.py:3036} INFO - Sync 1 DAGs
[2026-04-24T06:16:45.406+0000] {logging_mixin.py:188} INFO - [2026-04-24T06:16:45.404+0000] {dag.py:3823} INFO - Setting next_dagrun for weather_data_pipeline to 2026-04-24 06:00:00+00:00, run_after=2026-04-25 06:00:00+00:00
[2026-04-24T06:16:45.684+0000] {processor.py:183} INFO - Processing /opt/airflow/dags/weather_pipeline_dag.py took 2.053 seconds
[2026-04-24T06:17:16.162+0000] {processor.py:161} INFO - Started process (PID=1777) to work on /opt/airflow/dags/weather_pipeline_dag.py
[2026-04-24T06:17:16.173+0000] {processor.py:830} INFO - Processing file /opt/airflow/dags/weather_pipeline_dag.py for tasks to queue
[2026-04-24T06:17:16.181+0000] {logging_mixin.py:188} INFO - [2026-04-24T06:17:16.179+0000] {dagbag.py:538} INFO - Filling up the DagBag from /opt/airflow/dags/weather_pipeline_dag.py
[2026-04-24T06:17:16.448+0000] {processor.py:840} INFO - DAG(s) 'weather_data_pipeline' retrieved from /opt/airflow/dags/weather_pipeline_dag.py
[2026-04-24T06:17:16.702+0000] {logging_mixin.py:188} INFO - [2026-04-24T06:17:16.700+0000] {dag.py:3036} INFO - Sync 1 DAGs
[2026-04-24T06:17:16.895+0000] {logging_mixin.py:188} INFO - [2026-04-24T06:17:16.894+0000] {dag.py:3823} INFO - Setting next_dagrun for weather_data_pipeline to 2026-04-24 06:00:00+00:00, run_after=2026-04-25 06:00:00+00:00
[2026-04-24T06:17:17.075+0000] {processor.py:183} INFO - Processing /opt/airflow/dags/weather_pipeline_dag.py took 0.939 seconds
[2026-04-24T06:17:47.940+0000] {processor.py:161} INFO - Started process (PID=1788) to work on /opt/airflow/dags/weather_pipeline_dag.py
[2026-04-24T06:17:47.977+0000] {processor.py:830} INFO - Processing file /opt/airflow/dags/weather_pipeline_dag.py for tasks to queue
[2026-04-24T06:17:47.989+0000] {logging_mixin.py:188} INFO - [2026-04-24T06:17:47.984+0000] {dagbag.py:538} INFO - Filling up the DagBag from /opt/airflow/dags/weather_pipeline_dag.py
[2026-04-24T06:17:48.291+0000] {processor.py:840} INFO - DAG(s) 'weather_data_pipeline' retrieved from /opt/airflow/dags/weather_pipeline_dag.py
[2026-04-24T06:17:49.707+0000] {logging_mixin.py:188} INFO - [2026-04-24T06:17:49.705+0000] {dag.py:3036} INFO - Sync 1 DAGs
[2026-04-24T06:17:50.486+0000] {logging_mixin.py:188} INFO - [2026-04-24T06:17:50.484+0000] {dag.py:3823} INFO - Setting next_dagrun for weather_data_pipeline to 2026-04-24 06:00:00+00:00, run_after=2026-04-25 06:00:00+00:00
[2026-04-24T06:17:50.936+0000] {processor.py:183} INFO - Processing /opt/airflow/dags/weather_pipeline_dag.py took 3.072 seconds
[2026-04-24T06:18:22.631+0000] {processor.py:161} INFO - Started process (PID=1798) to work on /opt/airflow/dags/weather_pipeline_dag.py
[2026-04-24T06:18:22.669+0000] {processor.py:830} INFO - Processing file /opt/airflow/dags/weather_pipeline_dag.py for tasks to queue
[2026-04-24T06:18:22.706+0000] {logging_mixin.py:188} INFO - [2026-04-24T06:18:22.694+0000] {dagbag.py:538} INFO - Filling up the DagBag from /opt/airflow/dags/weather_pipeline_dag.py
[2026-04-24T06:18:23.028+0000] {processor.py:840} INFO - DAG(s) 'weather_data_pipeline' retrieved from /opt/airflow/dags/weather_pipeline_dag.py
[2026-04-24T06:18:23.499+0000] {logging_mixin.py:188} INFO - [2026-04-24T06:18:23.497+0000] {dag.py:3036} INFO - Sync 1 DAGs
[2026-04-24T06:18:23.786+0000] {logging_mixin.py:188} INFO - [2026-04-24T06:18:23.785+0000] {dag.py:3823} INFO - Setting next_dagrun for weather_data_pipeline to 2026-04-24 06:00:00+00:00, run_after=2026-04-25 06:00:00+00:00
[2026-04-24T06:18:23.955+0000] {processor.py:183} INFO - Processing /opt/airflow/dags/weather_pipeline_dag.py took 1.387 seconds
[2026-04-24T06:18:55.437+0000] {processor.py:161} INFO - Started process (PID=1816) to work on /opt/airflow/dags/weather_pipeline_dag.py
[2026-04-24T06:18:55.466+0000] {processor.py:830} INFO - Processing file /opt/airflow/dags/weather_pipeline_dag.py for tasks to queue
[2026-04-24T06:18:55.483+0000] {logging_mixin.py:188} INFO - [2026-04-24T06:18:55.471+0000] {dagbag.py:538} INFO - Filling up the DagBag from /opt/airflow/dags/weather_pipeline_dag.py
[2026-04-24T06:18:53.507+0000] {processor.py:840} INFO - DAG(s) 'weather_data_pipeline' retrieved from /opt/airflow/dags/weather_pipeline_dag.py
[2026-04-24T06:18:53.988+0000] {logging_mixin.py:188} INFO - [2026-04-24T06:18:53.986+0000] {dag.py:3036} INFO - Sync 1 DAGs
[2026-04-24T06:18:54.215+0000] {logging_mixin.py:188} INFO - [2026-04-24T06:18:54.213+0000] {dag.py:3823} INFO - Setting next_dagrun for weather_data_pipeline to 2026-04-24 06:00:00+00:00, run_after=2026-04-25 06:00:00+00:00
[2026-04-24T06:18:54.351+0000] {processor.py:183} INFO - Processing /opt/airflow/dags/weather_pipeline_dag.py took 1.507 seconds
[2026-04-24T06:19:24.922+0000] {processor.py:161} INFO - Started process (PID=1827) to work on /opt/airflow/dags/weather_pipeline_dag.py
[2026-04-24T06:19:24.931+0000] {processor.py:830} INFO - Processing file /opt/airflow/dags/weather_pipeline_dag.py for tasks to queue
[2026-04-24T06:19:24.939+0000] {logging_mixin.py:188} INFO - [2026-04-24T06:19:24.937+0000] {dagbag.py:538} INFO - Filling up the DagBag from /opt/airflow/dags/weather_pipeline_dag.py
[2026-04-24T06:19:25.341+0000] {processor.py:840} INFO - DAG(s) 'weather_data_pipeline' retrieved from /opt/airflow/dags/weather_pipeline_dag.py
[2026-04-24T06:19:25.963+0000] {logging_mixin.py:188} INFO - [2026-04-24T06:19:25.961+0000] {dag.py:3036} INFO - Sync 1 DAGs
[2026-04-24T06:19:26.889+0000] {logging_mixin.py:188} INFO - [2026-04-24T06:19:26.887+0000] {dag.py:3823} INFO - Setting next_dagrun for weather_data_pipeline to 2026-04-24 06:00:00+00:00, run_after=2026-04-25 06:00:00+00:00
[2026-04-24T06:19:27.175+0000] {processor.py:183} INFO - Processing /opt/airflow/dags/weather_pipeline_dag.py took 2.283 seconds
[2026-04-24T06:19:59.625+0000] {processor.py:161} INFO - Started process (PID=1838) to work on /opt/airflow/dags/weather_pipeline_dag.py
[2026-04-24T06:19:59.762+0000] {processor.py:830} INFO - Processing file /opt/airflow/dags/weather_pipeline_dag.py for tasks to queue
[2026-04-24T06:19:59.826+0000] {logging_mixin.py:188} INFO - [2026-04-24T06:19:59.822+0000] {dagbag.py:538} INFO - Filling up the DagBag from /opt/airflow/dags/weather_pipeline_dag.py
[2026-04-24T06:20:02.923+0000] {processor.py:840} INFO - DAG(s) 'weather_data_pipeline' retrieved from /opt/airflow/dags/weather_pipeline_dag.py
[2026-04-24T06:20:04.117+0000] {logging_mixin.py:188} INFO - [2026-04-24T06:20:04.115+0000] {dag.py:3036} INFO - Sync 1 DAGs
[2026-04-24T06:20:04.833+0000] {logging_mixin.py:188} INFO - [2026-04-24T06:20:04.831+0000] {dag.py:3823} INFO - Setting next_dagrun for weather_data_pipeline to 2026-04-24 06:00:00+00:00, run_after=2026-04-25 06:00:00+00:00
[2026-04-24T06:20:05.393+0000] {processor.py:183} INFO - Processing /opt/airflow/dags/weather_pipeline_dag.py took 5.904 seconds
[2026-04-24T06:20:36.657+0000] {processor.py:161} INFO - Started process (PID=1849) to work on /opt/airflow/dags/weather_pipeline_dag.py
[2026-04-24T06:20:36.687+0000] {processor.py:830} INFO - Processing file /opt/airflow/dags/weather_pipeline_dag.py for tasks to queue
[2026-04-24T06:20:36.707+0000] {logging_mixin.py:188} INFO - [2026-04-24T06:20:36.703+0000] {dagbag.py:538} INFO - Filling up the DagBag from /opt/airflow/dags/weather_pipeline_dag.py
[2026-04-24T06:20:36.970+0000] {processor.py:840} INFO - DAG(s) 'weather_data_pipeline' retrieved from /opt/airflow/dags/weather_pipeline_dag.py
[2026-04-24T06:20:37.186+0000] {logging_mixin.py:188} INFO - [2026-04-24T06:20:37.184+0000] {dag.py:3036} INFO - Sync 1 DAGs
[2026-04-24T06:20:37.420+0000] {logging_mixin.py:188} INFO - [2026-04-24T06:20:37.419+0000] {dag.py:3823} INFO - Setting next_dagrun for weather_data_pipeline to 2026-04-24 06:00:00+00:00, run_after=2026-04-25 06:00:00+00:00
[2026-04-24T06:20:38.242+0000] {processor.py:183} INFO - Processing /opt/airflow/dags/weather_pipeline_dag.py took 1.669 seconds
[2026-04-24T06:21:09.543+0000] {processor.py:161} INFO - Started process (PID=1860) to work on /opt/airflow/dags/weather_pipeline_dag.py
[2026-04-24T06:21:09.550+0000] {processor.py:830} INFO - Processing file /opt/airflow/dags/weather_pipeline_dag.py for tasks to queue
[2026-04-24T06:21:09.559+0000] {logging_mixin.py:188} INFO - [2026-04-24T06:21:09.556+0000] {dagbag.py:538} INFO - Filling up the DagBag from /opt/airflow/dags/weather_pipeline_dag.py
[2026-04-24T06:21:09.758+0000] {processor.py:840} INFO - DAG(s) 'weather_data_pipeline' retrieved from /opt/airflow/dags/weather_pipeline_dag.py
[2026-04-24T06:21:09.965+0000] {logging_mixin.py:188} INFO - [2026-04-24T06:21:09.964+0000] {dag.py:3036} INFO - Sync 1 DAGs
[2026-04-24T06:21:10.306+0000] {logging_mixin.py:188} INFO - [2026-04-24T06:21:10.304+0000] {dag.py:3823} INFO - Setting next_dagrun for weather_data_pipeline to 2026-04-24 06:00:00+00:00, run_after=2026-04-25 06:00:00+00:00
[2026-04-24T06:21:10.650+0000] {processor.py:183} INFO - Processing /opt/airflow/dags/weather_pipeline_dag.py took 1.128 seconds
[2026-04-24T06:21:41.612+0000] {processor.py:161} INFO - Started process (PID=1871) to work on /opt/airflow/dags/weather_pipeline_dag.py
[2026-04-24T06:21:41.631+0000] {processor.py:830} INFO - Processing file /opt/airflow/dags/weather_pipeline_dag.py for tasks to queue
[2026-04-24T06:21:41.653+0000] {logging_mixin.py:188} INFO - [2026-04-24T06:21:41.649+0000] {dagbag.py:538} INFO - Filling up the DagBag from /opt/airflow/dags/weather_pipeline_dag.py
[2026-04-24T06:21:41.929+0000] {processor.py:840} INFO - DAG(s) 'weather_data_pipeline' retrieved from /opt/airflow/dags/weather_pipeline_dag.py
[2026-04-24T06:21:42.109+0000] {logging_mixin.py:188} INFO - [2026-04-24T06:21:42.108+0000] {dag.py:3036} INFO - Sync 1 DAGs
[2026-04-24T06:21:42.265+0000] {logging_mixin.py:188} INFO - [2026-04-24T06:21:42.264+0000] {dag.py:3823} INFO - Setting next_dagrun for weather_data_pipeline to 2026-04-24 06:00:00+00:00, run_after=2026-04-25 06:00:00+00:00
[2026-04-24T06:21:42.399+0000] {processor.py:183} INFO - Processing /opt/airflow/dags/weather_pipeline_dag.py took 0.861 seconds
[2026-04-24T06:22:14.977+0000] {processor.py:161} INFO - Started process (PID=1888) to work on /opt/airflow/dags/weather_pipeline_dag.py
[2026-04-24T06:22:15.002+0000] {processor.py:830} INFO - Processing file /opt/airflow/dags/weather_pipeline_dag.py for tasks to queue
[2026-04-24T06:22:15.026+0000] {logging_mixin.py:188} INFO - [2026-04-24T06:22:15.021+0000] {dagbag.py:538} INFO - Filling up the DagBag from /opt/airflow/dags/weather_pipeline_dag.py
[2026-04-24T06:22:16.317+0000] {processor.py:840} INFO - DAG(s) 'weather_data_pipeline' retrieved from /opt/airflow/dags/weather_pipeline_dag.py
[2026-04-24T06:22:17.244+0000] {logging_mixin.py:188} INFO - [2026-04-24T06:22:17.242+0000] {dag.py:3036} INFO - Sync 1 DAGs
[2026-04-24T06:22:18.237+0000] {logging_mixin.py:188} INFO - [2026-04-24T06:22:18.235+0000] {dag.py:3823} INFO - Setting next_dagrun for weather_data_pipeline to 2026-04-24 06:00:00+00:00, run_after=2026-04-25 06:00:00+00:00
[2026-04-24T06:22:18.620+0000] {processor.py:183} INFO - Processing /opt/airflow/dags/weather_pipeline_dag.py took 3.787 seconds
[2026-04-24T06:22:49.583+0000] {processor.py:161} INFO - Started process (PID=1899) to work on /opt/airflow/dags/weather_pipeline_dag.py
[2026-04-24T06:22:49.596+0000] {processor.py:830} INFO - Processing file /opt/airflow/dags/weather_pipeline_dag.py for tasks to queue
[2026-04-24T06:22:49.608+0000] {logging_mixin.py:188} INFO - [2026-04-24T06:22:49.603+0000] {dagbag.py:538} INFO - Filling up the DagBag from /opt/airflow/dags/weather_pipeline_dag.py
[2026-04-24T06:22:49.870+0000] {processor.py:840} INFO - DAG(s) 'weather_data_pipeline' retrieved from /opt/airflow/dags/weather_pipeline_dag.py
[2026-04-24T06:22:50.153+0000] {logging_mixin.py:188} INFO - [2026-04-24T06:22:50.152+0000] {dag.py:3036} INFO - Sync 1 DAGs
[2026-04-24T06:22:50.354+0000] {logging_mixin.py:188} INFO - [2026-04-24T06:22:50.353+0000] {dag.py:3823} INFO - Setting next_dagrun for weather_data_pipeline to 2026-04-24 06:00:00+00:00, run_after=2026-04-25 06:00:00+00:00
[2026-04-24T06:22:50.563+0000] {processor.py:183} INFO - Processing /opt/airflow/dags/weather_pipeline_dag.py took 1.015 seconds
[2026-04-24T06:23:21.710+0000] {processor.py:161} INFO - Started process (PID=1911) to work on /opt/airflow/dags/weather_pipeline_dag.py
[2026-04-24T06:23:21.718+0000] {processor.py:830} INFO - Processing file /opt/airflow/dags/weather_pipeline_dag.py for tasks to queue
[2026-04-24T06:23:21.739+0000] {logging_mixin.py:188} INFO - [2026-04-24T06:23:21.724+0000] {dagbag.py:538} INFO - Filling up the DagBag from /opt/airflow/dags/weather_pipeline_dag.py
[2026-04-24T06:23:22.054+0000] {processor.py:840} INFO - DAG(s) 'weather_data_pipeline' retrieved from /opt/airflow/dags/weather_pipeline_dag.py
[2026-04-24T06:23:22.298+0000] {logging_mixin.py:188} INFO - [2026-04-24T06:23:22.297+0000] {dag.py:3036} INFO - Sync 1 DAGs
[2026-04-24T06:23:22.630+0000] {logging_mixin.py:188} INFO - [2026-04-24T06:23:22.629+0000] {dag.py:3823} INFO - Setting next_dagrun for weather_data_pipeline to 2026-04-24 06:00:00+00:00, run_after=2026-04-25 06:00:00+00:00
[2026-04-24T06:23:22.776+0000] {processor.py:183} INFO - Processing /opt/airflow/dags/weather_pipeline_dag.py took 1.119 seconds
[2026-04-24T06:23:53.518+0000] {processor.py:161} INFO - Started process (PID=1922) to work on /opt/airflow/dags/weather_pipeline_dag.py
[2026-04-24T06:23:53.530+0000] {processor.py:830} INFO - Processing file /opt/airflow/dags/weather_pipeline_dag.py for tasks to queue
[2026-04-24T06:23:53.548+0000] {logging_mixin.py:188} INFO - [2026-04-24T06:23:53.544+0000] {dagbag.py:538} INFO - Filling up the DagBag from /opt/airflow/dags/weather_pipeline_dag.py
[2026-04-24T06:23:53.861+0000] {processor.py:840} INFO - DAG(s) 'weather_data_pipeline' retrieved from /opt/airflow/dags/weather_pipeline_dag.py
[2026-04-24T06:23:54.617+0000] {logging_mixin.py:188} INFO - [2026-04-24T06:23:54.615+0000] {dag.py:3036} INFO - Sync 1 DAGs
[2026-04-24T06:23:55.223+0000] {logging_mixin.py:188} INFO - [2026-04-24T06:23:55.220+0000] {dag.py:3823} INFO - Setting next_dagrun for weather_data_pipeline to 2026-04-24 06:00:00+00:00, run_after=2026-04-25 06:00:00+00:00
[2026-04-24T06:23:55.551+0000] {processor.py:183} INFO - Processing /opt/airflow/dags/weather_pipeline_dag.py took 2.061 seconds
[2026-04-24T06:24:26.801+0000] {processor.py:161} INFO - Started process (PID=1934) to work on /opt/airflow/dags/weather_pipeline_dag.py
[2026-04-24T06:24:26.822+0000] {processor.py:830} INFO - Processing file /opt/airflow/dags/weather_pipeline_dag.py for tasks to queue
[2026-04-24T06:24:26.841+0000] {logging_mixin.py:188} INFO - [2026-04-24T06:24:26.837+0000] {dagbag.py:538} INFO - Filling up the DagBag from /opt/airflow/dags/weather_pipeline_dag.py
[2026-04-24T06:24:27.188+0000] {processor.py:840} INFO - DAG(s) 'weather_data_pipeline' retrieved from /opt/airflow/dags/weather_pipeline_dag.py
[2026-04-24T06:24:25.473+0000] {logging_mixin.py:188} INFO - [2026-04-24T06:24:25.470+0000] {dag.py:3036} INFO - Sync 1 DAGs
[2026-04-24T06:24:26.135+0000] {logging_mixin.py:188} INFO - [2026-04-24T06:24:26.133+0000] {dag.py:3823} INFO - Setting next_dagrun for weather_data_pipeline to 2026-04-24 06:00:00+00:00, run_after=2026-04-25 06:00:00+00:00
[2026-04-24T06:24:26.592+0000] {processor.py:183} INFO - Processing /opt/airflow/dags/weather_pipeline_dag.py took 2.544 seconds
[2026-04-24T06:24:57.841+0000] {processor.py:161} INFO - Started process (PID=1945) to work on /opt/airflow/dags/weather_pipeline_dag.py
[2026-04-24T06:24:57.851+0000] {processor.py:830} INFO - Processing file /opt/airflow/dags/weather_pipeline_dag.py for tasks to queue
[2026-04-24T06:24:57.863+0000] {logging_mixin.py:188} INFO - [2026-04-24T06:24:57.860+0000] {dagbag.py:538} INFO - Filling up the DagBag from /opt/airflow/dags/weather_pipeline_dag.py
[2026-04-24T06:24:58.292+0000] {processor.py:840} INFO - DAG(s) 'weather_data_pipeline' retrieved from /opt/airflow/dags/weather_pipeline_dag.py
[2026-04-24T06:24:58.713+0000] {logging_mixin.py:188} INFO - [2026-04-24T06:24:58.711+0000] {dag.py:3036} INFO - Sync 1 DAGs
[2026-04-24T06:24:59.185+0000] {logging_mixin.py:188} INFO - [2026-04-24T06:24:59.183+0000] {dag.py:3823} INFO - Setting next_dagrun for weather_data_pipeline to 2026-04-24 06:00:00+00:00, run_after=2026-04-25 06:00:00+00:00
[2026-04-24T06:24:59.391+0000] {processor.py:183} INFO - Processing /opt/airflow/dags/weather_pipeline_dag.py took 1.590 seconds
[2026-04-24T06:25:31.313+0000] {processor.py:161} INFO - Started process (PID=1956) to work on /opt/airflow/dags/weather_pipeline_dag.py
[2026-04-24T06:25:31.405+0000] {processor.py:830} INFO - Processing file /opt/airflow/dags/weather_pipeline_dag.py for tasks to queue
[2026-04-24T06:25:31.446+0000] {logging_mixin.py:188} INFO - [2026-04-24T06:25:31.430+0000] {dagbag.py:538} INFO - Filling up the DagBag from /opt/airflow/dags/weather_pipeline_dag.py
[2026-04-24T06:25:33.603+0000] {processor.py:840} INFO - DAG(s) 'weather_data_pipeline' retrieved from /opt/airflow/dags/weather_pipeline_dag.py
[2026-04-24T06:25:34.361+0000] {logging_mixin.py:188} INFO - [2026-04-24T06:25:34.358+0000] {dag.py:3036} INFO - Sync 1 DAGs
[2026-04-24T06:25:35.451+0000] {logging_mixin.py:188} INFO - [2026-04-24T06:25:35.449+0000] {dag.py:3823} INFO - Setting next_dagrun for weather_data_pipeline to 2026-04-24 06:00:00+00:00, run_after=2026-04-25 06:00:00+00:00
[2026-04-24T06:25:36.462+0000] {processor.py:183} INFO - Processing /opt/airflow/dags/weather_pipeline_dag.py took 5.240 seconds
[2026-04-24T06:26:07.951+0000] {processor.py:161} INFO - Started process (PID=1973) to work on /opt/airflow/dags/weather_pipeline_dag.py
[2026-04-24T06:26:08.032+0000] {processor.py:830} INFO - Processing file /opt/airflow/dags/weather_pipeline_dag.py for tasks to queue
[2026-04-24T06:26:08.083+0000] {logging_mixin.py:188} INFO - [2026-04-24T06:26:08.080+0000] {dagbag.py:538} INFO - Filling up the DagBag from /opt/airflow/dags/weather_pipeline_dag.py
[2026-04-24T06:26:09.671+0000] {processor.py:840} INFO - DAG(s) 'weather_data_pipeline' retrieved from /opt/airflow/dags/weather_pipeline_dag.py
[2026-04-24T06:26:10.385+0000] {logging_mixin.py:188} INFO - [2026-04-24T06:26:10.383+0000] {dag.py:3036} INFO - Sync 1 DAGs
[2026-04-24T06:26:11.065+0000] {logging_mixin.py:188} INFO - [2026-04-24T06:26:11.063+0000] {dag.py:3823} INFO - Setting next_dagrun for weather_data_pipeline to 2026-04-24 06:00:00+00:00, run_after=2026-04-25 06:00:00+00:00
[2026-04-24T06:26:11.504+0000] {processor.py:183} INFO - Processing /opt/airflow/dags/weather_pipeline_dag.py took 3.670 seconds
[2026-04-24T06:26:42.835+0000] {processor.py:161} INFO - Started process (PID=1984) to work on /opt/airflow/dags/weather_pipeline_dag.py
[2026-04-24T06:26:42.845+0000] {processor.py:830} INFO - Processing file /opt/airflow/dags/weather_pipeline_dag.py for tasks to queue
[2026-04-24T06:26:42.856+0000] {logging_mixin.py:188} INFO - [2026-04-24T06:26:42.853+0000] {dagbag.py:538} INFO - Filling up the DagBag from /opt/airflow/dags/weather_pipeline_dag.py
[2026-04-24T06:26:43.201+0000] {processor.py:840} INFO - DAG(s) 'weather_data_pipeline' retrieved from /opt/airflow/dags/weather_pipeline_dag.py
[2026-04-24T06:26:43.383+0000] {logging_mixin.py:188} INFO - [2026-04-24T06:26:43.381+0000] {dag.py:3036} INFO - Sync 1 DAGs
[2026-04-24T06:26:43.578+0000] {logging_mixin.py:188} INFO - [2026-04-24T06:26:43.576+0000] {dag.py:3823} INFO - Setting next_dagrun for weather_data_pipeline to 2026-04-24 06:00:00+00:00, run_after=2026-04-25 06:00:00+00:00
[2026-04-24T06:26:43.714+0000] {processor.py:183} INFO - Processing /opt/airflow/dags/weather_pipeline_dag.py took 0.908 seconds
[2026-04-24T06:27:14.978+0000] {processor.py:161} INFO - Started process (PID=1994) to work on /opt/airflow/dags/weather_pipeline_dag.py
[2026-04-24T06:27:15.006+0000] {processor.py:830} INFO - Processing file /opt/airflow/dags/weather_pipeline_dag.py for tasks to queue
[2026-04-24T06:27:15.040+0000] {logging_mixin.py:188} INFO - [2026-04-24T06:27:15.024+0000] {dagbag.py:538} INFO - Filling up the DagBag from /opt/airflow/dags/weather_pipeline_dag.py
[2026-04-24T06:27:15.537+0000] {processor.py:840} INFO - DAG(s) 'weather_data_pipeline' retrieved from /opt/airflow/dags/weather_pipeline_dag.py
[2026-04-24T06:27:15.839+0000] {logging_mixin.py:188} INFO - [2026-04-24T06:27:15.838+0000] {dag.py:3036} INFO - Sync 1 DAGs
[2026-04-24T06:27:16.375+0000] {logging_mixin.py:188} INFO - [2026-04-24T06:27:16.362+0000] {dag.py:3823} INFO - Setting next_dagrun for weather_data_pipeline to 2026-04-24 06:00:00+00:00, run_after=2026-04-25 06:00:00+00:00
[2026-04-24T06:27:16.935+0000] {processor.py:183} INFO - Processing /opt/airflow/dags/weather_pipeline_dag.py took 2.021 seconds
[2026-04-24T06:27:48.809+0000] {processor.py:161} INFO - Started process (PID=2005) to work on /opt/airflow/dags/weather_pipeline_dag.py
[2026-04-24T06:27:48.837+0000] {processor.py:830} INFO - Processing file /opt/airflow/dags/weather_pipeline_dag.py for tasks to queue
[2026-04-24T06:27:48.862+0000] {logging_mixin.py:188} INFO - [2026-04-24T06:27:48.857+0000] {dagbag.py:538} INFO - Filling up the DagBag from /opt/airflow/dags/weather_pipeline_dag.py
[2026-04-24T06:27:50.723+0000] {processor.py:840} INFO - DAG(s) 'weather_data_pipeline' retrieved from /opt/airflow/dags/weather_pipeline_dag.py
[2026-04-24T06:27:51.405+0000] {logging_mixin.py:188} INFO - [2026-04-24T06:27:51.404+0000] {dag.py:3036} INFO - Sync 1 DAGs
[2026-04-24T06:27:52.306+0000] {logging_mixin.py:188} INFO - [2026-04-24T06:27:52.292+0000] {dag.py:3823} INFO - Setting next_dagrun for weather_data_pipeline to 2026-04-24 06:00:00+00:00, run_after=2026-04-25 06:00:00+00:00
[2026-04-24T06:27:52.977+0000] {processor.py:183} INFO - Processing /opt/airflow/dags/weather_pipeline_dag.py took 4.270 seconds
[2026-04-24T06:28:23.686+0000] {processor.py:161} INFO - Started process (PID=2016) to work on /opt/airflow/dags/weather_pipeline_dag.py
[2026-04-24T06:28:23.697+0000] {processor.py:830} INFO - Processing file /opt/airflow/dags/weather_pipeline_dag.py for tasks to queue
[2026-04-24T06:28:23.703+0000] {logging_mixin.py:188} INFO - [2026-04-24T06:28:23.701+0000] {dagbag.py:538} INFO - Filling up the DagBag from /opt/airflow/dags/weather_pipeline_dag.py
[2026-04-24T06:28:23.996+0000] {processor.py:840} INFO - DAG(s) 'weather_data_pipeline' retrieved from /opt/airflow/dags/weather_pipeline_dag.py
[2026-04-24T06:28:24.266+0000] {logging_mixin.py:188} INFO - [2026-04-24T06:28:24.265+0000] {dag.py:3036} INFO - Sync 1 DAGs
[2026-04-24T06:28:24.465+0000] {logging_mixin.py:188} INFO - [2026-04-24T06:28:24.462+0000] {dag.py:3823} INFO - Setting next_dagrun for weather_data_pipeline to 2026-04-24 06:00:00+00:00, run_after=2026-04-25 06:00:00+00:00
[2026-04-24T06:28:24.630+0000] {processor.py:183} INFO - Processing /opt/airflow/dags/weather_pipeline_dag.py took 0.971 seconds
[2026-04-24T06:28:55.622+0000] {processor.py:161} INFO - Started process (PID=2026) to work on /opt/airflow/dags/weather_pipeline_dag.py
[2026-04-24T06:28:55.644+0000] {processor.py:830} INFO - Processing file /opt/airflow/dags/weather_pipeline_dag.py for tasks to queue
[2026-04-24T06:28:55.667+0000] {logging_mixin.py:188} INFO - [2026-04-24T06:28:55.659+0000] {dagbag.py:538} INFO - Filling up the DagBag from /opt/airflow/dags/weather_pipeline_dag.py
[2026-04-24T06:28:56.358+0000] {processor.py:840} INFO - DAG(s) 'weather_data_pipeline' retrieved from /opt/airflow/dags/weather_pipeline_dag.py
[2026-04-24T06:28:56.574+0000] {logging_mixin.py:188} INFO - [2026-04-24T06:28:56.563+0000] {dag.py:3036} INFO - Sync 1 DAGs
[2026-04-24T06:28:56.867+0000] {logging_mixin.py:188} INFO - [2026-04-24T06:28:56.865+0000] {dag.py:3823} INFO - Setting next_dagrun for weather_data_pipeline to 2026-04-24 06:00:00+00:00, run_after=2026-04-25 06:00:00+00:00
[2026-04-24T06:28:57.115+0000] {processor.py:183} INFO - Processing /opt/airflow/dags/weather_pipeline_dag.py took 1.553 seconds
[2026-04-24T06:29:27.707+0000] {processor.py:161} INFO - Started process (PID=2043) to work on /opt/airflow/dags/weather_pipeline_dag.py
[2026-04-24T06:29:27.717+0000] {processor.py:830} INFO - Processing file /opt/airflow/dags/weather_pipeline_dag.py for tasks to queue
[2026-04-24T06:29:27.730+0000] {logging_mixin.py:188} INFO - [2026-04-24T06:29:27.727+0000] {dagbag.py:538} INFO - Filling up the DagBag from /opt/airflow/dags/weather_pipeline_dag.py
[2026-04-24T06:29:28.120+0000] {processor.py:840} INFO - DAG(s) 'weather_data_pipeline' retrieved from /opt/airflow/dags/weather_pipeline_dag.py
[2026-04-24T06:29:28.915+0000] {logging_mixin.py:188} INFO - [2026-04-24T06:29:28.913+0000] {dag.py:3036} INFO - Sync 1 DAGs
[2026-04-24T06:29:26.751+0000] {logging_mixin.py:188} INFO - [2026-04-24T06:29:26.749+0000] {dag.py:3823} INFO - Setting next_dagrun for weather_data_pipeline to 2026-04-24 06:00:00+00:00, run_after=2026-04-25 06:00:00+00:00
[2026-04-24T06:29:27.102+0000] {processor.py:183} INFO - Processing /opt/airflow/dags/weather_pipeline_dag.py took 2.170 seconds
[2026-04-24T06:29:58.076+0000] {processor.py:161} INFO - Started process (PID=2055) to work on /opt/airflow/dags/weather_pipeline_dag.py
[2026-04-24T06:29:58.163+0000] {processor.py:830} INFO - Processing file /opt/airflow/dags/weather_pipeline_dag.py for tasks to queue
[2026-04-24T06:29:58.213+0000] {logging_mixin.py:188} INFO - [2026-04-24T06:29:58.195+0000] {dagbag.py:538} INFO - Filling up the DagBag from /opt/airflow/dags/weather_pipeline_dag.py
[2026-04-24T06:29:58.703+0000] {processor.py:840} INFO - DAG(s) 'weather_data_pipeline' retrieved from /opt/airflow/dags/weather_pipeline_dag.py
[2026-04-24T06:29:58.983+0000] {logging_mixin.py:188} INFO - [2026-04-24T06:29:58.981+0000] {dag.py:3036} INFO - Sync 1 DAGs
[2026-04-24T06:29:59.296+0000] {logging_mixin.py:188} INFO - [2026-04-24T06:29:59.295+0000] {dag.py:3823} INFO - Setting next_dagrun for weather_data_pipeline to 2026-04-24 06:00:00+00:00, run_after=2026-04-25 06:00:00+00:00
[2026-04-24T06:29:59.443+0000] {processor.py:183} INFO - Processing /opt/airflow/dags/weather_pipeline_dag.py took 1.488 seconds
[2026-04-24T06:30:30.996+0000] {processor.py:161} INFO - Started process (PID=2066) to work on /opt/airflow/dags/weather_pipeline_dag.py
[2026-04-24T06:30:31.041+0000] {processor.py:830} INFO - Processing file /opt/airflow/dags/weather_pipeline_dag.py for tasks to queue
[2026-04-24T06:30:31.093+0000] {logging_mixin.py:188} INFO - [2026-04-24T06:30:31.090+0000] {dagbag.py:538} INFO - Filling up the DagBag from /opt/airflow/dags/weather_pipeline_dag.py
[2026-04-24T06:30:32.266+0000] {processor.py:840} INFO - DAG(s) 'weather_data_pipeline' retrieved from /opt/airflow/dags/weather_pipeline_dag.py
[2026-04-24T06:30:33.343+0000] {logging_mixin.py:188} INFO - [2026-04-24T06:30:33.341+0000] {dag.py:3036} INFO - Sync 1 DAGs
[2026-04-24T06:30:34.085+0000] {logging_mixin.py:188} INFO - [2026-04-24T06:30:34.072+0000] {dag.py:3823} INFO - Setting next_dagrun for weather_data_pipeline to 2026-04-24 06:00:00+00:00, run_after=2026-04-25 06:00:00+00:00
[2026-04-24T06:30:34.649+0000] {processor.py:183} INFO - Processing /opt/airflow/dags/weather_pipeline_dag.py took 3.728 seconds
[2026-04-24T06:31:05.170+0000] {processor.py:161} INFO - Started process (PID=2078) to work on /opt/airflow/dags/weather_pipeline_dag.py
[2026-04-24T06:31:05.177+0000] {processor.py:830} INFO - Processing file /opt/airflow/dags/weather_pipeline_dag.py for tasks to queue
[2026-04-24T06:31:05.185+0000] {logging_mixin.py:188} INFO - [2026-04-24T06:31:05.182+0000] {dagbag.py:538} INFO - Filling up the DagBag from /opt/airflow/dags/weather_pipeline_dag.py
[2026-04-24T06:31:05.412+0000] {processor.py:840} INFO - DAG(s) 'weather_data_pipeline' retrieved from /opt/airflow/dags/weather_pipeline_dag.py
[2026-04-24T06:31:05.606+0000] {logging_mixin.py:188} INFO - [2026-04-24T06:31:05.605+0000] {dag.py:3036} INFO - Sync 1 DAGs
[2026-04-24T06:31:05.772+0000] {logging_mixin.py:188} INFO - [2026-04-24T06:31:05.771+0000] {dag.py:3823} INFO - Setting next_dagrun for weather_data_pipeline to 2026-04-24 06:00:00+00:00, run_after=2026-04-25 06:00:00+00:00
[2026-04-24T06:31:05.923+0000] {processor.py:183} INFO - Processing /opt/airflow/dags/weather_pipeline_dag.py took 0.772 seconds
[2026-04-24T06:31:36.444+0000] {processor.py:161} INFO - Started process (PID=2089) to work on /opt/airflow/dags/weather_pipeline_dag.py
[2026-04-24T06:31:37.047+0000] {processor.py:830} INFO - Processing file /opt/airflow/dags/weather_pipeline_dag.py for tasks to queue
[2026-04-24T06:31:37.090+0000] {logging_mixin.py:188} INFO - [2026-04-24T06:31:37.069+0000] {dagbag.py:538} INFO - Filling up the DagBag from /opt/airflow/dags/weather_pipeline_dag.py
[2026-04-24T06:31:37.722+0000] {processor.py:840} INFO - DAG(s) 'weather_data_pipeline' retrieved from /opt/airflow/dags/weather_pipeline_dag.py
[2026-04-24T06:31:38.520+0000] {logging_mixin.py:188} INFO - [2026-04-24T06:31:38.518+0000] {dag.py:3036} INFO - Sync 1 DAGs
[2026-04-24T06:31:39.450+0000] {logging_mixin.py:188} INFO - [2026-04-24T06:31:39.448+0000] {dag.py:3823} INFO - Setting next_dagrun for weather_data_pipeline to 2026-04-24 06:00:00+00:00, run_after=2026-04-25 06:00:00+00:00
[2026-04-24T06:31:39.697+0000] {processor.py:183} INFO - Processing /opt/airflow/dags/weather_pipeline_dag.py took 3.336 seconds
[2026-04-24T06:32:11.420+0000] {processor.py:161} INFO - Started process (PID=2101) to work on /opt/airflow/dags/weather_pipeline_dag.py
[2026-04-24T06:32:11.441+0000] {processor.py:830} INFO - Processing file /opt/airflow/dags/weather_pipeline_dag.py for tasks to queue
[2026-04-24T06:32:11.459+0000] {logging_mixin.py:188} INFO - [2026-04-24T06:32:11.456+0000] {dagbag.py:538} INFO - Filling up the DagBag from /opt/airflow/dags/weather_pipeline_dag.py
[2026-04-24T06:32:12.066+0000] {processor.py:840} INFO - DAG(s) 'weather_data_pipeline' retrieved from /opt/airflow/dags/weather_pipeline_dag.py
[2026-04-24T06:32:12.883+0000] {logging_mixin.py:188} INFO - [2026-04-24T06:32:12.862+0000] {dag.py:3036} INFO - Sync 1 DAGs
[2026-04-24T06:32:10.952+0000] {logging_mixin.py:188} INFO - [2026-04-24T06:32:10.938+0000] {dag.py:3823} INFO - Setting next_dagrun for weather_data_pipeline to 2026-04-24 06:00:00+00:00, run_after=2026-04-25 06:00:00+00:00
[2026-04-24T06:32:11.375+0000] {processor.py:183} INFO - Processing /opt/airflow/dags/weather_pipeline_dag.py took 2.778 seconds
[2026-04-24T06:32:42.519+0000] {processor.py:161} INFO - Started process (PID=2119) to work on /opt/airflow/dags/weather_pipeline_dag.py
[2026-04-24T06:32:42.531+0000] {processor.py:830} INFO - Processing file /opt/airflow/dags/weather_pipeline_dag.py for tasks to queue
[2026-04-24T06:32:42.550+0000] {logging_mixin.py:188} INFO - [2026-04-24T06:32:42.545+0000] {dagbag.py:538} INFO - Filling up the DagBag from /opt/airflow/dags/weather_pipeline_dag.py
[2026-04-24T06:32:44.132+0000] {processor.py:840} INFO - DAG(s) 'weather_data_pipeline' retrieved from /opt/airflow/dags/weather_pipeline_dag.py
[2026-04-24T06:32:45.153+0000] {logging_mixin.py:188} INFO - [2026-04-24T06:32:45.151+0000] {dag.py:3036} INFO - Sync 1 DAGs
[2026-04-24T06:32:46.068+0000] {logging_mixin.py:188} INFO - [2026-04-24T06:32:46.055+0000] {dag.py:3823} INFO - Setting next_dagrun for weather_data_pipeline to 2026-04-24 06:00:00+00:00, run_after=2026-04-25 06:00:00+00:00
[2026-04-24T06:32:46.523+0000] {processor.py:183} INFO - Processing /opt/airflow/dags/weather_pipeline_dag.py took 4.103 seconds
[2026-04-24T06:33:17.143+0000] {processor.py:161} INFO - Started process (PID=2129) to work on /opt/airflow/dags/weather_pipeline_dag.py
[2026-04-24T06:33:17.155+0000] {processor.py:830} INFO - Processing file /opt/airflow/dags/weather_pipeline_dag.py for tasks to queue
[2026-04-24T06:33:17.165+0000] {logging_mixin.py:188} INFO - [2026-04-24T06:33:17.161+0000] {dagbag.py:538} INFO - Filling up the DagBag from /opt/airflow/dags/weather_pipeline_dag.py
[2026-04-24T06:33:18.115+0000] {processor.py:840} INFO - DAG(s) 'weather_data_pipeline' retrieved from /opt/airflow/dags/weather_pipeline_dag.py
[2026-04-24T06:33:18.517+0000] {logging_mixin.py:188} INFO - [2026-04-24T06:33:18.514+0000] {dag.py:3036} INFO - Sync 1 DAGs
[2026-04-24T06:33:19.031+0000] {logging_mixin.py:188} INFO - [2026-04-24T06:33:19.029+0000] {dag.py:3823} INFO - Setting next_dagrun for weather_data_pipeline to 2026-04-24 06:00:00+00:00, run_after=2026-04-25 06:00:00+00:00
[2026-04-24T06:33:19.367+0000] {processor.py:183} INFO - Processing /opt/airflow/dags/weather_pipeline_dag.py took 2.265 seconds
[2026-04-24T06:33:50.184+0000] {processor.py:161} INFO - Started process (PID=2139) to work on /opt/airflow/dags/weather_pipeline_dag.py
[2026-04-24T06:33:50.213+0000] {processor.py:830} INFO - Processing file /opt/airflow/dags/weather_pipeline_dag.py for tasks to queue
[2026-04-24T06:33:50.235+0000] {logging_mixin.py:188} INFO - [2026-04-24T06:33:50.232+0000] {dagbag.py:538} INFO - Filling up the DagBag from /opt/airflow/dags/weather_pipeline_dag.py
[2026-04-24T06:33:50.794+0000] {processor.py:840} INFO - DAG(s) 'weather_data_pipeline' retrieved from /opt/airflow/dags/weather_pipeline_dag.py
[2026-04-24T06:33:51.250+0000] {logging_mixin.py:188} INFO - [2026-04-24T06:33:51.248+0000] {dag.py:3036} INFO - Sync 1 DAGs
[2026-04-24T06:33:51.707+0000] {logging_mixin.py:188} INFO - [2026-04-24T06:33:51.705+0000] {dag.py:3823} INFO - Setting next_dagrun for weather_data_pipeline to 2026-04-24 06:00:00+00:00, run_after=2026-04-25 06:00:00+00:00
[2026-04-24T06:33:52.017+0000] {processor.py:183} INFO - Processing /opt/airflow/dags/weather_pipeline_dag.py took 1.906 seconds
[2026-04-24T06:34:22.747+0000] {processor.py:161} INFO - Started process (PID=2149) to work on /opt/airflow/dags/weather_pipeline_dag.py
[2026-04-24T06:34:22.755+0000] {processor.py:830} INFO - Processing file /opt/airflow/dags/weather_pipeline_dag.py for tasks to queue
[2026-04-24T06:34:22.764+0000] {logging_mixin.py:188} INFO - [2026-04-24T06:34:22.760+0000] {dagbag.py:538} INFO - Filling up the DagBag from /opt/airflow/dags/weather_pipeline_dag.py
[2026-04-24T06:34:22.988+0000] {processor.py:840} INFO - DAG(s) 'weather_data_pipeline' retrieved from /opt/airflow/dags/weather_pipeline_dag.py
[2026-04-24T06:34:23.172+0000] {logging_mixin.py:188} INFO - [2026-04-24T06:34:23.171+0000] {dag.py:3036} INFO - Sync 1 DAGs
[2026-04-24T06:34:23.414+0000] {logging_mixin.py:188} INFO - [2026-04-24T06:34:23.412+0000] {dag.py:3823} INFO - Setting next_dagrun for weather_data_pipeline to 2026-04-24 06:00:00+00:00, run_after=2026-04-25 06:00:00+00:00
[2026-04-24T06:34:23.599+0000] {processor.py:183} INFO - Processing /opt/airflow/dags/weather_pipeline_dag.py took 0.879 seconds
[2026-04-24T06:34:55.654+0000] {processor.py:161} INFO - Started process (PID=2160) to work on /opt/airflow/dags/weather_pipeline_dag.py
[2026-04-24T06:34:55.714+0000] {processor.py:830} INFO - Processing file /opt/airflow/dags/weather_pipeline_dag.py for tasks to queue
[2026-04-24T06:34:55.751+0000] {logging_mixin.py:188} INFO - [2026-04-24T06:34:55.747+0000] {dagbag.py:538} INFO - Filling up the DagBag from /opt/airflow/dags/weather_pipeline_dag.py
[2026-04-24T06:34:56.727+0000] {processor.py:840} INFO - DAG(s) 'weather_data_pipeline' retrieved from /opt/airflow/dags/weather_pipeline_dag.py
[2026-04-24T06:34:57.452+0000] {logging_mixin.py:188} INFO - [2026-04-24T06:34:57.437+0000] {dag.py:3036} INFO - Sync 1 DAGs
[2026-04-24T06:34:57.730+0000] {logging_mixin.py:188} INFO - [2026-04-24T06:34:57.728+0000] {dag.py:3823} INFO - Setting next_dagrun for weather_data_pipeline to 2026-04-24 06:00:00+00:00, run_after=2026-04-25 06:00:00+00:00
[2026-04-24T06:34:57.994+0000] {processor.py:183} INFO - Processing /opt/airflow/dags/weather_pipeline_dag.py took 2.612 seconds
[2026-04-24T06:35:28.568+0000] {processor.py:161} INFO - Started process (PID=2171) to work on /opt/airflow/dags/weather_pipeline_dag.py
[2026-04-24T06:35:28.575+0000] {processor.py:830} INFO - Processing file /opt/airflow/dags/weather_pipeline_dag.py for tasks to queue
[2026-04-24T06:35:28.582+0000] {logging_mixin.py:188} INFO - [2026-04-24T06:35:28.580+0000] {dagbag.py:538} INFO - Filling up the DagBag from /opt/airflow/dags/weather_pipeline_dag.py
[2026-04-24T06:35:28.769+0000] {processor.py:840} INFO - DAG(s) 'weather_data_pipeline' retrieved from /opt/airflow/dags/weather_pipeline_dag.py
[2026-04-24T06:35:29.020+0000] {logging_mixin.py:188} INFO - [2026-04-24T06:35:29.019+0000] {dag.py:3036} INFO - Sync 1 DAGs
[2026-04-24T06:35:29.168+0000] {logging_mixin.py:188} INFO - [2026-04-24T06:35:29.167+0000] {dag.py:3823} INFO - Setting next_dagrun for weather_data_pipeline to 2026-04-24 06:00:00+00:00, run_after=2026-04-25 06:00:00+00:00
[2026-04-24T06:35:29.292+0000] {processor.py:183} INFO - Processing /opt/airflow/dags/weather_pipeline_dag.py took 0.747 seconds
[2026-04-24T06:36:00.145+0000] {processor.py:161} INFO - Started process (PID=2188) to work on /opt/airflow/dags/weather_pipeline_dag.py
[2026-04-24T06:36:00.154+0000] {processor.py:830} INFO - Processing file /opt/airflow/dags/weather_pipeline_dag.py for tasks to queue
[2026-04-24T06:36:00.171+0000] {logging_mixin.py:188} INFO - [2026-04-24T06:36:00.160+0000] {dagbag.py:538} INFO - Filling up the DagBag from /opt/airflow/dags/weather_pipeline_dag.py
[2026-04-24T06:36:00.451+0000] {processor.py:840} INFO - DAG(s) 'weather_data_pipeline' retrieved from /opt/airflow/dags/weather_pipeline_dag.py
[2026-04-24T06:36:00.627+0000] {logging_mixin.py:188} INFO - [2026-04-24T06:36:00.625+0000] {dag.py:3036} INFO - Sync 1 DAGs
[2026-04-24T06:36:00.828+0000] {logging_mixin.py:188} INFO - [2026-04-24T06:36:00.826+0000] {dag.py:3823} INFO - Setting next_dagrun for weather_data_pipeline to 2026-04-24 06:00:00+00:00, run_after=2026-04-25 06:00:00+00:00
[2026-04-24T06:36:00.963+0000] {processor.py:183} INFO - Processing /opt/airflow/dags/weather_pipeline_dag.py took 0.852 seconds
[2026-04-24T06:36:31.636+0000] {processor.py:161} INFO - Started process (PID=2199) to work on /opt/airflow/dags/weather_pipeline_dag.py
[2026-04-24T06:36:31.649+0000] {processor.py:830} INFO - Processing file /opt/airflow/dags/weather_pipeline_dag.py for tasks to queue
[2026-04-24T06:36:31.659+0000] {logging_mixin.py:188} INFO - [2026-04-24T06:36:31.656+0000] {dagbag.py:538} INFO - Filling up the DagBag from /opt/airflow/dags/weather_pipeline_dag.py
[2026-04-24T06:36:31.895+0000] {processor.py:840} INFO - DAG(s) 'weather_data_pipeline' retrieved from /opt/airflow/dags/weather_pipeline_dag.py
[2026-04-24T06:36:32.104+0000] {logging_mixin.py:188} INFO - [2026-04-24T06:36:32.098+0000] {dag.py:3036} INFO - Sync 1 DAGs
[2026-04-24T06:36:32.259+0000] {logging_mixin.py:188} INFO - [2026-04-24T06:36:32.258+0000] {dag.py:3823} INFO - Setting next_dagrun for weather_data_pipeline to 2026-04-24 06:00:00+00:00, run_after=2026-04-25 06:00:00+00:00
[2026-04-24T06:36:32.467+0000] {processor.py:183} INFO - Processing /opt/airflow/dags/weather_pipeline_dag.py took 0.876 seconds
[2026-04-24T06:37:03.118+0000] {processor.py:161} INFO - Started process (PID=2210) to work on /opt/airflow/dags/weather_pipeline_dag.py
[2026-04-24T06:37:03.127+0000] {processor.py:830} INFO - Processing file /opt/airflow/dags/weather_pipeline_dag.py for tasks to queue
[2026-04-24T06:37:03.135+0000] {logging_mixin.py:188} INFO - [2026-04-24T06:37:03.132+0000] {dagbag.py:538} INFO - Filling up the DagBag from /opt/airflow/dags/weather_pipeline_dag.py
[2026-04-24T06:37:03.423+0000] {processor.py:840} INFO - DAG(s) 'weather_data_pipeline' retrieved from /opt/airflow/dags/weather_pipeline_dag.py
[2026-04-24T06:37:03.765+0000] {logging_mixin.py:188} INFO - [2026-04-24T06:37:03.758+0000] {dag.py:3036} INFO - Sync 1 DAGs
[2026-04-24T06:37:04.413+0000] {logging_mixin.py:188} INFO - [2026-04-24T06:37:04.412+0000] {dag.py:3823} INFO - Setting next_dagrun for weather_data_pipeline to 2026-04-24 06:00:00+00:00, run_after=2026-04-25 06:00:00+00:00
[2026-04-24T06:37:04.584+0000] {processor.py:183} INFO - Processing /opt/airflow/dags/weather_pipeline_dag.py took 1.491 seconds
[2026-04-24T06:37:35.722+0000] {processor.py:161} INFO - Started process (PID=2221) to work on /opt/airflow/dags/weather_pipeline_dag.py
[2026-04-24T06:37:35.754+0000] {processor.py:830} INFO - Processing file /opt/airflow/dags/weather_pipeline_dag.py for tasks to queue
[2026-04-24T06:37:35.773+0000] {logging_mixin.py:188} INFO - [2026-04-24T06:37:35.762+0000] {dagbag.py:538} INFO - Filling up the DagBag from /opt/airflow/dags/weather_pipeline_dag.py
[2026-04-24T06:37:36.243+0000] {processor.py:840} INFO - DAG(s) 'weather_data_pipeline' retrieved from /opt/airflow/dags/weather_pipeline_dag.py
[2026-04-24T06:37:36.894+0000] {logging_mixin.py:188} INFO - [2026-04-24T06:37:36.892+0000] {dag.py:3036} INFO - Sync 1 DAGs
[2026-04-24T06:37:37.144+0000] {logging_mixin.py:188} INFO - [2026-04-24T06:37:37.142+0000] {dag.py:3823} INFO - Setting next_dagrun for weather_data_pipeline to 2026-04-24 06:00:00+00:00, run_after=2026-04-25 06:00:00+00:00
[2026-04-24T06:37:37.423+0000] {processor.py:183} INFO - Processing /opt/airflow/dags/weather_pipeline_dag.py took 1.746 seconds
[2026-04-24T06:38:06.367+0000] {processor.py:161} INFO - Started process (PID=2232) to work on /opt/airflow/dags/weather_pipeline_dag.py
[2026-04-24T06:38:06.380+0000] {processor.py:830} INFO - Processing file /opt/airflow/dags/weather_pipeline_dag.py for tasks to queue
[2026-04-24T06:38:06.406+0000] {logging_mixin.py:188} INFO - [2026-04-24T06:38:06.397+0000] {dagbag.py:538} INFO - Filling up the DagBag from /opt/airflow/dags/weather_pipeline_dag.py
[2026-04-24T06:38:06.766+0000] {processor.py:840} INFO - DAG(s) 'weather_data_pipeline' retrieved from /opt/airflow/dags/weather_pipeline_dag.py
[2026-04-24T06:38:07.139+0000] {logging_mixin.py:188} INFO - [2026-04-24T06:38:07.138+0000] {dag.py:3036} INFO - Sync 1 DAGs
[2026-04-24T06:38:07.460+0000] {logging_mixin.py:188} INFO - [2026-04-24T06:38:07.458+0000] {dag.py:3823} INFO - Setting next_dagrun for weather_data_pipeline to 2026-04-24 06:00:00+00:00, run_after=2026-04-25 06:00:00+00:00
[2026-04-24T06:38:07.708+0000] {processor.py:183} INFO - Processing /opt/airflow/dags/weather_pipeline_dag.py took 1.372 seconds
[2026-04-24T06:38:38.332+0000] {processor.py:161} INFO - Started process (PID=2243) to work on /opt/airflow/dags/weather_pipeline_dag.py
[2026-04-24T06:38:38.340+0000] {processor.py:830} INFO - Processing file /opt/airflow/dags/weather_pipeline_dag.py for tasks to queue
[2026-04-24T06:38:38.349+0000] {logging_mixin.py:188} INFO - [2026-04-24T06:38:38.346+0000] {dagbag.py:538} INFO - Filling up the DagBag from /opt/airflow/dags/weather_pipeline_dag.py
[2026-04-24T06:38:38.563+0000] {processor.py:840} INFO - DAG(s) 'weather_data_pipeline' retrieved from /opt/airflow/dags/weather_pipeline_dag.py
[2026-04-24T06:38:38.814+0000] {logging_mixin.py:188} INFO - [2026-04-24T06:38:38.813+0000] {dag.py:3036} INFO - Sync 1 DAGs
[2026-04-24T06:38:38.990+0000] {logging_mixin.py:188} INFO - [2026-04-24T06:38:38.989+0000] {dag.py:3823} INFO - Setting next_dagrun for weather_data_pipeline to 2026-04-24 06:00:00+00:00, run_after=2026-04-25 06:00:00+00:00
[2026-04-24T06:38:39.131+0000] {processor.py:183} INFO - Processing /opt/airflow/dags/weather_pipeline_dag.py took 0.835 seconds
[2026-04-24T06:39:09.958+0000] {processor.py:161} INFO - Started process (PID=2254) to work on /opt/airflow/dags/weather_pipeline_dag.py
[2026-04-24T06:39:09.970+0000] {processor.py:830} INFO - Processing file /opt/airflow/dags/weather_pipeline_dag.py for tasks to queue
[2026-04-24T06:39:09.984+0000] {logging_mixin.py:188} INFO - [2026-04-24T06:39:09.976+0000] {dagbag.py:538} INFO - Filling up the DagBag from /opt/airflow/dags/weather_pipeline_dag.py
[2026-04-24T06:39:10.301+0000] {processor.py:840} INFO - DAG(s) 'weather_data_pipeline' retrieved from /opt/airflow/dags/weather_pipeline_dag.py
[2026-04-24T06:39:10.592+0000] {logging_mixin.py:188} INFO - [2026-04-24T06:39:10.590+0000] {dag.py:3036} INFO - Sync 1 DAGs
[2026-04-24T06:39:10.775+0000] {logging_mixin.py:188} INFO - [2026-04-24T06:39:10.773+0000] {dag.py:3823} INFO - Setting next_dagrun for weather_data_pipeline to 2026-04-24 06:00:00+00:00, run_after=2026-04-25 06:00:00+00:00
[2026-04-24T06:39:10.953+0000] {processor.py:183} INFO - Processing /opt/airflow/dags/weather_pipeline_dag.py took 1.033 seconds
[2026-04-24T06:39:41.391+0000] {processor.py:161} INFO - Started process (PID=2265) to work on /opt/airflow/dags/weather_pipeline_dag.py
[2026-04-24T06:39:41.399+0000] {processor.py:830} INFO - Processing file /opt/airflow/dags/weather_pipeline_dag.py for tasks to queue
[2026-04-24T06:39:41.409+0000] {logging_mixin.py:188} INFO - [2026-04-24T06:39:41.407+0000] {dagbag.py:538} INFO - Filling up the DagBag from /opt/airflow/dags/weather_pipeline_dag.py
[2026-04-24T06:39:41.652+0000] {processor.py:840} INFO - DAG(s) 'weather_data_pipeline' retrieved from /opt/airflow/dags/weather_pipeline_dag.py
[2026-04-24T06:39:41.906+0000] {logging_mixin.py:188} INFO - [2026-04-24T06:39:41.904+0000] {dag.py:3036} INFO - Sync 1 DAGs
[2026-04-24T06:39:42.089+0000] {logging_mixin.py:188} INFO - [2026-04-24T06:39:42.088+0000] {dag.py:3823} INFO - Setting next_dagrun for weather_data_pipeline to 2026-04-24 06:00:00+00:00, run_after=2026-04-25 06:00:00+00:00
[2026-04-24T06:39:42.290+0000] {processor.py:183} INFO - Processing /opt/airflow/dags/weather_pipeline_dag.py took 0.939 seconds
[2026-04-24T06:40:13.545+0000] {processor.py:161} INFO - Started process (PID=2282) to work on /opt/airflow/dags/weather_pipeline_dag.py
[2026-04-24T06:40:13.571+0000] {processor.py:830} INFO - Processing file /opt/airflow/dags/weather_pipeline_dag.py for tasks to queue
[2026-04-24T06:40:13.598+0000] {logging_mixin.py:188} INFO - [2026-04-24T06:40:13.590+0000] {dagbag.py:538} INFO - Filling up the DagBag from /opt/airflow/dags/weather_pipeline_dag.py
[2026-04-24T06:40:14.269+0000] {processor.py:840} INFO - DAG(s) 'weather_data_pipeline' retrieved from /opt/airflow/dags/weather_pipeline_dag.py
[2026-04-24T06:40:15.012+0000] {logging_mixin.py:188} INFO - [2026-04-24T06:40:15.010+0000] {dag.py:3036} INFO - Sync 1 DAGs
[2026-04-24T06:40:15.867+0000] {logging_mixin.py:188} INFO - [2026-04-24T06:40:15.851+0000] {dag.py:3823} INFO - Setting next_dagrun for weather_data_pipeline to 2026-04-24 06:00:00+00:00, run_after=2026-04-25 06:00:00+00:00
[2026-04-24T06:40:16.462+0000] {processor.py:183} INFO - Processing /opt/airflow/dags/weather_pipeline_dag.py took 3.104 seconds
[2026-04-24T06:40:52.195+0000] {processor.py:161} INFO - Started process (PID=2293) to work on /opt/airflow/dags/weather_pipeline_dag.py
[2026-04-24T06:40:49.707+0000] {processor.py:830} INFO - Processing file /opt/airflow/dags/weather_pipeline_dag.py for tasks to queue
[2026-04-24T06:40:49.762+0000] {logging_mixin.py:188} INFO - [2026-04-24T06:40:49.738+0000] {dagbag.py:538} INFO - Filling up the DagBag from /opt/airflow/dags/weather_pipeline_dag.py
[2026-04-24T06:40:51.133+0000] {processor.py:840} INFO - DAG(s) 'weather_data_pipeline' retrieved from /opt/airflow/dags/weather_pipeline_dag.py
[2026-04-24T06:40:52.316+0000] {logging_mixin.py:188} INFO - [2026-04-24T06:40:52.314+0000] {dag.py:3036} INFO - Sync 1 DAGs
[2026-04-24T06:40:53.161+0000] {logging_mixin.py:188} INFO - [2026-04-24T06:40:53.141+0000] {dag.py:3823} INFO - Setting next_dagrun for weather_data_pipeline to 2026-04-24 06:00:00+00:00, run_after=2026-04-25 06:00:00+00:00
[2026-04-24T06:40:53.592+0000] {processor.py:183} INFO - Processing /opt/airflow/dags/weather_pipeline_dag.py took 4.027 seconds
[2026-04-24T06:41:25.239+0000] {processor.py:161} INFO - Started process (PID=2303) to work on /opt/airflow/dags/weather_pipeline_dag.py
[2026-04-24T06:41:25.268+0000] {processor.py:830} INFO - Processing file /opt/airflow/dags/weather_pipeline_dag.py for tasks to queue
[2026-04-24T06:41:25.289+0000] {logging_mixin.py:188} INFO - [2026-04-24T06:41:25.275+0000] {dagbag.py:538} INFO - Filling up the DagBag from /opt/airflow/dags/weather_pipeline_dag.py
[2026-04-24T06:41:25.826+0000] {processor.py:840} INFO - DAG(s) 'weather_data_pipeline' retrieved from /opt/airflow/dags/weather_pipeline_dag.py
[2026-04-24T06:41:26.542+0000] {logging_mixin.py:188} INFO - [2026-04-24T06:41:26.540+0000] {dag.py:3036} INFO - Sync 1 DAGs
[2026-04-24T06:41:27.202+0000] {logging_mixin.py:188} INFO - [2026-04-24T06:41:27.200+0000] {dag.py:3823} INFO - Setting next_dagrun for weather_data_pipeline to 2026-04-24 06:00:00+00:00, run_after=2026-04-25 06:00:00+00:00
[2026-04-24T06:41:27.613+0000] {processor.py:183} INFO - Processing /opt/airflow/dags/weather_pipeline_dag.py took 2.434 seconds
[2026-04-24T06:42:00.521+0000] {processor.py:161} INFO - Started process (PID=2314) to work on /opt/airflow/dags/weather_pipeline_dag.py
[2026-04-24T06:42:00.563+0000] {processor.py:830} INFO - Processing file /opt/airflow/dags/weather_pipeline_dag.py for tasks to queue
[2026-04-24T06:42:00.601+0000] {logging_mixin.py:188} INFO - [2026-04-24T06:42:00.598+0000] {dagbag.py:538} INFO - Filling up the DagBag from /opt/airflow/dags/weather_pipeline_dag.py
[2026-04-24T06:42:03.913+0000] {processor.py:840} INFO - DAG(s) 'weather_data_pipeline' retrieved from /opt/airflow/dags/weather_pipeline_dag.py
[2026-04-24T06:42:04.591+0000] {logging_mixin.py:188} INFO - [2026-04-24T06:42:04.577+0000] {dag.py:3036} INFO - Sync 1 DAGs
[2026-04-24T06:42:05.435+0000] {logging_mixin.py:188} INFO - [2026-04-24T06:42:05.422+0000] {dag.py:3823} INFO - Setting next_dagrun for weather_data_pipeline to 2026-04-24 06:00:00+00:00, run_after=2026-04-25 06:00:00+00:00
[2026-04-24T06:42:05.937+0000] {processor.py:183} INFO - Processing /opt/airflow/dags/weather_pipeline_dag.py took 5.490 seconds
[2026-04-24T06:42:38.394+0000] {processor.py:161} INFO - Started process (PID=2331) to work on /opt/airflow/dags/weather_pipeline_dag.py
[2026-04-24T06:42:38.413+0000] {processor.py:830} INFO - Processing file /opt/airflow/dags/weather_pipeline_dag.py for tasks to queue
[2026-04-24T06:42:38.433+0000] {logging_mixin.py:188} INFO - [2026-04-24T06:42:38.430+0000] {dagbag.py:538} INFO - Filling up the DagBag from /opt/airflow/dags/weather_pipeline_dag.py
[2026-04-24T06:42:39.085+0000] {processor.py:840} INFO - DAG(s) 'weather_data_pipeline' retrieved from /opt/airflow/dags/weather_pipeline_dag.py
[2026-04-24T06:42:39.930+0000] {logging_mixin.py:188} INFO - [2026-04-24T06:42:39.911+0000] {dag.py:3036} INFO - Sync 1 DAGs
[2026-04-24T06:42:40.813+0000] {logging_mixin.py:188} INFO - [2026-04-24T06:42:40.795+0000] {dag.py:3823} INFO - Setting next_dagrun for weather_data_pipeline to 2026-04-24 06:00:00+00:00, run_after=2026-04-25 06:00:00+00:00
[2026-04-24T06:42:39.321+0000] {processor.py:183} INFO - Processing /opt/airflow/dags/weather_pipeline_dag.py took 3.713 seconds
[2026-04-24T06:43:11.209+0000] {processor.py:161} INFO - Started process (PID=2342) to work on /opt/airflow/dags/weather_pipeline_dag.py
[2026-04-24T06:43:11.275+0000] {processor.py:830} INFO - Processing file /opt/airflow/dags/weather_pipeline_dag.py for tasks to queue
[2026-04-24T06:43:11.330+0000] {logging_mixin.py:188} INFO - [2026-04-24T06:43:11.320+0000] {dagbag.py:538} INFO - Filling up the DagBag from /opt/airflow/dags/weather_pipeline_dag.py
[2026-04-24T06:43:14.382+0000] {processor.py:840} INFO - DAG(s) 'weather_data_pipeline' retrieved from /opt/airflow/dags/weather_pipeline_dag.py
[2026-04-24T06:43:15.070+0000] {logging_mixin.py:188} INFO - [2026-04-24T06:43:15.056+0000] {dag.py:3036} INFO - Sync 1 DAGs
[2026-04-24T06:43:15.846+0000] {logging_mixin.py:188} INFO - [2026-04-24T06:43:15.844+0000] {dag.py:3823} INFO - Setting next_dagrun for weather_data_pipeline to 2026-04-24 06:00:00+00:00, run_after=2026-04-25 06:00:00+00:00
[2026-04-24T06:43:16.347+0000] {processor.py:183} INFO - Processing /opt/airflow/dags/weather_pipeline_dag.py took 5.277 seconds
[2026-04-24T06:43:47.720+0000] {processor.py:161} INFO - Started process (PID=2353) to work on /opt/airflow/dags/weather_pipeline_dag.py
[2026-04-24T06:43:47.753+0000] {processor.py:830} INFO - Processing file /opt/airflow/dags/weather_pipeline_dag.py for tasks to queue
[2026-04-24T06:43:47.787+0000] {logging_mixin.py:188} INFO - [2026-04-24T06:43:47.772+0000] {dagbag.py:538} INFO - Filling up the DagBag from /opt/airflow/dags/weather_pipeline_dag.py
[2026-04-24T06:43:48.733+0000] {processor.py:840} INFO - DAG(s) 'weather_data_pipeline' retrieved from /opt/airflow/dags/weather_pipeline_dag.py
[2026-04-24T06:43:49.455+0000] {logging_mixin.py:188} INFO - [2026-04-24T06:43:49.453+0000] {dag.py:3036} INFO - Sync 1 DAGs
[2026-04-24T06:43:50.195+0000] {logging_mixin.py:188} INFO - [2026-04-24T06:43:50.181+0000] {dag.py:3823} INFO - Setting next_dagrun for weather_data_pipeline to 2026-04-24 06:00:00+00:00, run_after=2026-04-25 06:00:00+00:00
[2026-04-24T06:43:50.713+0000] {processor.py:183} INFO - Processing /opt/airflow/dags/weather_pipeline_dag.py took 3.084 seconds
[2026-04-24T06:44:23.506+0000] {processor.py:161} INFO - Started process (PID=2364) to work on /opt/airflow/dags/weather_pipeline_dag.py
[2026-04-24T06:44:23.529+0000] {processor.py:830} INFO - Processing file /opt/airflow/dags/weather_pipeline_dag.py for tasks to queue
[2026-04-24T06:44:23.548+0000] {logging_mixin.py:188} INFO - [2026-04-24T06:44:23.545+0000] {dagbag.py:538} INFO - Filling up the DagBag from /opt/airflow/dags/weather_pipeline_dag.py
[2026-04-24T06:44:24.958+0000] {processor.py:840} INFO - DAG(s) 'weather_data_pipeline' retrieved from /opt/airflow/dags/weather_pipeline_dag.py
[2026-04-24T06:44:25.649+0000] {logging_mixin.py:188} INFO - [2026-04-24T06:44:25.639+0000] {dag.py:3036} INFO - Sync 1 DAGs
[2026-04-24T06:44:26.413+0000] {logging_mixin.py:188} INFO - [2026-04-24T06:44:26.399+0000] {dag.py:3823} INFO - Setting next_dagrun for weather_data_pipeline to 2026-04-24 06:00:00+00:00, run_after=2026-04-25 06:00:00+00:00
[2026-04-24T06:44:26.893+0000] {processor.py:183} INFO - Processing /opt/airflow/dags/weather_pipeline_dag.py took 3.487 seconds
[2026-04-24T06:44:58.654+0000] {processor.py:161} INFO - Started process (PID=2375) to work on /opt/airflow/dags/weather_pipeline_dag.py
[2026-04-24T06:44:58.680+0000] {processor.py:830} INFO - Processing file /opt/airflow/dags/weather_pipeline_dag.py for tasks to queue
[2026-04-24T06:44:58.709+0000] {logging_mixin.py:188} INFO - [2026-04-24T06:44:58.705+0000] {dagbag.py:538} INFO - Filling up the DagBag from /opt/airflow/dags/weather_pipeline_dag.py
[2026-04-24T06:44:59.336+0000] {processor.py:840} INFO - DAG(s) 'weather_data_pipeline' retrieved from /opt/airflow/dags/weather_pipeline_dag.py
[2026-04-24T06:45:00.405+0000] {logging_mixin.py:188} INFO - [2026-04-24T06:45:00.396+0000] {dag.py:3036} INFO - Sync 1 DAGs
[2026-04-24T06:45:01.622+0000] {logging_mixin.py:188} INFO - [2026-04-24T06:45:01.608+0000] {dag.py:3823} INFO - Setting next_dagrun for weather_data_pipeline to 2026-04-24 06:00:00+00:00, run_after=2026-04-25 06:00:00+00:00
[2026-04-24T06:45:02.217+0000] {processor.py:183} INFO - Processing /opt/airflow/dags/weather_pipeline_dag.py took 6.265 seconds
[2026-04-24T06:45:35.253+0000] {processor.py:161} INFO - Started process (PID=2392) to work on /opt/airflow/dags/weather_pipeline_dag.py
[2026-04-24T06:45:35.319+0000] {processor.py:830} INFO - Processing file /opt/airflow/dags/weather_pipeline_dag.py for tasks to queue
[2026-04-24T06:45:35.384+0000] {logging_mixin.py:188} INFO - [2026-04-24T06:45:35.369+0000] {dagbag.py:538} INFO - Filling up the DagBag from /opt/airflow/dags/weather_pipeline_dag.py
[2026-04-24T06:45:39.958+0000] {processor.py:840} INFO - DAG(s) 'weather_data_pipeline' retrieved from /opt/airflow/dags/weather_pipeline_dag.py
[2026-04-24T06:45:40.681+0000] {logging_mixin.py:188} INFO - [2026-04-24T06:45:40.679+0000] {dag.py:3036} INFO - Sync 1 DAGs
[2026-04-24T06:45:41.335+0000] {logging_mixin.py:188} INFO - [2026-04-24T06:45:41.333+0000] {dag.py:3823} INFO - Setting next_dagrun for weather_data_pipeline to 2026-04-24 06:00:00+00:00, run_after=2026-04-25 06:00:00+00:00
[2026-04-24T06:45:42.475+0000] {processor.py:183} INFO - Processing /opt/airflow/dags/weather_pipeline_dag.py took 7.297 seconds
[2026-04-24T06:46:15.883+0000] {processor.py:161} INFO - Started process (PID=2403) to work on /opt/airflow/dags/weather_pipeline_dag.py
[2026-04-24T06:46:15.953+0000] {processor.py:830} INFO - Processing file /opt/airflow/dags/weather_pipeline_dag.py for tasks to queue
[2026-04-24T06:46:16.059+0000] {logging_mixin.py:188} INFO - [2026-04-24T06:46:16.055+0000] {dagbag.py:538} INFO - Filling up the DagBag from /opt/airflow/dags/weather_pipeline_dag.py
[2026-04-24T06:46:20.761+0000] {processor.py:840} INFO - DAG(s) 'weather_data_pipeline' retrieved from /opt/airflow/dags/weather_pipeline_dag.py
[2026-04-24T06:46:21.500+0000] {logging_mixin.py:188} INFO - [2026-04-24T06:46:21.498+0000] {dag.py:3036} INFO - Sync 1 DAGs
[2026-04-24T06:46:19.459+0000] {logging_mixin.py:188} INFO - [2026-04-24T06:46:19.457+0000] {dag.py:3823} INFO - Setting next_dagrun for weather_data_pipeline to 2026-04-24 06:00:00+00:00, run_after=2026-04-25 06:00:00+00:00
[2026-04-24T06:46:20.082+0000] {processor.py:183} INFO - Processing /opt/airflow/dags/weather_pipeline_dag.py took 7.110 seconds
[2026-04-24T06:46:52.745+0000] {processor.py:161} INFO - Started process (PID=2413) to work on /opt/airflow/dags/weather_pipeline_dag.py
[2026-04-24T06:46:52.794+0000] {processor.py:830} INFO - Processing file /opt/airflow/dags/weather_pipeline_dag.py for tasks to queue
[2026-04-24T06:46:52.817+0000] {logging_mixin.py:188} INFO - [2026-04-24T06:46:52.814+0000] {dagbag.py:538} INFO - Filling up the DagBag from /opt/airflow/dags/weather_pipeline_dag.py
[2026-04-24T06:46:55.603+0000] {processor.py:840} INFO - DAG(s) 'weather_data_pipeline' retrieved from /opt/airflow/dags/weather_pipeline_dag.py
[2026-04-24T06:46:56.422+0000] {logging_mixin.py:188} INFO - [2026-04-24T06:46:56.420+0000] {dag.py:3036} INFO - Sync 1 DAGs
[2026-04-24T06:46:57.149+0000] {logging_mixin.py:188} INFO - [2026-04-24T06:46:57.134+0000] {dag.py:3823} INFO - Setting next_dagrun for weather_data_pipeline to 2026-04-24 06:00:00+00:00, run_after=2026-04-25 06:00:00+00:00
[2026-04-24T06:46:57.788+0000] {processor.py:183} INFO - Processing /opt/airflow/dags/weather_pipeline_dag.py took 5.132 seconds
[2026-04-24T06:47:30.498+0000] {processor.py:161} INFO - Started process (PID=2430) to work on /opt/airflow/dags/weather_pipeline_dag.py
[2026-04-24T06:47:30.552+0000] {processor.py:830} INFO - Processing file /opt/airflow/dags/weather_pipeline_dag.py for tasks to queue
[2026-04-24T06:47:30.586+0000] {logging_mixin.py:188} INFO - [2026-04-24T06:47:30.575+0000] {dagbag.py:538} INFO - Filling up the DagBag from /opt/airflow/dags/weather_pipeline_dag.py
[2026-04-24T06:47:32.108+0000] {processor.py:840} INFO - DAG(s) 'weather_data_pipeline' retrieved from /opt/airflow/dags/weather_pipeline_dag.py
[2026-04-24T06:47:33.150+0000] {logging_mixin.py:188} INFO - [2026-04-24T06:47:33.148+0000] {dag.py:3036} INFO - Sync 1 DAGs
[2026-04-24T06:47:33.811+0000] {logging_mixin.py:188} INFO - [2026-04-24T06:47:33.809+0000] {dag.py:3823} INFO - Setting next_dagrun for weather_data_pipeline to 2026-04-24 06:00:00+00:00, run_after=2026-04-25 06:00:00+00:00
[2026-04-24T06:47:34.314+0000] {processor.py:183} INFO - Processing /opt/airflow/dags/weather_pipeline_dag.py took 3.951 seconds
[2026-04-24T06:48:09.948+0000] {processor.py:161} INFO - Started process (PID=2441) to work on /opt/airflow/dags/weather_pipeline_dag.py
[2026-04-24T06:48:10.131+0000] {processor.py:830} INFO - Processing file /opt/airflow/dags/weather_pipeline_dag.py for tasks to queue
[2026-04-24T06:48:10.252+0000] {logging_mixin.py:188} INFO - [2026-04-24T06:48:10.249+0000] {dagbag.py:538} INFO - Filling up the DagBag from /opt/airflow/dags/weather_pipeline_dag.py
[2026-04-24T06:48:13.910+0000] {processor.py:840} INFO - DAG(s) 'weather_data_pipeline' retrieved from /opt/airflow/dags/weather_pipeline_dag.py
[2026-04-24T06:48:15.627+0000] {logging_mixin.py:188} INFO - [2026-04-24T06:48:15.615+0000] {dag.py:3036} INFO - Sync 1 DAGs
[2026-04-24T06:48:16.473+0000] {logging_mixin.py:188} INFO - [2026-04-24T06:48:16.471+0000] {dag.py:3823} INFO - Setting next_dagrun for weather_data_pipeline to 2026-04-24 06:00:00+00:00, run_after=2026-04-25 06:00:00+00:00
[2026-04-24T06:48:17.446+0000] {processor.py:183} INFO - Processing /opt/airflow/dags/weather_pipeline_dag.py took 10.212 seconds
[2026-04-24T06:48:52.507+0000] {processor.py:161} INFO - Started process (PID=2453) to work on /opt/airflow/dags/weather_pipeline_dag.py
[2026-04-24T06:48:52.544+0000] {processor.py:830} INFO - Processing file /opt/airflow/dags/weather_pipeline_dag.py for tasks to queue
[2026-04-24T06:48:52.696+0000] {logging_mixin.py:188} INFO - [2026-04-24T06:48:52.693+0000] {dagbag.py:538} INFO - Filling up the DagBag from /opt/airflow/dags/weather_pipeline_dag.py
[2026-04-24T06:48:57.458+0000] {processor.py:840} INFO - DAG(s) 'weather_data_pipeline' retrieved from /opt/airflow/dags/weather_pipeline_dag.py
[2026-04-24T06:48:58.198+0000] {logging_mixin.py:188} INFO - [2026-04-24T06:48:58.196+0000] {dag.py:3036} INFO - Sync 1 DAGs
[2026-04-24T06:48:58.847+0000] {logging_mixin.py:188} INFO - [2026-04-24T06:48:58.845+0000] {dag.py:3823} INFO - Setting next_dagrun for weather_data_pipeline to 2026-04-24 06:00:00+00:00, run_after=2026-04-25 06:00:00+00:00
[2026-04-24T06:48:59.418+0000] {processor.py:183} INFO - Processing /opt/airflow/dags/weather_pipeline_dag.py took 7.367 seconds
[2026-04-24T06:49:32.922+0000] {processor.py:161} INFO - Started process (PID=2469) to work on /opt/airflow/dags/weather_pipeline_dag.py
[2026-04-24T06:49:33.009+0000] {processor.py:830} INFO - Processing file /opt/airflow/dags/weather_pipeline_dag.py for tasks to queue
[2026-04-24T06:49:33.088+0000] {logging_mixin.py:188} INFO - [2026-04-24T06:49:33.084+0000] {dagbag.py:538} INFO - Filling up the DagBag from /opt/airflow/dags/weather_pipeline_dag.py
[2026-04-24T06:49:35.925+0000] {processor.py:840} INFO - DAG(s) 'weather_data_pipeline' retrieved from /opt/airflow/dags/weather_pipeline_dag.py
[2026-04-24T06:49:37.667+0000] {logging_mixin.py:188} INFO - [2026-04-24T06:49:37.665+0000] {dag.py:3036} INFO - Sync 1 DAGs
[2026-04-24T06:49:38.523+0000] {logging_mixin.py:188} INFO - [2026-04-24T06:49:38.521+0000] {dag.py:3823} INFO - Setting next_dagrun for weather_data_pipeline to 2026-04-24 06:00:00+00:00, run_after=2026-04-25 06:00:00+00:00
[2026-04-24T06:49:39.447+0000] {processor.py:183} INFO - Processing /opt/airflow/dags/weather_pipeline_dag.py took 9.581 seconds
[2026-04-24T06:50:16.826+0000] {processor.py:161} INFO - Started process (PID=2480) to work on /opt/airflow/dags/weather_pipeline_dag.py
[2026-04-24T06:50:16.920+0000] {processor.py:830} INFO - Processing file /opt/airflow/dags/weather_pipeline_dag.py for tasks to queue
[2026-04-24T06:50:16.954+0000] {logging_mixin.py:188} INFO - [2026-04-24T06:50:16.951+0000] {dagbag.py:538} INFO - Filling up the DagBag from /opt/airflow/dags/weather_pipeline_dag.py
[2026-04-24T06:50:20.326+0000] {processor.py:840} INFO - DAG(s) 'weather_data_pipeline' retrieved from /opt/airflow/dags/weather_pipeline_dag.py
[2026-04-24T06:50:21.311+0000] {logging_mixin.py:188} INFO - [2026-04-24T06:50:21.299+0000] {dag.py:3036} INFO - Sync 1 DAGs
[2026-04-24T06:50:22.327+0000] {logging_mixin.py:188} INFO - [2026-04-24T06:50:22.324+0000] {dag.py:3823} INFO - Setting next_dagrun for weather_data_pipeline to 2026-04-24 06:00:00+00:00, run_after=2026-04-25 06:00:00+00:00
[2026-04-24T06:50:23.433+0000] {processor.py:183} INFO - Processing /opt/airflow/dags/weather_pipeline_dag.py took 6.681 seconds
[2026-04-24T06:50:56.128+0000] {processor.py:161} INFO - Started process (PID=2497) to work on /opt/airflow/dags/weather_pipeline_dag.py
[2026-04-24T06:50:56.278+0000] {processor.py:830} INFO - Processing file /opt/airflow/dags/weather_pipeline_dag.py for tasks to queue
[2026-04-24T06:50:56.319+0000] {logging_mixin.py:188} INFO - [2026-04-24T06:50:56.316+0000] {dagbag.py:538} INFO - Filling up the DagBag from /opt/airflow/dags/weather_pipeline_dag.py
[2026-04-24T06:51:05.988+0000] {processor.py:840} INFO - DAG(s) 'weather_data_pipeline' retrieved from /opt/airflow/dags/weather_pipeline_dag.py
[2026-04-24T06:51:07.047+0000] {logging_mixin.py:188} INFO - [2026-04-24T06:51:07.045+0000] {dag.py:3036} INFO - Sync 1 DAGs
[2026-04-24T06:51:07.771+0000] {logging_mixin.py:188} INFO - [2026-04-24T06:51:07.768+0000] {dag.py:3823} INFO - Setting next_dagrun for weather_data_pipeline to 2026-04-24 06:00:00+00:00, run_after=2026-04-25 06:00:00+00:00
[2026-04-24T06:51:08.450+0000] {processor.py:183} INFO - Processing /opt/airflow/dags/weather_pipeline_dag.py took 12.763 seconds
[2026-04-24T06:51:40.317+0000] {processor.py:161} INFO - Started process (PID=2508) to work on /opt/airflow/dags/weather_pipeline_dag.py
[2026-04-24T06:51:40.395+0000] {processor.py:830} INFO - Processing file /opt/airflow/dags/weather_pipeline_dag.py for tasks to queue
[2026-04-24T06:51:40.510+0000] {logging_mixin.py:188} INFO - [2026-04-24T06:51:40.493+0000] {dagbag.py:538} INFO - Filling up the DagBag from /opt/airflow/dags/weather_pipeline_dag.py
[2026-04-24T06:51:41.167+0000] {processor.py:840} INFO - DAG(s) 'weather_data_pipeline' retrieved from /opt/airflow/dags/weather_pipeline_dag.py
[2026-04-24T06:51:42.264+0000] {logging_mixin.py:188} INFO - [2026-04-24T06:51:42.250+0000] {dag.py:3036} INFO - Sync 1 DAGs
[2026-04-24T06:51:43.138+0000] {logging_mixin.py:188} INFO - [2026-04-24T06:51:43.123+0000] {dag.py:3823} INFO - Setting next_dagrun for weather_data_pipeline to 2026-04-24 06:00:00+00:00, run_after=2026-04-25 06:00:00+00:00
[2026-04-24T06:51:43.698+0000] {processor.py:183} INFO - Processing /opt/airflow/dags/weather_pipeline_dag.py took 3.631 seconds
[2026-04-24T06:52:15.138+0000] {processor.py:161} INFO - Started process (PID=2518) to work on /opt/airflow/dags/weather_pipeline_dag.py
[2026-04-24T06:52:15.155+0000] {processor.py:830} INFO - Processing file /opt/airflow/dags/weather_pipeline_dag.py for tasks to queue
[2026-04-24T06:52:15.187+0000] {logging_mixin.py:188} INFO - [2026-04-24T06:52:15.176+0000] {dagbag.py:538} INFO - Filling up the DagBag from /opt/airflow/dags/weather_pipeline_dag.py
[2026-04-24T06:52:17.408+0000] {processor.py:840} INFO - DAG(s) 'weather_data_pipeline' retrieved from /opt/airflow/dags/weather_pipeline_dag.py
[2026-04-24T06:52:18.368+0000] {logging_mixin.py:188} INFO - [2026-04-24T06:52:18.366+0000] {dag.py:3036} INFO - Sync 1 DAGs
[2026-04-24T06:52:16.598+0000] {logging_mixin.py:188} INFO - [2026-04-24T06:52:19.122+0000] {dag.py:3823} INFO - Setting next_dagrun for weather_data_pipeline to 2026-04-24 06:00:00+00:00, run_after=2026-04-25 06:00:00+00:00
[2026-04-24T06:52:17.459+0000] {processor.py:183} INFO - Processing /opt/airflow/dags/weather_pipeline_dag.py took 4.997 seconds
[2026-04-24T06:52:51.098+0000] {processor.py:161} INFO - Started process (PID=2536) to work on /opt/airflow/dags/weather_pipeline_dag.py
[2026-04-24T06:52:51.141+0000] {processor.py:830} INFO - Processing file /opt/airflow/dags/weather_pipeline_dag.py for tasks to queue
[2026-04-24T06:52:51.245+0000] {logging_mixin.py:188} INFO - [2026-04-24T06:52:51.226+0000] {dagbag.py:538} INFO - Filling up the DagBag from /opt/airflow/dags/weather_pipeline_dag.py
[2026-04-24T06:52:53.249+0000] {processor.py:840} INFO - DAG(s) 'weather_data_pipeline' retrieved from /opt/airflow/dags/weather_pipeline_dag.py
[2026-04-24T06:52:56.281+0000] {logging_mixin.py:188} INFO - [2026-04-24T06:52:56.268+0000] {dag.py:3036} INFO - Sync 1 DAGs
[2026-04-24T06:52:57.847+0000] {logging_mixin.py:188} INFO - [2026-04-24T06:52:57.845+0000] {dag.py:3823} INFO - Setting next_dagrun for weather_data_pipeline to 2026-04-24 06:00:00+00:00, run_after=2026-04-25 06:00:00+00:00
[2026-04-24T06:52:58.974+0000] {processor.py:183} INFO - Processing /opt/airflow/dags/weather_pipeline_dag.py took 8.184 seconds
[2026-04-24T06:53:32.861+0000] {processor.py:161} INFO - Started process (PID=2547) to work on /opt/airflow/dags/weather_pipeline_dag.py
[2026-04-24T06:53:32.899+0000] {processor.py:830} INFO - Processing file /opt/airflow/dags/weather_pipeline_dag.py for tasks to queue
[2026-04-24T06:53:32.924+0000] {logging_mixin.py:188} INFO - [2026-04-24T06:53:32.920+0000] {dagbag.py:538} INFO - Filling up the DagBag from /opt/airflow/dags/weather_pipeline_dag.py
[2026-04-24T06:53:35.454+0000] {processor.py:840} INFO - DAG(s) 'weather_data_pipeline' retrieved from /opt/airflow/dags/weather_pipeline_dag.py
[2026-04-24T06:53:36.088+0000] {logging_mixin.py:188} INFO - [2026-04-24T06:53:36.086+0000] {dag.py:3036} INFO - Sync 1 DAGs
[2026-04-24T06:53:36.851+0000] {logging_mixin.py:188} INFO - [2026-04-24T06:53:36.849+0000] {dag.py:3823} INFO - Setting next_dagrun for weather_data_pipeline to 2026-04-24 06:00:00+00:00, run_after=2026-04-25 06:00:00+00:00
[2026-04-24T06:53:37.739+0000] {processor.py:183} INFO - Processing /opt/airflow/dags/weather_pipeline_dag.py took 4.995 seconds
[2026-04-24T06:54:08.142+0000] {processor.py:161} INFO - Started process (PID=2557) to work on /opt/airflow/dags/weather_pipeline_dag.py
[2026-04-24T06:54:08.224+0000] {processor.py:830} INFO - Processing file /opt/airflow/dags/weather_pipeline_dag.py for tasks to queue
[2026-04-24T06:54:08.276+0000] {logging_mixin.py:188} INFO - [2026-04-24T06:54:08.258+0000] {dagbag.py:538} INFO - Filling up the DagBag from /opt/airflow/dags/weather_pipeline_dag.py
[2026-04-24T06:54:10.864+0000] {processor.py:840} INFO - DAG(s) 'weather_data_pipeline' retrieved from /opt/airflow/dags/weather_pipeline_dag.py
[2026-04-24T06:54:11.649+0000] {logging_mixin.py:188} INFO - [2026-04-24T06:54:11.647+0000] {dag.py:3036} INFO - Sync 1 DAGs
[2026-04-24T06:54:12.240+0000] {logging_mixin.py:188} INFO - [2026-04-24T06:54:12.237+0000] {dag.py:3823} INFO - Setting next_dagrun for weather_data_pipeline to 2026-04-24 06:00:00+00:00, run_after=2026-04-25 06:00:00+00:00
[2026-04-24T06:54:12.817+0000] {processor.py:183} INFO - Processing /opt/airflow/dags/weather_pipeline_dag.py took 5.006 seconds
[2026-04-24T06:54:46.060+0000] {processor.py:161} INFO - Started process (PID=2575) to work on /opt/airflow/dags/weather_pipeline_dag.py
[2026-04-24T06:54:46.157+0000] {processor.py:830} INFO - Processing file /opt/airflow/dags/weather_pipeline_dag.py for tasks to queue
[2026-04-24T06:54:46.280+0000] {logging_mixin.py:188} INFO - [2026-04-24T06:54:46.214+0000] {dagbag.py:538} INFO - Filling up the DagBag from /opt/airflow/dags/weather_pipeline_dag.py
[2026-04-24T06:54:48.121+0000] {processor.py:840} INFO - DAG(s) 'weather_data_pipeline' retrieved from /opt/airflow/dags/weather_pipeline_dag.py
[2026-04-24T06:54:48.884+0000] {logging_mixin.py:188} INFO - [2026-04-24T06:54:48.882+0000] {dag.py:3036} INFO - Sync 1 DAGs
[2026-04-24T06:54:49.681+0000] {logging_mixin.py:188} INFO - [2026-04-24T06:54:49.679+0000] {dag.py:3823} INFO - Setting next_dagrun for weather_data_pipeline to 2026-04-24 06:00:00+00:00, run_after=2026-04-25 06:00:00+00:00
[2026-04-24T06:54:50.110+0000] {processor.py:183} INFO - Processing /opt/airflow/dags/weather_pipeline_dag.py took 4.181 seconds
[2026-04-24T06:55:22.505+0000] {processor.py:161} INFO - Started process (PID=2586) to work on /opt/airflow/dags/weather_pipeline_dag.py
[2026-04-24T06:55:22.562+0000] {processor.py:830} INFO - Processing file /opt/airflow/dags/weather_pipeline_dag.py for tasks to queue
[2026-04-24T06:55:22.595+0000] {logging_mixin.py:188} INFO - [2026-04-24T06:55:22.580+0000] {dagbag.py:538} INFO - Filling up the DagBag from /opt/airflow/dags/weather_pipeline_dag.py
[2026-04-24T06:55:24.613+0000] {processor.py:840} INFO - DAG(s) 'weather_data_pipeline' retrieved from /opt/airflow/dags/weather_pipeline_dag.py
[2026-04-24T06:55:25.263+0000] {logging_mixin.py:188} INFO - [2026-04-24T06:55:25.250+0000] {dag.py:3036} INFO - Sync 1 DAGs
[2026-04-24T06:55:25.982+0000] {logging_mixin.py:188} INFO - [2026-04-24T06:55:25.980+0000] {dag.py:3823} INFO - Setting next_dagrun for weather_data_pipeline to 2026-04-24 06:00:00+00:00, run_after=2026-04-25 06:00:00+00:00
[2026-04-24T06:55:26.723+0000] {processor.py:183} INFO - Processing /opt/airflow/dags/weather_pipeline_dag.py took 4.306 seconds
[2026-04-24T06:55:58.345+0000] {processor.py:161} INFO - Started process (PID=2598) to work on /opt/airflow/dags/weather_pipeline_dag.py
[2026-04-24T06:55:58.362+0000] {processor.py:830} INFO - Processing file /opt/airflow/dags/weather_pipeline_dag.py for tasks to queue
[2026-04-24T06:55:58.404+0000] {logging_mixin.py:188} INFO - [2026-04-24T06:55:58.401+0000] {dagbag.py:538} INFO - Filling up the DagBag from /opt/airflow/dags/weather_pipeline_dag.py
[2026-04-24T06:55:58.857+0000] {processor.py:840} INFO - DAG(s) 'weather_data_pipeline' retrieved from /opt/airflow/dags/weather_pipeline_dag.py
[2026-04-24T06:55:59.337+0000] {logging_mixin.py:188} INFO - [2026-04-24T06:55:59.322+0000] {dag.py:3036} INFO - Sync 1 DAGs
[2026-04-24T06:55:57.540+0000] {logging_mixin.py:188} INFO - [2026-04-24T06:55:57.538+0000] {dag.py:3823} INFO - Setting next_dagrun for weather_data_pipeline to 2026-04-24 06:00:00+00:00, run_after=2026-04-25 06:00:00+00:00
[2026-04-24T06:55:58.128+0000] {processor.py:183} INFO - Processing /opt/airflow/dags/weather_pipeline_dag.py took 2.735 seconds
[2026-04-24T06:56:29.251+0000] {processor.py:161} INFO - Started process (PID=2609) to work on /opt/airflow/dags/weather_pipeline_dag.py
[2026-04-24T06:56:29.281+0000] {processor.py:830} INFO - Processing file /opt/airflow/dags/weather_pipeline_dag.py for tasks to queue
[2026-04-24T06:56:29.356+0000] {logging_mixin.py:188} INFO - [2026-04-24T06:56:29.320+0000] {dagbag.py:538} INFO - Filling up the DagBag from /opt/airflow/dags/weather_pipeline_dag.py
[2026-04-24T06:56:30.355+0000] {processor.py:840} INFO - DAG(s) 'weather_data_pipeline' retrieved from /opt/airflow/dags/weather_pipeline_dag.py
[2026-04-24T06:56:31.296+0000] {logging_mixin.py:188} INFO - [2026-04-24T06:56:31.294+0000] {dag.py:3036} INFO - Sync 1 DAGs
[2026-04-24T06:56:32.359+0000] {logging_mixin.py:188} INFO - [2026-04-24T06:56:32.344+0000] {dag.py:3823} INFO - Setting next_dagrun for weather_data_pipeline to 2026-04-24 06:00:00+00:00, run_after=2026-04-25 06:00:00+00:00
[2026-04-24T06:56:33.032+0000] {processor.py:183} INFO - Processing /opt/airflow/dags/weather_pipeline_dag.py took 3.872 seconds
[2026-04-24T06:57:04.295+0000] {processor.py:161} INFO - Started process (PID=2626) to work on /opt/airflow/dags/weather_pipeline_dag.py
[2026-04-24T06:57:04.317+0000] {processor.py:830} INFO - Processing file /opt/airflow/dags/weather_pipeline_dag.py for tasks to queue
[2026-04-24T06:57:04.345+0000] {logging_mixin.py:188} INFO - [2026-04-24T06:57:04.335+0000] {dagbag.py:538} INFO - Filling up the DagBag from /opt/airflow/dags/weather_pipeline_dag.py
[2026-04-24T06:57:04.964+0000] {processor.py:840} INFO - DAG(s) 'weather_data_pipeline' retrieved from /opt/airflow/dags/weather_pipeline_dag.py
[2026-04-24T06:57:05.892+0000] {logging_mixin.py:188} INFO - [2026-04-24T06:57:05.878+0000] {dag.py:3036} INFO - Sync 1 DAGs
[2026-04-24T06:57:06.562+0000] {logging_mixin.py:188} INFO - [2026-04-24T06:57:06.554+0000] {dag.py:3823} INFO - Setting next_dagrun for weather_data_pipeline to 2026-04-24 06:00:00+00:00, run_after=2026-04-25 06:00:00+00:00
[2026-04-24T06:57:07.110+0000] {processor.py:183} INFO - Processing /opt/airflow/dags/weather_pipeline_dag.py took 2.910 seconds
[2026-04-24T06:57:38.042+0000] {processor.py:161} INFO - Started process (PID=2637) to work on /opt/airflow/dags/weather_pipeline_dag.py
[2026-04-24T06:57:38.064+0000] {processor.py:830} INFO - Processing file /opt/airflow/dags/weather_pipeline_dag.py for tasks to queue
[2026-04-24T06:57:38.095+0000] {logging_mixin.py:188} INFO - [2026-04-24T06:57:38.079+0000] {dagbag.py:538} INFO - Filling up the DagBag from /opt/airflow/dags/weather_pipeline_dag.py
[2026-04-24T06:57:38.728+0000] {processor.py:840} INFO - DAG(s) 'weather_data_pipeline' retrieved from /opt/airflow/dags/weather_pipeline_dag.py
[2026-04-24T06:57:39.497+0000] {logging_mixin.py:188} INFO - [2026-04-24T06:57:39.495+0000] {dag.py:3036} INFO - Sync 1 DAGs
[2026-04-24T06:57:40.506+0000] {logging_mixin.py:188} INFO - [2026-04-24T06:57:40.503+0000] {dag.py:3823} INFO - Setting next_dagrun for weather_data_pipeline to 2026-04-24 06:00:00+00:00, run_after=2026-04-25 06:00:00+00:00
[2026-04-24T06:57:41.168+0000] {processor.py:183} INFO - Processing /opt/airflow/dags/weather_pipeline_dag.py took 3.213 seconds
[2026-04-24T06:58:13.613+0000] {processor.py:161} INFO - Started process (PID=2648) to work on /opt/airflow/dags/weather_pipeline_dag.py
[2026-04-24T06:58:13.648+0000] {processor.py:830} INFO - Processing file /opt/airflow/dags/weather_pipeline_dag.py for tasks to queue
[2026-04-24T06:58:13.685+0000] {logging_mixin.py:188} INFO - [2026-04-24T06:58:13.668+0000] {dagbag.py:538} INFO - Filling up the DagBag from /opt/airflow/dags/weather_pipeline_dag.py
[2026-04-24T06:58:14.619+0000] {processor.py:840} INFO - DAG(s) 'weather_data_pipeline' retrieved from /opt/airflow/dags/weather_pipeline_dag.py
[2026-04-24T06:58:15.308+0000] {logging_mixin.py:188} INFO - [2026-04-24T06:58:15.294+0000] {dag.py:3036} INFO - Sync 1 DAGs
[2026-04-24T06:58:13.281+0000] {logging_mixin.py:188} INFO - [2026-04-24T06:58:13.278+0000] {dag.py:3823} INFO - Setting next_dagrun for weather_data_pipeline to 2026-04-24 06:00:00+00:00, run_after=2026-04-25 06:00:00+00:00
[2026-04-24T06:58:13.741+0000] {processor.py:183} INFO - Processing /opt/airflow/dags/weather_pipeline_dag.py took 2.980 seconds
[2026-04-24T06:58:45.354+0000] {processor.py:161} INFO - Started process (PID=2659) to work on /opt/airflow/dags/weather_pipeline_dag.py
[2026-04-24T06:58:45.377+0000] {processor.py:830} INFO - Processing file /opt/airflow/dags/weather_pipeline_dag.py for tasks to queue
[2026-04-24T06:58:45.397+0000] {logging_mixin.py:188} INFO - [2026-04-24T06:58:45.394+0000] {dagbag.py:538} INFO - Filling up the DagBag from /opt/airflow/dags/weather_pipeline_dag.py
[2026-04-24T06:58:49.828+0000] {processor.py:840} INFO - DAG(s) 'weather_data_pipeline' retrieved from /opt/airflow/dags/weather_pipeline_dag.py
[2026-04-24T06:58:51.826+0000] {logging_mixin.py:188} INFO - [2026-04-24T06:58:51.824+0000] {dag.py:3036} INFO - Sync 1 DAGs
[2026-04-24T06:58:52.550+0000] {logging_mixin.py:188} INFO - [2026-04-24T06:58:52.536+0000] {dag.py:3823} INFO - Setting next_dagrun for weather_data_pipeline to 2026-04-24 06:00:00+00:00, run_after=2026-04-25 06:00:00+00:00
[2026-04-24T06:58:53.288+0000] {processor.py:183} INFO - Processing /opt/airflow/dags/weather_pipeline_dag.py took 8.014 seconds
[2026-04-24T06:59:24.621+0000] {processor.py:161} INFO - Started process (PID=2670) to work on /opt/airflow/dags/weather_pipeline_dag.py
[2026-04-24T06:59:24.652+0000] {processor.py:830} INFO - Processing file /opt/airflow/dags/weather_pipeline_dag.py for tasks to queue
[2026-04-24T06:59:24.677+0000] {logging_mixin.py:188} INFO - [2026-04-24T06:59:24.674+0000] {dagbag.py:538} INFO - Filling up the DagBag from /opt/airflow/dags/weather_pipeline_dag.py
[2026-04-24T06:59:25.573+0000] {processor.py:840} INFO - DAG(s) 'weather_data_pipeline' retrieved from /opt/airflow/dags/weather_pipeline_dag.py
[2026-04-24T06:59:26.364+0000] {logging_mixin.py:188} INFO - [2026-04-24T06:59:26.361+0000] {dag.py:3036} INFO - Sync 1 DAGs
[2026-04-24T06:59:27.234+0000] {logging_mixin.py:188} INFO - [2026-04-24T06:59:27.232+0000] {dag.py:3823} INFO - Setting next_dagrun for weather_data_pipeline to 2026-04-24 06:00:00+00:00, run_after=2026-04-25 06:00:00+00:00
[2026-04-24T06:59:27.775+0000] {processor.py:183} INFO - Processing /opt/airflow/dags/weather_pipeline_dag.py took 3.242 seconds
[2026-04-24T06:59:58.704+0000] {processor.py:161} INFO - Started process (PID=2687) to work on /opt/airflow/dags/weather_pipeline_dag.py
[2026-04-24T06:59:58.780+0000] {processor.py:830} INFO - Processing file /opt/airflow/dags/weather_pipeline_dag.py for tasks to queue
[2026-04-24T06:59:58.844+0000] {logging_mixin.py:188} INFO - [2026-04-24T06:59:58.829+0000] {dagbag.py:538} INFO - Filling up the DagBag from /opt/airflow/dags/weather_pipeline_dag.py
[2026-04-24T06:59:59.547+0000] {processor.py:840} INFO - DAG(s) 'weather_data_pipeline' retrieved from /opt/airflow/dags/weather_pipeline_dag.py
[2026-04-24T07:00:00.243+0000] {logging_mixin.py:188} INFO - [2026-04-24T07:00:00.234+0000] {dag.py:3036} INFO - Sync 1 DAGs
[2026-04-24T07:00:01.036+0000] {logging_mixin.py:188} INFO - [2026-04-24T07:00:01.034+0000] {dag.py:3823} INFO - Setting next_dagrun for weather_data_pipeline to 2026-04-24 06:00:00+00:00, run_after=2026-04-25 06:00:00+00:00
[2026-04-24T07:00:01.568+0000] {processor.py:183} INFO - Processing /opt/airflow/dags/weather_pipeline_dag.py took 2.991 seconds
[2026-04-24T07:00:31.485+0000] {processor.py:161} INFO - Started process (PID=2698) to work on /opt/airflow/dags/weather_pipeline_dag.py
[2026-04-24T07:00:31.627+0000] {processor.py:830} INFO - Processing file /opt/airflow/dags/weather_pipeline_dag.py for tasks to queue
[2026-04-24T07:00:31.679+0000] {logging_mixin.py:188} INFO - [2026-04-24T07:00:31.675+0000] {dagbag.py:538} INFO - Filling up the DagBag from /opt/airflow/dags/weather_pipeline_dag.py
[2026-04-24T07:00:34.720+0000] {processor.py:840} INFO - DAG(s) 'weather_data_pipeline' retrieved from /opt/airflow/dags/weather_pipeline_dag.py
[2026-04-24T07:00:35.617+0000] {logging_mixin.py:188} INFO - [2026-04-24T07:00:35.603+0000] {dag.py:3036} INFO - Sync 1 DAGs
[2026-04-24T07:00:36.297+0000] {logging_mixin.py:188} INFO - [2026-04-24T07:00:36.295+0000] {dag.py:3823} INFO - Setting next_dagrun for weather_data_pipeline to 2026-04-24 06:00:00+00:00, run_after=2026-04-25 06:00:00+00:00
[2026-04-24T07:00:36.998+0000] {processor.py:183} INFO - Processing /opt/airflow/dags/weather_pipeline_dag.py took 5.871 seconds
[2026-04-24T07:01:08.295+0000] {processor.py:161} INFO - Started process (PID=2709) to work on /opt/airflow/dags/weather_pipeline_dag.py
[2026-04-24T07:01:08.317+0000] {processor.py:830} INFO - Processing file /opt/airflow/dags/weather_pipeline_dag.py for tasks to queue
[2026-04-24T07:01:08.345+0000] {logging_mixin.py:188} INFO - [2026-04-24T07:01:08.331+0000] {dagbag.py:538} INFO - Filling up the DagBag from /opt/airflow/dags/weather_pipeline_dag.py
[2026-04-24T07:01:09.342+0000] {processor.py:840} INFO - DAG(s) 'weather_data_pipeline' retrieved from /opt/airflow/dags/weather_pipeline_dag.py
[2026-04-24T07:01:10.092+0000] {logging_mixin.py:188} INFO - [2026-04-24T07:01:10.077+0000] {dag.py:3036} INFO - Sync 1 DAGs
[2026-04-24T07:01:10.860+0000] {logging_mixin.py:188} INFO - [2026-04-24T07:01:10.858+0000] {dag.py:3823} INFO - Setting next_dagrun for weather_data_pipeline to 2026-04-24 06:00:00+00:00, run_after=2026-04-25 06:00:00+00:00
[2026-04-24T07:01:11.445+0000] {processor.py:183} INFO - Processing /opt/airflow/dags/weather_pipeline_dag.py took 3.244 seconds
[2026-04-24T07:01:42.872+0000] {processor.py:161} INFO - Started process (PID=2720) to work on /opt/airflow/dags/weather_pipeline_dag.py
[2026-04-24T07:01:42.904+0000] {processor.py:830} INFO - Processing file /opt/airflow/dags/weather_pipeline_dag.py for tasks to queue
[2026-04-24T07:01:42.924+0000] {logging_mixin.py:188} INFO - [2026-04-24T07:01:42.921+0000] {dagbag.py:538} INFO - Filling up the DagBag from /opt/airflow/dags/weather_pipeline_dag.py
[2026-04-24T07:01:43.467+0000] {processor.py:840} INFO - DAG(s) 'weather_data_pipeline' retrieved from /opt/airflow/dags/weather_pipeline_dag.py
[2026-04-24T07:01:44.528+0000] {logging_mixin.py:188} INFO - [2026-04-24T07:01:44.517+0000] {dag.py:3036} INFO - Sync 1 DAGs
[2026-04-24T07:01:45.264+0000] {logging_mixin.py:188} INFO - [2026-04-24T07:01:45.251+0000] {dag.py:3823} INFO - Setting next_dagrun for weather_data_pipeline to 2026-04-24 06:00:00+00:00, run_after=2026-04-25 06:00:00+00:00
[2026-04-24T07:01:46.131+0000] {processor.py:183} INFO - Processing /opt/airflow/dags/weather_pipeline_dag.py took 3.345 seconds
[2026-04-24T07:02:16.939+0000] {processor.py:161} INFO - Started process (PID=2731) to work on /opt/airflow/dags/weather_pipeline_dag.py
[2026-04-24T07:02:16.974+0000] {processor.py:830} INFO - Processing file /opt/airflow/dags/weather_pipeline_dag.py for tasks to queue
[2026-04-24T07:02:16.994+0000] {logging_mixin.py:188} INFO - [2026-04-24T07:02:16.991+0000] {dagbag.py:538} INFO - Filling up the DagBag from /opt/airflow/dags/weather_pipeline_dag.py
[2026-04-24T07:02:17.677+0000] {processor.py:840} INFO - DAG(s) 'weather_data_pipeline' retrieved from /opt/airflow/dags/weather_pipeline_dag.py
[2026-04-24T07:02:18.486+0000] {logging_mixin.py:188} INFO - [2026-04-24T07:02:18.484+0000] {dag.py:3036} INFO - Sync 1 DAGs
[2026-04-24T07:02:19.402+0000] {logging_mixin.py:188} INFO - [2026-04-24T07:02:19.389+0000] {dag.py:3823} INFO - Setting next_dagrun for weather_data_pipeline to 2026-04-24 06:00:00+00:00, run_after=2026-04-25 06:00:00+00:00
[2026-04-24T07:02:19.958+0000] {processor.py:183} INFO - Processing /opt/airflow/dags/weather_pipeline_dag.py took 3.128 seconds
[2026-04-24T07:02:51.109+0000] {processor.py:161} INFO - Started process (PID=2748) to work on /opt/airflow/dags/weather_pipeline_dag.py
[2026-04-24T07:02:51.133+0000] {processor.py:830} INFO - Processing file /opt/airflow/dags/weather_pipeline_dag.py for tasks to queue
[2026-04-24T07:02:51.154+0000] {logging_mixin.py:188} INFO - [2026-04-24T07:02:51.151+0000] {dagbag.py:538} INFO - Filling up the DagBag from /opt/airflow/dags/weather_pipeline_dag.py
[2026-04-24T07:02:51.820+0000] {processor.py:840} INFO - DAG(s) 'weather_data_pipeline' retrieved from /opt/airflow/dags/weather_pipeline_dag.py
[2026-04-24T07:02:52.611+0000] {logging_mixin.py:188} INFO - [2026-04-24T07:02:52.600+0000] {dag.py:3036} INFO - Sync 1 DAGs
[2026-04-24T07:02:53.227+0000] {logging_mixin.py:188} INFO - [2026-04-24T07:02:53.225+0000] {dag.py:3823} INFO - Setting next_dagrun for weather_data_pipeline to 2026-04-24 06:00:00+00:00, run_after=2026-04-25 06:00:00+00:00
[2026-04-24T07:02:53.648+0000] {processor.py:183} INFO - Processing /opt/airflow/dags/weather_pipeline_dag.py took 2.650 seconds
[2026-04-24T07:03:25.426+0000] {processor.py:161} INFO - Started process (PID=2759) to work on /opt/airflow/dags/weather_pipeline_dag.py
[2026-04-24T07:03:25.444+0000] {processor.py:830} INFO - Processing file /opt/airflow/dags/weather_pipeline_dag.py for tasks to queue
[2026-04-24T07:03:25.480+0000] {logging_mixin.py:188} INFO - [2026-04-24T07:03:25.465+0000] {dagbag.py:538} INFO - Filling up the DagBag from /opt/airflow/dags/weather_pipeline_dag.py
[2026-04-24T07:03:26.236+0000] {processor.py:840} INFO - DAG(s) 'weather_data_pipeline' retrieved from /opt/airflow/dags/weather_pipeline_dag.py
[2026-04-24T07:03:27.402+0000] {logging_mixin.py:188} INFO - [2026-04-24T07:03:27.388+0000] {dag.py:3036} INFO - Sync 1 DAGs
[2026-04-24T07:03:29.042+0000] {logging_mixin.py:188} INFO - [2026-04-24T07:03:29.028+0000] {dag.py:3823} INFO - Setting next_dagrun for weather_data_pipeline to 2026-04-24 06:00:00+00:00, run_after=2026-04-25 06:00:00+00:00
[2026-04-24T07:03:29.568+0000] {processor.py:183} INFO - Processing /opt/airflow/dags/weather_pipeline_dag.py took 4.250 seconds
[2026-04-24T07:04:00.962+0000] {processor.py:161} INFO - Started process (PID=2770) to work on /opt/airflow/dags/weather_pipeline_dag.py
[2026-04-24T07:04:00.992+0000] {processor.py:830} INFO - Processing file /opt/airflow/dags/weather_pipeline_dag.py for tasks to queue
[2026-04-24T07:04:01.035+0000] {logging_mixin.py:188} INFO - [2026-04-24T07:04:01.020+0000] {dagbag.py:538} INFO - Filling up the DagBag from /opt/airflow/dags/weather_pipeline_dag.py
[2026-04-24T07:04:02.398+0000] {processor.py:840} INFO - DAG(s) 'weather_data_pipeline' retrieved from /opt/airflow/dags/weather_pipeline_dag.py
[2026-04-24T07:04:03.206+0000] {logging_mixin.py:188} INFO - [2026-04-24T07:04:03.204+0000] {dag.py:3036} INFO - Sync 1 DAGs
[2026-04-24T07:04:04.131+0000] {logging_mixin.py:188} INFO - [2026-04-24T07:04:04.119+0000] {dag.py:3823} INFO - Setting next_dagrun for weather_data_pipeline to 2026-04-24 06:00:00+00:00, run_after=2026-04-25 06:00:00+00:00
[2026-04-24T07:04:04.851+0000] {processor.py:183} INFO - Processing /opt/airflow/dags/weather_pipeline_dag.py took 3.960 seconds
[2026-04-24T07:04:36.639+0000] {processor.py:161} INFO - Started process (PID=2781) to work on /opt/airflow/dags/weather_pipeline_dag.py
[2026-04-24T07:04:36.669+0000] {processor.py:830} INFO - Processing file /opt/airflow/dags/weather_pipeline_dag.py for tasks to queue
[2026-04-24T07:04:36.699+0000] {logging_mixin.py:188} INFO - [2026-04-24T07:04:36.687+0000] {dagbag.py:538} INFO - Filling up the DagBag from /opt/airflow/dags/weather_pipeline_dag.py
[2026-04-24T07:04:37.416+0000] {processor.py:840} INFO - DAG(s) 'weather_data_pipeline' retrieved from /opt/airflow/dags/weather_pipeline_dag.py
[2026-04-24T07:04:38.378+0000] {logging_mixin.py:188} INFO - [2026-04-24T07:04:38.377+0000] {dag.py:3036} INFO - Sync 1 DAGs
[2026-04-24T07:04:36.775+0000] {logging_mixin.py:188} INFO - [2026-04-24T07:04:36.772+0000] {dag.py:3823} INFO - Setting next_dagrun for weather_data_pipeline to 2026-04-24 06:00:00+00:00, run_after=2026-04-25 06:00:00+00:00
[2026-04-24T07:04:37.712+0000] {processor.py:183} INFO - Processing /opt/airflow/dags/weather_pipeline_dag.py took 3.979 seconds
[2026-04-24T07:05:09.331+0000] {processor.py:161} INFO - Started process (PID=2793) to work on /opt/airflow/dags/weather_pipeline_dag.py
[2026-04-24T07:05:09.402+0000] {processor.py:830} INFO - Processing file /opt/airflow/dags/weather_pipeline_dag.py for tasks to queue
[2026-04-24T07:05:09.494+0000] {logging_mixin.py:188} INFO - [2026-04-24T07:05:09.454+0000] {dagbag.py:538} INFO - Filling up the DagBag from /opt/airflow/dags/weather_pipeline_dag.py
[2026-04-24T07:05:11.275+0000] {processor.py:840} INFO - DAG(s) 'weather_data_pipeline' retrieved from /opt/airflow/dags/weather_pipeline_dag.py
[2026-04-24T07:05:12.120+0000] {logging_mixin.py:188} INFO - [2026-04-24T07:05:12.117+0000] {dag.py:3036} INFO - Sync 1 DAGs
[2026-04-24T07:05:13.133+0000] {logging_mixin.py:188} INFO - [2026-04-24T07:05:13.117+0000] {dag.py:3823} INFO - Setting next_dagrun for weather_data_pipeline to 2026-04-24 06:00:00+00:00, run_after=2026-04-25 06:00:00+00:00
[2026-04-24T07:05:13.690+0000] {processor.py:183} INFO - Processing /opt/airflow/dags/weather_pipeline_dag.py took 4.482 seconds
[2026-04-24T07:05:45.038+0000] {processor.py:161} INFO - Started process (PID=2809) to work on /opt/airflow/dags/weather_pipeline_dag.py
[2026-04-24T07:05:45.071+0000] {processor.py:830} INFO - Processing file /opt/airflow/dags/weather_pipeline_dag.py for tasks to queue
[2026-04-24T07:05:45.093+0000] {logging_mixin.py:188} INFO - [2026-04-24T07:05:45.089+0000] {dagbag.py:538} INFO - Filling up the DagBag from /opt/airflow/dags/weather_pipeline_dag.py
[2026-04-24T07:05:45.631+0000] {processor.py:840} INFO - DAG(s) 'weather_data_pipeline' retrieved from /opt/airflow/dags/weather_pipeline_dag.py
[2026-04-24T07:05:46.530+0000] {logging_mixin.py:188} INFO - [2026-04-24T07:05:46.527+0000] {dag.py:3036} INFO - Sync 1 DAGs
[2026-04-24T07:05:47.485+0000] {logging_mixin.py:188} INFO - [2026-04-24T07:05:47.472+0000] {dag.py:3823} INFO - Setting next_dagrun for weather_data_pipeline to 2026-04-24 06:00:00+00:00, run_after=2026-04-25 06:00:00+00:00
[2026-04-24T07:05:47.921+0000] {processor.py:183} INFO - Processing /opt/airflow/dags/weather_pipeline_dag.py took 3.003 seconds
[2026-04-24T07:06:20.237+0000] {processor.py:161} INFO - Started process (PID=2820) to work on /opt/airflow/dags/weather_pipeline_dag.py
[2026-04-24T07:06:20.270+0000] {processor.py:830} INFO - Processing file /opt/airflow/dags/weather_pipeline_dag.py for tasks to queue
[2026-04-24T07:06:20.306+0000] {logging_mixin.py:188} INFO - [2026-04-24T07:06:20.290+0000] {dagbag.py:538} INFO - Filling up the DagBag from /opt/airflow/dags/weather_pipeline_dag.py
[2026-04-24T07:06:20.936+0000] {processor.py:840} INFO - DAG(s) 'weather_data_pipeline' retrieved from /opt/airflow/dags/weather_pipeline_dag.py
[2026-04-24T07:06:21.683+0000] {logging_mixin.py:188} INFO - [2026-04-24T07:06:21.682+0000] {dag.py:3036} INFO - Sync 1 DAGs
[2026-04-24T07:06:22.719+0000] {logging_mixin.py:188} INFO - [2026-04-24T07:06:22.716+0000] {dag.py:3823} INFO - Setting next_dagrun for weather_data_pipeline to 2026-04-24 06:00:00+00:00, run_after=2026-04-25 06:00:00+00:00
[2026-04-24T07:06:23.277+0000] {processor.py:183} INFO - Processing /opt/airflow/dags/weather_pipeline_dag.py took 3.152 seconds
[2026-04-24T07:06:55.282+0000] {processor.py:161} INFO - Started process (PID=2832) to work on /opt/airflow/dags/weather_pipeline_dag.py
[2026-04-24T07:06:55.319+0000] {processor.py:830} INFO - Processing file /opt/airflow/dags/weather_pipeline_dag.py for tasks to queue
[2026-04-24T07:06:55.089+0000] {logging_mixin.py:188} INFO - [2026-04-24T07:06:55.086+0000] {dagbag.py:538} INFO - Filling up the DagBag from /opt/airflow/dags/weather_pipeline_dag.py
[2026-04-24T07:06:53.537+0000] {processor.py:840} INFO - DAG(s) 'weather_data_pipeline' retrieved from /opt/airflow/dags/weather_pipeline_dag.py
[2026-04-24T07:06:54.543+0000] {logging_mixin.py:188} INFO - [2026-04-24T07:06:54.541+0000] {dag.py:3036} INFO - Sync 1 DAGs
[2026-04-24T07:06:55.383+0000] {logging_mixin.py:188} INFO - [2026-04-24T07:06:55.381+0000] {dag.py:3823} INFO - Setting next_dagrun for weather_data_pipeline to 2026-04-24 06:00:00+00:00, run_after=2026-04-25 06:00:00+00:00
[2026-04-24T07:06:55.956+0000] {processor.py:183} INFO - Processing /opt/airflow/dags/weather_pipeline_dag.py took 3.649 seconds
[2026-04-24T07:07:27.093+0000] {processor.py:161} INFO - Started process (PID=2843) to work on /opt/airflow/dags/weather_pipeline_dag.py
[2026-04-24T07:07:27.128+0000] {processor.py:830} INFO - Processing file /opt/airflow/dags/weather_pipeline_dag.py for tasks to queue
[2026-04-24T07:07:27.151+0000] {logging_mixin.py:188} INFO - [2026-04-24T07:07:27.147+0000] {dagbag.py:538} INFO - Filling up the DagBag from /opt/airflow/dags/weather_pipeline_dag.py
[2026-04-24T07:07:27.754+0000] {processor.py:840} INFO - DAG(s) 'weather_data_pipeline' retrieved from /opt/airflow/dags/weather_pipeline_dag.py
[2026-04-24T07:07:28.948+0000] {logging_mixin.py:188} INFO - [2026-04-24T07:07:28.943+0000] {dag.py:3036} INFO - Sync 1 DAGs
[2026-04-24T07:07:29.800+0000] {logging_mixin.py:188} INFO - [2026-04-24T07:07:29.798+0000] {dag.py:3823} INFO - Setting next_dagrun for weather_data_pipeline to 2026-04-24 06:00:00+00:00, run_after=2026-04-25 06:00:00+00:00
[2026-04-24T07:07:30.255+0000] {processor.py:183} INFO - Processing /opt/airflow/dags/weather_pipeline_dag.py took 3.299 seconds
[2026-04-24T07:08:02.084+0000] {processor.py:161} INFO - Started process (PID=2855) to work on /opt/airflow/dags/weather_pipeline_dag.py
[2026-04-24T07:08:02.106+0000] {processor.py:830} INFO - Processing file /opt/airflow/dags/weather_pipeline_dag.py for tasks to queue
[2026-04-24T07:08:02.137+0000] {logging_mixin.py:188} INFO - [2026-04-24T07:08:02.122+0000] {dagbag.py:538} INFO - Filling up the DagBag from /opt/airflow/dags/weather_pipeline_dag.py
[2026-04-24T07:08:03.072+0000] {processor.py:840} INFO - DAG(s) 'weather_data_pipeline' retrieved from /opt/airflow/dags/weather_pipeline_dag.py
[2026-04-24T07:08:03.768+0000] {logging_mixin.py:188} INFO - [2026-04-24T07:08:03.767+0000] {dag.py:3036} INFO - Sync 1 DAGs
[2026-04-24T07:08:04.887+0000] {logging_mixin.py:188} INFO - [2026-04-24T07:08:04.851+0000] {dag.py:3823} INFO - Setting next_dagrun for weather_data_pipeline to 2026-04-24 06:00:00+00:00, run_after=2026-04-25 06:00:00+00:00
[2026-04-24T07:08:05.575+0000] {processor.py:183} INFO - Processing /opt/airflow/dags/weather_pipeline_dag.py took 3.580 seconds
[2026-04-24T07:08:40.927+0000] {processor.py:161} INFO - Started process (PID=2873) to work on /opt/airflow/dags/weather_pipeline_dag.py
[2026-04-24T07:08:40.964+0000] {processor.py:830} INFO - Processing file /opt/airflow/dags/weather_pipeline_dag.py for tasks to queue
[2026-04-24T07:08:41.012+0000] {logging_mixin.py:188} INFO - [2026-04-24T07:08:41.001+0000] {dagbag.py:538} INFO - Filling up the DagBag from /opt/airflow/dags/weather_pipeline_dag.py
[2026-04-24T07:08:41.854+0000] {processor.py:840} INFO - DAG(s) 'weather_data_pipeline' retrieved from /opt/airflow/dags/weather_pipeline_dag.py
[2026-04-24T07:08:42.537+0000] {logging_mixin.py:188} INFO - [2026-04-24T07:08:42.532+0000] {dag.py:3036} INFO - Sync 1 DAGs
[2026-04-24T07:08:43.180+0000] {logging_mixin.py:188} INFO - [2026-04-24T07:08:43.178+0000] {dag.py:3823} INFO - Setting next_dagrun for weather_data_pipeline to 2026-04-24 06:00:00+00:00, run_after=2026-04-25 06:00:00+00:00
[2026-04-24T07:08:43.585+0000] {processor.py:183} INFO - Processing /opt/airflow/dags/weather_pipeline_dag.py took 2.751 seconds
[2026-04-24T07:09:14.853+0000] {processor.py:161} INFO - Started process (PID=2884) to work on /opt/airflow/dags/weather_pipeline_dag.py
[2026-04-24T07:09:14.873+0000] {processor.py:830} INFO - Processing file /opt/airflow/dags/weather_pipeline_dag.py for tasks to queue
[2026-04-24T07:09:14.891+0000] {logging_mixin.py:188} INFO - [2026-04-24T07:09:14.888+0000] {dagbag.py:538} INFO - Filling up the DagBag from /opt/airflow/dags/weather_pipeline_dag.py
[2026-04-24T07:09:15.359+0000] {processor.py:840} INFO - DAG(s) 'weather_data_pipeline' retrieved from /opt/airflow/dags/weather_pipeline_dag.py
[2026-04-24T07:09:16.724+0000] {logging_mixin.py:188} INFO - [2026-04-24T07:09:16.691+0000] {dag.py:3036} INFO - Sync 1 DAGs
[2026-04-24T07:09:17.722+0000] {logging_mixin.py:188} INFO - [2026-04-24T07:09:17.720+0000] {dag.py:3823} INFO - Setting next_dagrun for weather_data_pipeline to 2026-04-24 06:00:00+00:00, run_after=2026-04-25 06:00:00+00:00
[2026-04-24T07:09:18.301+0000] {processor.py:183} INFO - Processing /opt/airflow/dags/weather_pipeline_dag.py took 3.552 seconds
[2026-04-24T07:09:49.023+0000] {processor.py:161} INFO - Started process (PID=2895) to work on /opt/airflow/dags/weather_pipeline_dag.py
[2026-04-24T07:09:49.043+0000] {processor.py:830} INFO - Processing file /opt/airflow/dags/weather_pipeline_dag.py for tasks to queue
[2026-04-24T07:09:49.077+0000] {logging_mixin.py:188} INFO - [2026-04-24T07:09:49.060+0000] {dagbag.py:538} INFO - Filling up the DagBag from /opt/airflow/dags/weather_pipeline_dag.py
[2026-04-24T07:09:49.614+0000] {processor.py:840} INFO - DAG(s) 'weather_data_pipeline' retrieved from /opt/airflow/dags/weather_pipeline_dag.py
[2026-04-24T07:09:50.579+0000] {logging_mixin.py:188} INFO - [2026-04-24T07:09:50.577+0000] {dag.py:3036} INFO - Sync 1 DAGs
[2026-04-24T07:09:51.227+0000] {logging_mixin.py:188} INFO - [2026-04-24T07:09:51.225+0000] {dag.py:3823} INFO - Setting next_dagrun for weather_data_pipeline to 2026-04-24 06:00:00+00:00, run_after=2026-04-25 06:00:00+00:00
[2026-04-24T07:09:51.689+0000] {processor.py:183} INFO - Processing /opt/airflow/dags/weather_pipeline_dag.py took 2.756 seconds
[2026-04-24T07:10:22.594+0000] {processor.py:161} INFO - Started process (PID=2907) to work on /opt/airflow/dags/weather_pipeline_dag.py
[2026-04-24T07:10:22.616+0000] {processor.py:830} INFO - Processing file /opt/airflow/dags/weather_pipeline_dag.py for tasks to queue
[2026-04-24T07:10:22.649+0000] {logging_mixin.py:188} INFO - [2026-04-24T07:10:22.646+0000] {dagbag.py:538} INFO - Filling up the DagBag from /opt/airflow/dags/weather_pipeline_dag.py
[2026-04-24T07:10:23.298+0000] {processor.py:840} INFO - DAG(s) 'weather_data_pipeline' retrieved from /opt/airflow/dags/weather_pipeline_dag.py
[2026-04-24T07:10:23.986+0000] {logging_mixin.py:188} INFO - [2026-04-24T07:10:23.970+0000] {dag.py:3036} INFO - Sync 1 DAGs
[2026-04-24T07:10:24.646+0000] {logging_mixin.py:188} INFO - [2026-04-24T07:10:24.644+0000] {dag.py:3823} INFO - Setting next_dagrun for weather_data_pipeline to 2026-04-24 06:00:00+00:00, run_after=2026-04-25 06:00:00+00:00
[2026-04-24T07:10:25.047+0000] {processor.py:183} INFO - Processing /opt/airflow/dags/weather_pipeline_dag.py took 2.558 seconds
[2026-04-24T07:10:56.146+0000] {processor.py:161} INFO - Started process (PID=2918) to work on /opt/airflow/dags/weather_pipeline_dag.py
[2026-04-24T07:10:56.172+0000] {processor.py:830} INFO - Processing file /opt/airflow/dags/weather_pipeline_dag.py for tasks to queue
[2026-04-24T07:10:56.205+0000] {logging_mixin.py:188} INFO - [2026-04-24T07:10:56.200+0000] {dagbag.py:538} INFO - Filling up the DagBag from /opt/airflow/dags/weather_pipeline_dag.py
[2026-04-24T07:10:56.857+0000] {processor.py:840} INFO - DAG(s) 'weather_data_pipeline' retrieved from /opt/airflow/dags/weather_pipeline_dag.py
[2026-04-24T07:10:57.748+0000] {logging_mixin.py:188} INFO - [2026-04-24T07:10:57.745+0000] {dag.py:3036} INFO - Sync 1 DAGs
[2026-04-24T07:10:58.673+0000] {logging_mixin.py:188} INFO - [2026-04-24T07:10:58.671+0000] {dag.py:3823} INFO - Setting next_dagrun for weather_data_pipeline to 2026-04-24 06:00:00+00:00, run_after=2026-04-25 06:00:00+00:00
[2026-04-24T07:10:59.468+0000] {processor.py:183} INFO - Processing /opt/airflow/dags/weather_pipeline_dag.py took 3.411 seconds
[2026-04-24T07:11:30.747+0000] {processor.py:161} INFO - Started process (PID=2936) to work on /opt/airflow/dags/weather_pipeline_dag.py
[2026-04-24T07:11:30.779+0000] {processor.py:830} INFO - Processing file /opt/airflow/dags/weather_pipeline_dag.py for tasks to queue
[2026-04-24T07:11:30.798+0000] {logging_mixin.py:188} INFO - [2026-04-24T07:11:30.795+0000] {dagbag.py:538} INFO - Filling up the DagBag from /opt/airflow/dags/weather_pipeline_dag.py
[2026-04-24T07:11:31.723+0000] {processor.py:840} INFO - DAG(s) 'weather_data_pipeline' retrieved from /opt/airflow/dags/weather_pipeline_dag.py
[2026-04-24T07:11:32.570+0000] {logging_mixin.py:188} INFO - [2026-04-24T07:11:32.555+0000] {dag.py:3036} INFO - Sync 1 DAGs
[2026-04-24T07:11:33.310+0000] {logging_mixin.py:188} INFO - [2026-04-24T07:11:33.306+0000] {dag.py:3823} INFO - Setting next_dagrun for weather_data_pipeline to 2026-04-24 06:00:00+00:00, run_after=2026-04-25 06:00:00+00:00
[2026-04-24T07:11:33.772+0000] {processor.py:183} INFO - Processing /opt/airflow/dags/weather_pipeline_dag.py took 3.108 seconds
[2026-04-24T07:12:05.025+0000] {processor.py:161} INFO - Started process (PID=2947) to work on /opt/airflow/dags/weather_pipeline_dag.py
[2026-04-24T07:12:05.071+0000] {processor.py:830} INFO - Processing file /opt/airflow/dags/weather_pipeline_dag.py for tasks to queue
[2026-04-24T07:12:05.115+0000] {logging_mixin.py:188} INFO - [2026-04-24T07:12:05.097+0000] {dagbag.py:538} INFO - Filling up the DagBag from /opt/airflow/dags/weather_pipeline_dag.py
[2026-04-24T07:12:06.169+0000] {processor.py:840} INFO - DAG(s) 'weather_data_pipeline' retrieved from /opt/airflow/dags/weather_pipeline_dag.py
[2026-04-24T07:12:08.472+0000] {logging_mixin.py:188} INFO - [2026-04-24T07:12:08.470+0000] {dag.py:3036} INFO - Sync 1 DAGs
[2026-04-24T07:12:09.734+0000] {logging_mixin.py:188} INFO - [2026-04-24T07:12:09.723+0000] {dag.py:3823} INFO - Setting next_dagrun for weather_data_pipeline to 2026-04-24 06:00:00+00:00, run_after=2026-04-25 06:00:00+00:00
[2026-04-24T07:12:10.539+0000] {processor.py:183} INFO - Processing /opt/airflow/dags/weather_pipeline_dag.py took 5.918 seconds
[2026-04-24T07:12:42.103+0000] {processor.py:161} INFO - Started process (PID=2958) to work on /opt/airflow/dags/weather_pipeline_dag.py
[2026-04-24T07:12:42.135+0000] {processor.py:830} INFO - Processing file /opt/airflow/dags/weather_pipeline_dag.py for tasks to queue
[2026-04-24T07:12:42.156+0000] {logging_mixin.py:188} INFO - [2026-04-24T07:12:42.153+0000] {dagbag.py:538} INFO - Filling up the DagBag from /opt/airflow/dags/weather_pipeline_dag.py
[2026-04-24T07:12:42.783+0000] {processor.py:840} INFO - DAG(s) 'weather_data_pipeline' retrieved from /opt/airflow/dags/weather_pipeline_dag.py
[2026-04-24T07:12:43.500+0000] {logging_mixin.py:188} INFO - [2026-04-24T07:12:43.498+0000] {dag.py:3036} INFO - Sync 1 DAGs
[2026-04-24T07:12:44.214+0000] {logging_mixin.py:188} INFO - [2026-04-24T07:12:44.212+0000] {dag.py:3823} INFO - Setting next_dagrun for weather_data_pipeline to 2026-04-24 06:00:00+00:00, run_after=2026-04-25 06:00:00+00:00
[2026-04-24T07:12:44.816+0000] {processor.py:183} INFO - Processing /opt/airflow/dags/weather_pipeline_dag.py took 2.865 seconds
[2026-04-24T07:13:15.489+0000] {processor.py:161} INFO - Started process (PID=2970) to work on /opt/airflow/dags/weather_pipeline_dag.py
[2026-04-24T07:13:15.520+0000] {processor.py:830} INFO - Processing file /opt/airflow/dags/weather_pipeline_dag.py for tasks to queue
[2026-04-24T07:13:15.541+0000] {logging_mixin.py:188} INFO - [2026-04-24T07:13:15.538+0000] {dagbag.py:538} INFO - Filling up the DagBag from /opt/airflow/dags/weather_pipeline_dag.py
[2026-04-24T07:13:16.105+0000] {processor.py:840} INFO - DAG(s) 'weather_data_pipeline' retrieved from /opt/airflow/dags/weather_pipeline_dag.py
[2026-04-24T07:13:16.824+0000] {logging_mixin.py:188} INFO - [2026-04-24T07:13:16.822+0000] {dag.py:3036} INFO - Sync 1 DAGs
[2026-04-24T07:13:17.476+0000] {logging_mixin.py:188} INFO - [2026-04-24T07:13:17.461+0000] {dag.py:3823} INFO - Setting next_dagrun for weather_data_pipeline to 2026-04-24 06:00:00+00:00, run_after=2026-04-25 06:00:00+00:00
[2026-04-24T07:13:17.952+0000] {processor.py:183} INFO - Processing /opt/airflow/dags/weather_pipeline_dag.py took 2.725 seconds
[2026-04-24T07:13:49.465+0000] {processor.py:161} INFO - Started process (PID=2987) to work on /opt/airflow/dags/weather_pipeline_dag.py
[2026-04-24T07:13:49.484+0000] {processor.py:830} INFO - Processing file /opt/airflow/dags/weather_pipeline_dag.py for tasks to queue
[2026-04-24T07:13:49.507+0000] {logging_mixin.py:188} INFO - [2026-04-24T07:13:49.503+0000] {dagbag.py:538} INFO - Filling up the DagBag from /opt/airflow/dags/weather_pipeline_dag.py
[2026-04-24T07:13:50.444+0000] {processor.py:840} INFO - DAG(s) 'weather_data_pipeline' retrieved from /opt/airflow/dags/weather_pipeline_dag.py
[2026-04-24T07:13:51.194+0000] {logging_mixin.py:188} INFO - [2026-04-24T07:13:51.192+0000] {dag.py:3036} INFO - Sync 1 DAGs
[2026-04-24T07:13:51.828+0000] {logging_mixin.py:188} INFO - [2026-04-24T07:13:51.826+0000] {dag.py:3823} INFO - Setting next_dagrun for weather_data_pipeline to 2026-04-24 06:00:00+00:00, run_after=2026-04-25 06:00:00+00:00
[2026-04-24T07:13:52.533+0000] {processor.py:183} INFO - Processing /opt/airflow/dags/weather_pipeline_dag.py took 3.155 seconds
[2026-04-24T07:14:26.095+0000] {processor.py:161} INFO - Started process (PID=2998) to work on /opt/airflow/dags/weather_pipeline_dag.py
[2026-04-24T07:14:26.234+0000] {processor.py:830} INFO - Processing file /opt/airflow/dags/weather_pipeline_dag.py for tasks to queue
[2026-04-24T07:14:26.288+0000] {logging_mixin.py:188} INFO - [2026-04-24T07:14:26.260+0000] {dagbag.py:538} INFO - Filling up the DagBag from /opt/airflow/dags/weather_pipeline_dag.py
[2026-04-24T07:14:28.068+0000] {processor.py:840} INFO - DAG(s) 'weather_data_pipeline' retrieved from /opt/airflow/dags/weather_pipeline_dag.py
[2026-04-24T07:14:29.115+0000] {logging_mixin.py:188} INFO - [2026-04-24T07:14:29.112+0000] {dag.py:3036} INFO - Sync 1 DAGs
[2026-04-24T07:14:29.887+0000] {logging_mixin.py:188} INFO - [2026-04-24T07:14:29.885+0000] {dag.py:3823} INFO - Setting next_dagrun for weather_data_pipeline to 2026-04-24 06:00:00+00:00, run_after=2026-04-25 06:00:00+00:00
[2026-04-24T07:14:30.729+0000] {processor.py:183} INFO - Processing /opt/airflow/dags/weather_pipeline_dag.py took 4.725 seconds
[2026-04-24T07:15:01.836+0000] {processor.py:161} INFO - Started process (PID=3009) to work on /opt/airflow/dags/weather_pipeline_dag.py
[2026-04-24T07:15:01.857+0000] {processor.py:830} INFO - Processing file /opt/airflow/dags/weather_pipeline_dag.py for tasks to queue
[2026-04-24T07:15:01.875+0000] {logging_mixin.py:188} INFO - [2026-04-24T07:15:01.872+0000] {dagbag.py:538} INFO - Filling up the DagBag from /opt/airflow/dags/weather_pipeline_dag.py
[2026-04-24T07:15:02.332+0000] {processor.py:840} INFO - DAG(s) 'weather_data_pipeline' retrieved from /opt/airflow/dags/weather_pipeline_dag.py
[2026-04-24T07:15:03.173+0000] {logging_mixin.py:188} INFO - [2026-04-24T07:15:03.141+0000] {dag.py:3036} INFO - Sync 1 DAGs
[2026-04-24T07:15:04.957+0000] {logging_mixin.py:188} INFO - [2026-04-24T07:15:04.955+0000] {dag.py:3823} INFO - Setting next_dagrun for weather_data_pipeline to 2026-04-24 06:00:00+00:00, run_after=2026-04-25 06:00:00+00:00
[2026-04-24T07:15:06.175+0000] {processor.py:183} INFO - Processing /opt/airflow/dags/weather_pipeline_dag.py took 4.426 seconds
[2026-04-24T07:15:37.365+0000] {processor.py:161} INFO - Started process (PID=3019) to work on /opt/airflow/dags/weather_pipeline_dag.py
[2026-04-24T07:15:37.386+0000] {processor.py:830} INFO - Processing file /opt/airflow/dags/weather_pipeline_dag.py for tasks to queue
[2026-04-24T07:15:37.399+0000] {logging_mixin.py:188} INFO - [2026-04-24T07:15:37.396+0000] {dagbag.py:538} INFO - Filling up the DagBag from /opt/airflow/dags/weather_pipeline_dag.py
[2026-04-24T07:15:37.810+0000] {processor.py:840} INFO - DAG(s) 'weather_data_pipeline' retrieved from /opt/airflow/dags/weather_pipeline_dag.py
[2026-04-24T07:15:38.330+0000] {logging_mixin.py:188} INFO - [2026-04-24T07:15:38.328+0000] {dag.py:3036} INFO - Sync 1 DAGs
[2026-04-24T07:15:39.030+0000] {logging_mixin.py:188} INFO - [2026-04-24T07:15:39.017+0000] {dag.py:3823} INFO - Setting next_dagrun for weather_data_pipeline to 2026-04-24 06:00:00+00:00, run_after=2026-04-25 06:00:00+00:00
[2026-04-24T07:15:39.551+0000] {processor.py:183} INFO - Processing /opt/airflow/dags/weather_pipeline_dag.py took 2.245 seconds
[2026-04-24T07:16:11.583+0000] {processor.py:161} INFO - Started process (PID=3029) to work on /opt/airflow/dags/weather_pipeline_dag.py
[2026-04-24T07:16:11.620+0000] {processor.py:830} INFO - Processing file /opt/airflow/dags/weather_pipeline_dag.py for tasks to queue
[2026-04-24T07:16:11.658+0000] {logging_mixin.py:188} INFO - [2026-04-24T07:16:11.652+0000] {dagbag.py:538} INFO - Filling up the DagBag from /opt/airflow/dags/weather_pipeline_dag.py
[2026-04-24T07:16:12.340+0000] {processor.py:840} INFO - DAG(s) 'weather_data_pipeline' retrieved from /opt/airflow/dags/weather_pipeline_dag.py
[2026-04-24T07:16:13.418+0000] {logging_mixin.py:188} INFO - [2026-04-24T07:16:13.416+0000] {dag.py:3036} INFO - Sync 1 DAGs
[2026-04-24T07:16:14.100+0000] {logging_mixin.py:188} INFO - [2026-04-24T07:16:14.097+0000] {dag.py:3823} INFO - Setting next_dagrun for weather_data_pipeline to 2026-04-24 06:00:00+00:00, run_after=2026-04-25 06:00:00+00:00
[2026-04-24T07:16:14.548+0000] {processor.py:183} INFO - Processing /opt/airflow/dags/weather_pipeline_dag.py took 3.084 seconds
[2026-04-24T07:16:46.198+0000] {processor.py:161} INFO - Started process (PID=3046) to work on /opt/airflow/dags/weather_pipeline_dag.py
[2026-04-24T07:16:46.230+0000] {processor.py:830} INFO - Processing file /opt/airflow/dags/weather_pipeline_dag.py for tasks to queue
[2026-04-24T07:16:46.263+0000] {logging_mixin.py:188} INFO - [2026-04-24T07:16:46.248+0000] {dagbag.py:538} INFO - Filling up the DagBag from /opt/airflow/dags/weather_pipeline_dag.py
[2026-04-24T07:16:47.746+0000] {processor.py:840} INFO - DAG(s) 'weather_data_pipeline' retrieved from /opt/airflow/dags/weather_pipeline_dag.py
[2026-04-24T07:16:48.568+0000] {logging_mixin.py:188} INFO - [2026-04-24T07:16:48.566+0000] {dag.py:3036} INFO - Sync 1 DAGs
[2026-04-24T07:16:49.532+0000] {logging_mixin.py:188} INFO - [2026-04-24T07:16:49.500+0000] {dag.py:3823} INFO - Setting next_dagrun for weather_data_pipeline to 2026-04-24 06:00:00+00:00, run_after=2026-04-25 06:00:00+00:00
[2026-04-24T07:16:50.023+0000] {processor.py:183} INFO - Processing /opt/airflow/dags/weather_pipeline_dag.py took 3.901 seconds
[2026-04-24T07:17:21.007+0000] {processor.py:161} INFO - Started process (PID=3057) to work on /opt/airflow/dags/weather_pipeline_dag.py
[2026-04-24T07:17:21.052+0000] {processor.py:830} INFO - Processing file /opt/airflow/dags/weather_pipeline_dag.py for tasks to queue
[2026-04-24T07:17:21.161+0000] {logging_mixin.py:188} INFO - [2026-04-24T07:17:21.144+0000] {dagbag.py:538} INFO - Filling up the DagBag from /opt/airflow/dags/weather_pipeline_dag.py
[2026-04-24T07:17:22.382+0000] {processor.py:840} INFO - DAG(s) 'weather_data_pipeline' retrieved from /opt/airflow/dags/weather_pipeline_dag.py
[2026-04-24T07:17:23.644+0000] {logging_mixin.py:188} INFO - [2026-04-24T07:17:23.642+0000] {dag.py:3036} INFO - Sync 1 DAGs
[2026-04-24T07:17:24.492+0000] {logging_mixin.py:188} INFO - [2026-04-24T07:17:24.490+0000] {dag.py:3823} INFO - Setting next_dagrun for weather_data_pipeline to 2026-04-24 06:00:00+00:00, run_after=2026-04-25 06:00:00+00:00
[2026-04-24T07:17:22.733+0000] {processor.py:183} INFO - Processing /opt/airflow/dags/weather_pipeline_dag.py took 4.660 seconds
[2026-04-24T07:17:54.025+0000] {processor.py:161} INFO - Started process (PID=3069) to work on /opt/airflow/dags/weather_pipeline_dag.py
[2026-04-24T07:17:54.045+0000] {processor.py:830} INFO - Processing file /opt/airflow/dags/weather_pipeline_dag.py for tasks to queue
[2026-04-24T07:17:54.075+0000] {logging_mixin.py:188} INFO - [2026-04-24T07:17:54.062+0000] {dagbag.py:538} INFO - Filling up the DagBag from /opt/airflow/dags/weather_pipeline_dag.py
[2026-04-24T07:17:55.053+0000] {processor.py:840} INFO - DAG(s) 'weather_data_pipeline' retrieved from /opt/airflow/dags/weather_pipeline_dag.py
[2026-04-24T07:17:56.240+0000] {logging_mixin.py:188} INFO - [2026-04-24T07:17:56.238+0000] {dag.py:3036} INFO - Sync 1 DAGs
[2026-04-24T07:17:57.070+0000] {logging_mixin.py:188} INFO - [2026-04-24T07:17:57.068+0000] {dag.py:3823} INFO - Setting next_dagrun for weather_data_pipeline to 2026-04-24 06:00:00+00:00, run_after=2026-04-25 06:00:00+00:00
[2026-04-24T07:17:57.479+0000] {processor.py:183} INFO - Processing /opt/airflow/dags/weather_pipeline_dag.py took 3.513 seconds
[2026-04-24T07:18:28.444+0000] {processor.py:161} INFO - Started process (PID=3080) to work on /opt/airflow/dags/weather_pipeline_dag.py
[2026-04-24T07:18:28.477+0000] {processor.py:830} INFO - Processing file /opt/airflow/dags/weather_pipeline_dag.py for tasks to queue
[2026-04-24T07:18:28.498+0000] {logging_mixin.py:188} INFO - [2026-04-24T07:18:28.495+0000] {dagbag.py:538} INFO - Filling up the DagBag from /opt/airflow/dags/weather_pipeline_dag.py
[2026-04-24T07:18:29.050+0000] {processor.py:840} INFO - DAG(s) 'weather_data_pipeline' retrieved from /opt/airflow/dags/weather_pipeline_dag.py
[2026-04-24T07:18:29.663+0000] {logging_mixin.py:188} INFO - [2026-04-24T07:18:29.661+0000] {dag.py:3036} INFO - Sync 1 DAGs
[2026-04-24T07:18:30.425+0000] {logging_mixin.py:188} INFO - [2026-04-24T07:18:30.423+0000] {dag.py:3823} INFO - Setting next_dagrun for weather_data_pipeline to 2026-04-24 06:00:00+00:00, run_after=2026-04-25 06:00:00+00:00
[2026-04-24T07:18:31.134+0000] {processor.py:183} INFO - Processing /opt/airflow/dags/weather_pipeline_dag.py took 2.779 seconds
[2026-04-24T07:19:02.669+0000] {processor.py:161} INFO - Started process (PID=3091) to work on /opt/airflow/dags/weather_pipeline_dag.py
[2026-04-24T07:19:02.690+0000] {processor.py:830} INFO - Processing file /opt/airflow/dags/weather_pipeline_dag.py for tasks to queue
[2026-04-24T07:19:02.720+0000] {logging_mixin.py:188} INFO - [2026-04-24T07:19:02.706+0000] {dagbag.py:538} INFO - Filling up the DagBag from /opt/airflow/dags/weather_pipeline_dag.py
[2026-04-24T07:19:03.162+0000] {processor.py:840} INFO - DAG(s) 'weather_data_pipeline' retrieved from /opt/airflow/dags/weather_pipeline_dag.py
[2026-04-24T07:19:03.814+0000] {logging_mixin.py:188} INFO - [2026-04-24T07:19:03.801+0000] {dag.py:3036} INFO - Sync 1 DAGs
[2026-04-24T07:19:04.583+0000] {logging_mixin.py:188} INFO - [2026-04-24T07:19:04.569+0000] {dag.py:3823} INFO - Setting next_dagrun for weather_data_pipeline to 2026-04-24 06:00:00+00:00, run_after=2026-04-25 06:00:00+00:00
[2026-04-24T07:19:05.027+0000] {processor.py:183} INFO - Processing /opt/airflow/dags/weather_pipeline_dag.py took 2.445 seconds
[2026-04-24T07:19:36.110+0000] {processor.py:161} INFO - Started process (PID=3108) to work on /opt/airflow/dags/weather_pipeline_dag.py
[2026-04-24T07:19:36.190+0000] {processor.py:830} INFO - Processing file /opt/airflow/dags/weather_pipeline_dag.py for tasks to queue
[2026-04-24T07:19:36.329+0000] {logging_mixin.py:188} INFO - [2026-04-24T07:19:36.326+0000] {dagbag.py:538} INFO - Filling up the DagBag from /opt/airflow/dags/weather_pipeline_dag.py
[2026-04-24T07:19:39.742+0000] {processor.py:840} INFO - DAG(s) 'weather_data_pipeline' retrieved from /opt/airflow/dags/weather_pipeline_dag.py
[2026-04-24T07:19:40.628+0000] {logging_mixin.py:188} INFO - [2026-04-24T07:19:40.615+0000] {dag.py:3036} INFO - Sync 1 DAGs
[2026-04-24T07:19:41.482+0000] {logging_mixin.py:188} INFO - [2026-04-24T07:19:41.480+0000] {dag.py:3823} INFO - Setting next_dagrun for weather_data_pipeline to 2026-04-24 06:00:00+00:00, run_after=2026-04-25 06:00:00+00:00
[2026-04-24T07:19:39.586+0000] {processor.py:183} INFO - Processing /opt/airflow/dags/weather_pipeline_dag.py took 6.255 seconds
[2026-04-24T07:20:11.915+0000] {processor.py:161} INFO - Started process (PID=3119) to work on /opt/airflow/dags/weather_pipeline_dag.py
[2026-04-24T07:20:11.967+0000] {processor.py:830} INFO - Processing file /opt/airflow/dags/weather_pipeline_dag.py for tasks to queue
[2026-04-24T07:20:12.002+0000] {logging_mixin.py:188} INFO - [2026-04-24T07:20:11.985+0000] {dagbag.py:538} INFO - Filling up the DagBag from /opt/airflow/dags/weather_pipeline_dag.py
[2026-04-24T07:20:13.458+0000] {processor.py:840} INFO - DAG(s) 'weather_data_pipeline' retrieved from /opt/airflow/dags/weather_pipeline_dag.py
[2026-04-24T07:20:14.425+0000] {logging_mixin.py:188} INFO - [2026-04-24T07:20:14.423+0000] {dag.py:3036} INFO - Sync 1 DAGs
[2026-04-24T07:20:15.117+0000] {logging_mixin.py:188} INFO - [2026-04-24T07:20:15.115+0000] {dag.py:3823} INFO - Setting next_dagrun for weather_data_pipeline to 2026-04-24 06:00:00+00:00, run_after=2026-04-25 06:00:00+00:00
[2026-04-24T07:20:15.668+0000] {processor.py:183} INFO - Processing /opt/airflow/dags/weather_pipeline_dag.py took 3.880 seconds
[2026-04-24T07:20:47.700+0000] {processor.py:161} INFO - Started process (PID=3130) to work on /opt/airflow/dags/weather_pipeline_dag.py
[2026-04-24T07:20:47.752+0000] {processor.py:830} INFO - Processing file /opt/airflow/dags/weather_pipeline_dag.py for tasks to queue
[2026-04-24T07:20:47.786+0000] {logging_mixin.py:188} INFO - [2026-04-24T07:20:47.773+0000] {dagbag.py:538} INFO - Filling up the DagBag from /opt/airflow/dags/weather_pipeline_dag.py
[2026-04-24T07:20:48.313+0000] {processor.py:840} INFO - DAG(s) 'weather_data_pipeline' retrieved from /opt/airflow/dags/weather_pipeline_dag.py
[2026-04-24T07:20:48.927+0000] {logging_mixin.py:188} INFO - [2026-04-24T07:20:48.915+0000] {dag.py:3036} INFO - Sync 1 DAGs
[2026-04-24T07:20:49.680+0000] {logging_mixin.py:188} INFO - [2026-04-24T07:20:49.678+0000] {dag.py:3823} INFO - Setting next_dagrun for weather_data_pipeline to 2026-04-24 06:00:00+00:00, run_after=2026-04-25 06:00:00+00:00
[2026-04-24T07:20:50.129+0000] {processor.py:183} INFO - Processing /opt/airflow/dags/weather_pipeline_dag.py took 2.627 seconds
[2026-04-24T07:21:20.896+0000] {processor.py:161} INFO - Started process (PID=3141) to work on /opt/airflow/dags/weather_pipeline_dag.py
[2026-04-24T07:21:20.914+0000] {processor.py:830} INFO - Processing file /opt/airflow/dags/weather_pipeline_dag.py for tasks to queue
[2026-04-24T07:21:20.944+0000] {logging_mixin.py:188} INFO - [2026-04-24T07:21:20.940+0000] {dagbag.py:538} INFO - Filling up the DagBag from /opt/airflow/dags/weather_pipeline_dag.py
[2026-04-24T07:21:21.522+0000] {processor.py:840} INFO - DAG(s) 'weather_data_pipeline' retrieved from /opt/airflow/dags/weather_pipeline_dag.py
[2026-04-24T07:21:22.517+0000] {logging_mixin.py:188} INFO - [2026-04-24T07:21:22.514+0000] {dag.py:3036} INFO - Sync 1 DAGs
[2026-04-24T07:21:23.379+0000] {logging_mixin.py:188} INFO - [2026-04-24T07:21:23.376+0000] {dag.py:3823} INFO - Setting next_dagrun for weather_data_pipeline to 2026-04-24 06:00:00+00:00, run_after=2026-04-25 06:00:00+00:00
[2026-04-24T07:21:23.986+0000] {processor.py:183} INFO - Processing /opt/airflow/dags/weather_pipeline_dag.py took 3.178 seconds
[2026-04-24T07:21:54.959+0000] {processor.py:161} INFO - Started process (PID=3152) to work on /opt/airflow/dags/weather_pipeline_dag.py
[2026-04-24T07:21:55.002+0000] {processor.py:830} INFO - Processing file /opt/airflow/dags/weather_pipeline_dag.py for tasks to queue
[2026-04-24T07:21:55.046+0000] {logging_mixin.py:188} INFO - [2026-04-24T07:21:55.033+0000] {dagbag.py:538} INFO - Filling up the DagBag from /opt/airflow/dags/weather_pipeline_dag.py
[2026-04-24T07:21:55.719+0000] {processor.py:840} INFO - DAG(s) 'weather_data_pipeline' retrieved from /opt/airflow/dags/weather_pipeline_dag.py
[2026-04-24T07:21:56.603+0000] {logging_mixin.py:188} INFO - [2026-04-24T07:21:56.602+0000] {dag.py:3036} INFO - Sync 1 DAGs
[2026-04-24T07:21:57.528+0000] {logging_mixin.py:188} INFO - [2026-04-24T07:21:57.526+0000] {dag.py:3823} INFO - Setting next_dagrun for weather_data_pipeline to 2026-04-24 06:00:00+00:00, run_after=2026-04-25 06:00:00+00:00
[2026-04-24T07:21:58.080+0000] {processor.py:183} INFO - Processing /opt/airflow/dags/weather_pipeline_dag.py took 3.207 seconds
[2026-04-24T07:22:28.908+0000] {processor.py:161} INFO - Started process (PID=3170) to work on /opt/airflow/dags/weather_pipeline_dag.py
[2026-04-24T07:22:28.928+0000] {processor.py:830} INFO - Processing file /opt/airflow/dags/weather_pipeline_dag.py for tasks to queue
[2026-04-24T07:22:28.946+0000] {logging_mixin.py:188} INFO - [2026-04-24T07:22:28.943+0000] {dagbag.py:538} INFO - Filling up the DagBag from /opt/airflow/dags/weather_pipeline_dag.py
[2026-04-24T07:22:29.340+0000] {processor.py:840} INFO - DAG(s) 'weather_data_pipeline' retrieved from /opt/airflow/dags/weather_pipeline_dag.py
[2026-04-24T07:22:29.855+0000] {logging_mixin.py:188} INFO - [2026-04-24T07:22:29.842+0000] {dag.py:3036} INFO - Sync 1 DAGs
[2026-04-24T07:22:30.233+0000] {logging_mixin.py:188} INFO - [2026-04-24T07:22:30.231+0000] {dag.py:3823} INFO - Setting next_dagrun for weather_data_pipeline to 2026-04-24 06:00:00+00:00, run_after=2026-04-25 06:00:00+00:00
[2026-04-24T07:22:30.549+0000] {processor.py:183} INFO - Processing /opt/airflow/dags/weather_pipeline_dag.py took 1.749 seconds
[2026-04-24T07:23:01.324+0000] {processor.py:161} INFO - Started process (PID=3181) to work on /opt/airflow/dags/weather_pipeline_dag.py
[2026-04-24T07:23:01.397+0000] {processor.py:830} INFO - Processing file /opt/airflow/dags/weather_pipeline_dag.py for tasks to queue
[2026-04-24T07:23:01.418+0000] {logging_mixin.py:188} INFO - [2026-04-24T07:23:01.415+0000] {dagbag.py:538} INFO - Filling up the DagBag from /opt/airflow/dags/weather_pipeline_dag.py
[2026-04-24T07:23:02.434+0000] {processor.py:840} INFO - DAG(s) 'weather_data_pipeline' retrieved from /opt/airflow/dags/weather_pipeline_dag.py
[2026-04-24T07:23:03.055+0000] {logging_mixin.py:188} INFO - [2026-04-24T07:23:03.053+0000] {dag.py:3036} INFO - Sync 1 DAGs
[2026-04-24T07:23:03.886+0000] {logging_mixin.py:188} INFO - [2026-04-24T07:23:03.884+0000] {dag.py:3823} INFO - Setting next_dagrun for weather_data_pipeline to 2026-04-24 06:00:00+00:00, run_after=2026-04-25 06:00:00+00:00
[2026-04-24T07:23:04.370+0000] {processor.py:183} INFO - Processing /opt/airflow/dags/weather_pipeline_dag.py took 3.125 seconds
[2026-04-24T07:23:34.986+0000] {processor.py:161} INFO - Started process (PID=3192) to work on /opt/airflow/dags/weather_pipeline_dag.py
[2026-04-24T07:23:35.008+0000] {processor.py:830} INFO - Processing file /opt/airflow/dags/weather_pipeline_dag.py for tasks to queue
[2026-04-24T07:23:35.025+0000] {logging_mixin.py:188} INFO - [2026-04-24T07:23:35.021+0000] {dagbag.py:538} INFO - Filling up the DagBag from /opt/airflow/dags/weather_pipeline_dag.py
[2026-04-24T07:23:35.570+0000] {processor.py:840} INFO - DAG(s) 'weather_data_pipeline' retrieved from /opt/airflow/dags/weather_pipeline_dag.py
[2026-04-24T07:23:36.232+0000] {logging_mixin.py:188} INFO - [2026-04-24T07:23:36.230+0000] {dag.py:3036} INFO - Sync 1 DAGs
[2026-04-24T07:23:37.031+0000] {logging_mixin.py:188} INFO - [2026-04-24T07:23:37.029+0000] {dag.py:3823} INFO - Setting next_dagrun for weather_data_pipeline to 2026-04-24 06:00:00+00:00, run_after=2026-04-25 06:00:00+00:00
[2026-04-24T07:23:37.844+0000] {processor.py:183} INFO - Processing /opt/airflow/dags/weather_pipeline_dag.py took 2.945 seconds
[2026-04-24T07:24:08.763+0000] {processor.py:161} INFO - Started process (PID=3203) to work on /opt/airflow/dags/weather_pipeline_dag.py
[2026-04-24T07:24:08.793+0000] {processor.py:830} INFO - Processing file /opt/airflow/dags/weather_pipeline_dag.py for tasks to queue
[2026-04-24T07:24:08.828+0000] {logging_mixin.py:188} INFO - [2026-04-24T07:24:08.815+0000] {dagbag.py:538} INFO - Filling up the DagBag from /opt/airflow/dags/weather_pipeline_dag.py
[2026-04-24T07:24:09.483+0000] {processor.py:840} INFO - DAG(s) 'weather_data_pipeline' retrieved from /opt/airflow/dags/weather_pipeline_dag.py
[2026-04-24T07:24:10.513+0000] {logging_mixin.py:188} INFO - [2026-04-24T07:24:10.511+0000] {dag.py:3036} INFO - Sync 1 DAGs
[2026-04-24T07:24:11.393+0000] {logging_mixin.py:188} INFO - [2026-04-24T07:24:11.389+0000] {dag.py:3823} INFO - Setting next_dagrun for weather_data_pipeline to 2026-04-24 06:00:00+00:00, run_after=2026-04-25 06:00:00+00:00
[2026-04-24T07:24:12.441+0000] {processor.py:183} INFO - Processing /opt/airflow/dags/weather_pipeline_dag.py took 3.766 seconds
[2026-04-24T07:24:43.336+0000] {processor.py:161} INFO - Started process (PID=3215) to work on /opt/airflow/dags/weather_pipeline_dag.py
[2026-04-24T07:24:43.411+0000] {processor.py:830} INFO - Processing file /opt/airflow/dags/weather_pipeline_dag.py for tasks to queue
[2026-04-24T07:24:43.458+0000] {logging_mixin.py:188} INFO - [2026-04-24T07:24:43.455+0000] {dagbag.py:538} INFO - Filling up the DagBag from /opt/airflow/dags/weather_pipeline_dag.py
[2026-04-24T07:24:44.411+0000] {processor.py:840} INFO - DAG(s) 'weather_data_pipeline' retrieved from /opt/airflow/dags/weather_pipeline_dag.py
[2026-04-24T07:24:45.042+0000] {logging_mixin.py:188} INFO - [2026-04-24T07:24:45.040+0000] {dag.py:3036} INFO - Sync 1 DAGs
[2026-04-24T07:24:46.058+0000] {logging_mixin.py:188} INFO - [2026-04-24T07:24:46.043+0000] {dag.py:3823} INFO - Setting next_dagrun for weather_data_pipeline to 2026-04-24 06:00:00+00:00, run_after=2026-04-25 06:00:00+00:00
[2026-04-24T07:24:46.637+0000] {processor.py:183} INFO - Processing /opt/airflow/dags/weather_pipeline_dag.py took 3.545 seconds
[2026-04-24T07:25:18.567+0000] {processor.py:161} INFO - Started process (PID=3232) to work on /opt/airflow/dags/weather_pipeline_dag.py
[2026-04-24T07:25:18.600+0000] {processor.py:830} INFO - Processing file /opt/airflow/dags/weather_pipeline_dag.py for tasks to queue
[2026-04-24T07:25:18.649+0000] {logging_mixin.py:188} INFO - [2026-04-24T07:25:18.636+0000] {dagbag.py:538} INFO - Filling up the DagBag from /opt/airflow/dags/weather_pipeline_dag.py
[2026-04-24T07:25:19.973+0000] {processor.py:840} INFO - DAG(s) 'weather_data_pipeline' retrieved from /opt/airflow/dags/weather_pipeline_dag.py
[2026-04-24T07:25:20.884+0000] {logging_mixin.py:188} INFO - [2026-04-24T07:25:20.869+0000] {dag.py:3036} INFO - Sync 1 DAGs
[2026-04-24T07:25:21.628+0000] {logging_mixin.py:188} INFO - [2026-04-24T07:25:21.625+0000] {dag.py:3823} INFO - Setting next_dagrun for weather_data_pipeline to 2026-04-24 06:00:00+00:00, run_after=2026-04-25 06:00:00+00:00
[2026-04-24T07:25:22.152+0000] {processor.py:183} INFO - Processing /opt/airflow/dags/weather_pipeline_dag.py took 3.661 seconds
[2026-04-24T07:25:53.135+0000] {processor.py:161} INFO - Started process (PID=3243) to work on /opt/airflow/dags/weather_pipeline_dag.py
[2026-04-24T07:25:53.160+0000] {processor.py:830} INFO - Processing file /opt/airflow/dags/weather_pipeline_dag.py for tasks to queue
[2026-04-24T07:25:53.251+0000] {logging_mixin.py:188} INFO - [2026-04-24T07:25:53.248+0000] {dagbag.py:538} INFO - Filling up the DagBag from /opt/airflow/dags/weather_pipeline_dag.py
[2026-04-24T07:25:55.562+0000] {processor.py:840} INFO - DAG(s) 'weather_data_pipeline' retrieved from /opt/airflow/dags/weather_pipeline_dag.py
[2026-04-24T07:25:56.961+0000] {logging_mixin.py:188} INFO - [2026-04-24T07:25:56.948+0000] {dag.py:3036} INFO - Sync 1 DAGs
[2026-04-24T07:25:57.960+0000] {logging_mixin.py:188} INFO - [2026-04-24T07:25:57.946+0000] {dag.py:3823} INFO - Setting next_dagrun for weather_data_pipeline to 2026-04-24 06:00:00+00:00, run_after=2026-04-25 06:00:00+00:00
[2026-04-24T07:25:58.350+0000] {processor.py:183} INFO - Processing /opt/airflow/dags/weather_pipeline_dag.py took 5.288 seconds
[2026-04-24T07:26:29.522+0000] {processor.py:161} INFO - Started process (PID=3254) to work on /opt/airflow/dags/weather_pipeline_dag.py
[2026-04-24T07:26:29.545+0000] {processor.py:830} INFO - Processing file /opt/airflow/dags/weather_pipeline_dag.py for tasks to queue
[2026-04-24T07:26:29.566+0000] {logging_mixin.py:188} INFO - [2026-04-24T07:26:29.552+0000] {dagbag.py:538} INFO - Filling up the DagBag from /opt/airflow/dags/weather_pipeline_dag.py
[2026-04-24T07:26:29.879+0000] {processor.py:840} INFO - DAG(s) 'weather_data_pipeline' retrieved from /opt/airflow/dags/weather_pipeline_dag.py
[2026-04-24T07:26:30.261+0000] {logging_mixin.py:188} INFO - [2026-04-24T07:26:30.259+0000] {dag.py:3036} INFO - Sync 1 DAGs
[2026-04-24T07:26:30.832+0000] {logging_mixin.py:188} INFO - [2026-04-24T07:26:30.830+0000] {dag.py:3823} INFO - Setting next_dagrun for weather_data_pipeline to 2026-04-24 06:00:00+00:00, run_after=2026-04-25 06:00:00+00:00
[2026-04-24T07:26:31.323+0000] {processor.py:183} INFO - Processing /opt/airflow/dags/weather_pipeline_dag.py took 1.878 seconds
[2026-04-24T07:27:02.790+0000] {processor.py:161} INFO - Started process (PID=3266) to work on /opt/airflow/dags/weather_pipeline_dag.py
[2026-04-24T07:27:02.809+0000] {processor.py:830} INFO - Processing file /opt/airflow/dags/weather_pipeline_dag.py for tasks to queue
[2026-04-24T07:27:02.826+0000] {logging_mixin.py:188} INFO - [2026-04-24T07:27:02.823+0000] {dagbag.py:538} INFO - Filling up the DagBag from /opt/airflow/dags/weather_pipeline_dag.py
[2026-04-24T07:27:03.546+0000] {processor.py:840} INFO - DAG(s) 'weather_data_pipeline' retrieved from /opt/airflow/dags/weather_pipeline_dag.py
[2026-04-24T07:27:04.310+0000] {logging_mixin.py:188} INFO - [2026-04-24T07:27:04.308+0000] {dag.py:3036} INFO - Sync 1 DAGs
[2026-04-24T07:27:05.361+0000] {logging_mixin.py:188} INFO - [2026-04-24T07:27:05.346+0000] {dag.py:3823} INFO - Setting next_dagrun for weather_data_pipeline to 2026-04-24 06:00:00+00:00, run_after=2026-04-25 06:00:00+00:00
[2026-04-24T07:27:05.827+0000] {processor.py:183} INFO - Processing /opt/airflow/dags/weather_pipeline_dag.py took 3.114 seconds
[2026-04-24T07:27:37.191+0000] {processor.py:161} INFO - Started process (PID=3277) to work on /opt/airflow/dags/weather_pipeline_dag.py
[2026-04-24T07:27:37.198+0000] {processor.py:830} INFO - Processing file /opt/airflow/dags/weather_pipeline_dag.py for tasks to queue
[2026-04-24T07:27:37.209+0000] {logging_mixin.py:188} INFO - [2026-04-24T07:27:37.205+0000] {dagbag.py:538} INFO - Filling up the DagBag from /opt/airflow/dags/weather_pipeline_dag.py
[2026-04-24T07:27:37.740+0000] {processor.py:840} INFO - DAG(s) 'weather_data_pipeline' retrieved from /opt/airflow/dags/weather_pipeline_dag.py
[2026-04-24T07:27:38.310+0000] {logging_mixin.py:188} INFO - [2026-04-24T07:27:38.295+0000] {dag.py:3036} INFO - Sync 1 DAGs
[2026-04-24T07:27:38.671+0000] {logging_mixin.py:188} INFO - [2026-04-24T07:27:38.668+0000] {dag.py:3823} INFO - Setting next_dagrun for weather_data_pipeline to 2026-04-24 06:00:00+00:00, run_after=2026-04-25 06:00:00+00:00
[2026-04-24T07:27:38.989+0000] {processor.py:183} INFO - Processing /opt/airflow/dags/weather_pipeline_dag.py took 1.821 seconds
[2026-04-24T07:28:10.587+0000] {processor.py:161} INFO - Started process (PID=3295) to work on /opt/airflow/dags/weather_pipeline_dag.py
[2026-04-24T07:28:10.598+0000] {processor.py:830} INFO - Processing file /opt/airflow/dags/weather_pipeline_dag.py for tasks to queue
[2026-04-24T07:28:10.615+0000] {logging_mixin.py:188} INFO - [2026-04-24T07:28:10.612+0000] {dagbag.py:538} INFO - Filling up the DagBag from /opt/airflow/dags/weather_pipeline_dag.py
[2026-04-24T07:28:11.083+0000] {processor.py:840} INFO - DAG(s) 'weather_data_pipeline' retrieved from /opt/airflow/dags/weather_pipeline_dag.py
[2026-04-24T07:28:11.468+0000] {logging_mixin.py:188} INFO - [2026-04-24T07:28:11.466+0000] {dag.py:3036} INFO - Sync 1 DAGs
[2026-04-24T07:28:11.786+0000] {logging_mixin.py:188} INFO - [2026-04-24T07:28:11.784+0000] {dag.py:3823} INFO - Setting next_dagrun for weather_data_pipeline to 2026-04-24 06:00:00+00:00, run_after=2026-04-25 06:00:00+00:00
[2026-04-24T07:28:12.188+0000] {processor.py:183} INFO - Processing /opt/airflow/dags/weather_pipeline_dag.py took 1.639 seconds
[2026-04-24T07:28:43.540+0000] {processor.py:161} INFO - Started process (PID=3307) to work on /opt/airflow/dags/weather_pipeline_dag.py
[2026-04-24T07:28:43.572+0000] {processor.py:830} INFO - Processing file /opt/airflow/dags/weather_pipeline_dag.py for tasks to queue
[2026-04-24T07:28:43.582+0000] {logging_mixin.py:188} INFO - [2026-04-24T07:28:43.579+0000] {dagbag.py:538} INFO - Filling up the DagBag from /opt/airflow/dags/weather_pipeline_dag.py
[2026-04-24T07:28:44.356+0000] {processor.py:840} INFO - DAG(s) 'weather_data_pipeline' retrieved from /opt/airflow/dags/weather_pipeline_dag.py
[2026-04-24T07:28:44.614+0000] {logging_mixin.py:188} INFO - [2026-04-24T07:28:44.612+0000] {dag.py:3036} INFO - Sync 1 DAGs
[2026-04-24T07:28:45.044+0000] {logging_mixin.py:188} INFO - [2026-04-24T07:28:45.042+0000] {dag.py:3823} INFO - Setting next_dagrun for weather_data_pipeline to 2026-04-24 06:00:00+00:00, run_after=2026-04-25 06:00:00+00:00
[2026-04-24T07:28:45.268+0000] {processor.py:183} INFO - Processing /opt/airflow/dags/weather_pipeline_dag.py took 1.830 seconds
[2026-04-24T07:29:15.802+0000] {processor.py:161} INFO - Started process (PID=3318) to work on /opt/airflow/dags/weather_pipeline_dag.py
[2026-04-24T07:29:15.822+0000] {processor.py:830} INFO - Processing file /opt/airflow/dags/weather_pipeline_dag.py for tasks to queue
[2026-04-24T07:29:15.843+0000] {logging_mixin.py:188} INFO - [2026-04-24T07:29:15.840+0000] {dagbag.py:538} INFO - Filling up the DagBag from /opt/airflow/dags/weather_pipeline_dag.py
[2026-04-24T07:29:16.137+0000] {processor.py:840} INFO - DAG(s) 'weather_data_pipeline' retrieved from /opt/airflow/dags/weather_pipeline_dag.py
[2026-04-24T07:29:14.202+0000] {logging_mixin.py:188} INFO - [2026-04-24T07:29:14.200+0000] {dag.py:3036} INFO - Sync 1 DAGs
[2026-04-24T07:29:14.818+0000] {logging_mixin.py:188} INFO - [2026-04-24T07:29:14.805+0000] {dag.py:3823} INFO - Setting next_dagrun for weather_data_pipeline to 2026-04-24 06:00:00+00:00, run_after=2026-04-25 06:00:00+00:00
[2026-04-24T07:29:15.264+0000] {processor.py:183} INFO - Processing /opt/airflow/dags/weather_pipeline_dag.py took 2.138 seconds
[2026-04-24T07:29:46.224+0000] {processor.py:161} INFO - Started process (PID=3329) to work on /opt/airflow/dags/weather_pipeline_dag.py
[2026-04-24T07:29:46.239+0000] {processor.py:830} INFO - Processing file /opt/airflow/dags/weather_pipeline_dag.py for tasks to queue
[2026-04-24T07:29:46.259+0000] {logging_mixin.py:188} INFO - [2026-04-24T07:29:46.246+0000] {dagbag.py:538} INFO - Filling up the DagBag from /opt/airflow/dags/weather_pipeline_dag.py
[2026-04-24T07:29:46.688+0000] {processor.py:840} INFO - DAG(s) 'weather_data_pipeline' retrieved from /opt/airflow/dags/weather_pipeline_dag.py
[2026-04-24T07:29:47.088+0000] {logging_mixin.py:188} INFO - [2026-04-24T07:29:47.086+0000] {dag.py:3036} INFO - Sync 1 DAGs
[2026-04-24T07:29:47.642+0000] {logging_mixin.py:188} INFO - [2026-04-24T07:29:47.636+0000] {dag.py:3823} INFO - Setting next_dagrun for weather_data_pipeline to 2026-04-24 06:00:00+00:00, run_after=2026-04-25 06:00:00+00:00
[2026-04-24T07:29:47.944+0000] {processor.py:183} INFO - Processing /opt/airflow/dags/weather_pipeline_dag.py took 1.759 seconds
[2026-04-24T07:30:19.475+0000] {processor.py:161} INFO - Started process (PID=3340) to work on /opt/airflow/dags/weather_pipeline_dag.py
[2026-04-24T07:30:19.523+0000] {processor.py:830} INFO - Processing file /opt/airflow/dags/weather_pipeline_dag.py for tasks to queue
[2026-04-24T07:30:19.548+0000] {logging_mixin.py:188} INFO - [2026-04-24T07:30:19.537+0000] {dagbag.py:538} INFO - Filling up the DagBag from /opt/airflow/dags/weather_pipeline_dag.py
[2026-04-24T07:30:20.253+0000] {processor.py:840} INFO - DAG(s) 'weather_data_pipeline' retrieved from /opt/airflow/dags/weather_pipeline_dag.py
[2026-04-24T07:30:20.489+0000] {logging_mixin.py:188} INFO - [2026-04-24T07:30:20.487+0000] {dag.py:3036} INFO - Sync 1 DAGs
[2026-04-24T07:30:20.705+0000] {logging_mixin.py:188} INFO - [2026-04-24T07:30:20.702+0000] {dag.py:3823} INFO - Setting next_dagrun for weather_data_pipeline to 2026-04-24 06:00:00+00:00, run_after=2026-04-25 06:00:00+00:00
[2026-04-24T07:30:20.868+0000] {processor.py:183} INFO - Processing /opt/airflow/dags/weather_pipeline_dag.py took 1.484 seconds
[2026-04-24T07:30:51.416+0000] {processor.py:161} INFO - Started process (PID=3351) to work on /opt/airflow/dags/weather_pipeline_dag.py
[2026-04-24T07:30:51.424+0000] {processor.py:830} INFO - Processing file /opt/airflow/dags/weather_pipeline_dag.py for tasks to queue
[2026-04-24T07:30:51.436+0000] {logging_mixin.py:188} INFO - [2026-04-24T07:30:51.431+0000] {dagbag.py:538} INFO - Filling up the DagBag from /opt/airflow/dags/weather_pipeline_dag.py
[2026-04-24T07:30:51.803+0000] {processor.py:840} INFO - DAG(s) 'weather_data_pipeline' retrieved from /opt/airflow/dags/weather_pipeline_dag.py
[2026-04-24T07:30:52.518+0000] {logging_mixin.py:188} INFO - [2026-04-24T07:30:52.516+0000] {dag.py:3036} INFO - Sync 1 DAGs
[2026-04-24T07:30:53.388+0000] {logging_mixin.py:188} INFO - [2026-04-24T07:30:53.373+0000] {dag.py:3823} INFO - Setting next_dagrun for weather_data_pipeline to 2026-04-24 06:00:00+00:00, run_after=2026-04-25 06:00:00+00:00
[2026-04-24T07:30:53.983+0000] {processor.py:183} INFO - Processing /opt/airflow/dags/weather_pipeline_dag.py took 2.606 seconds
[2026-04-24T07:31:24.826+0000] {processor.py:161} INFO - Started process (PID=3369) to work on /opt/airflow/dags/weather_pipeline_dag.py
[2026-04-24T07:31:24.866+0000] {processor.py:830} INFO - Processing file /opt/airflow/dags/weather_pipeline_dag.py for tasks to queue
[2026-04-24T07:31:24.890+0000] {logging_mixin.py:188} INFO - [2026-04-24T07:31:24.886+0000] {dagbag.py:538} INFO - Filling up the DagBag from /opt/airflow/dags/weather_pipeline_dag.py
[2026-04-24T07:31:25.395+0000] {processor.py:840} INFO - DAG(s) 'weather_data_pipeline' retrieved from /opt/airflow/dags/weather_pipeline_dag.py
[2026-04-24T07:31:25.725+0000] {logging_mixin.py:188} INFO - [2026-04-24T07:31:25.723+0000] {dag.py:3036} INFO - Sync 1 DAGs
[2026-04-24T07:31:26.107+0000] {logging_mixin.py:188} INFO - [2026-04-24T07:31:26.105+0000] {dag.py:3823} INFO - Setting next_dagrun for weather_data_pipeline to 2026-04-24 06:00:00+00:00, run_after=2026-04-25 06:00:00+00:00
[2026-04-24T07:31:26.338+0000] {processor.py:183} INFO - Processing /opt/airflow/dags/weather_pipeline_dag.py took 1.552 seconds
[2026-04-24T07:31:57.008+0000] {processor.py:161} INFO - Started process (PID=3380) to work on /opt/airflow/dags/weather_pipeline_dag.py
[2026-04-24T07:31:57.024+0000] {processor.py:830} INFO - Processing file /opt/airflow/dags/weather_pipeline_dag.py for tasks to queue
[2026-04-24T07:31:57.036+0000] {logging_mixin.py:188} INFO - [2026-04-24T07:31:57.032+0000] {dagbag.py:538} INFO - Filling up the DagBag from /opt/airflow/dags/weather_pipeline_dag.py
[2026-04-24T07:31:57.370+0000] {processor.py:840} INFO - DAG(s) 'weather_data_pipeline' retrieved from /opt/airflow/dags/weather_pipeline_dag.py
[2026-04-24T07:31:57.818+0000] {logging_mixin.py:188} INFO - [2026-04-24T07:31:57.816+0000] {dag.py:3036} INFO - Sync 1 DAGs
[2026-04-24T07:31:58.205+0000] {logging_mixin.py:188} INFO - [2026-04-24T07:31:58.201+0000] {dag.py:3823} INFO - Setting next_dagrun for weather_data_pipeline to 2026-04-24 06:00:00+00:00, run_after=2026-04-25 06:00:00+00:00
[2026-04-24T07:31:58.448+0000] {processor.py:183} INFO - Processing /opt/airflow/dags/weather_pipeline_dag.py took 1.521 seconds
[2026-04-24T07:32:30.098+0000] {processor.py:161} INFO - Started process (PID=3391) to work on /opt/airflow/dags/weather_pipeline_dag.py
[2026-04-24T07:32:30.118+0000] {processor.py:830} INFO - Processing file /opt/airflow/dags/weather_pipeline_dag.py for tasks to queue
[2026-04-24T07:32:30.135+0000] {logging_mixin.py:188} INFO - [2026-04-24T07:32:30.126+0000] {dagbag.py:538} INFO - Filling up the DagBag from /opt/airflow/dags/weather_pipeline_dag.py
[2026-04-24T07:32:30.370+0000] {processor.py:840} INFO - DAG(s) 'weather_data_pipeline' retrieved from /opt/airflow/dags/weather_pipeline_dag.py
[2026-04-24T07:32:30.746+0000] {logging_mixin.py:188} INFO - [2026-04-24T07:32:30.744+0000] {dag.py:3036} INFO - Sync 1 DAGs
[2026-04-24T07:32:31.205+0000] {logging_mixin.py:188} INFO - [2026-04-24T07:32:31.204+0000] {dag.py:3823} INFO - Setting next_dagrun for weather_data_pipeline to 2026-04-24 06:00:00+00:00, run_after=2026-04-25 06:00:00+00:00
[2026-04-24T07:32:31.417+0000] {processor.py:183} INFO - Processing /opt/airflow/dags/weather_pipeline_dag.py took 1.403 seconds
[2026-04-24T07:33:02.199+0000] {processor.py:161} INFO - Started process (PID=3402) to work on /opt/airflow/dags/weather_pipeline_dag.py
[2026-04-24T07:33:02.210+0000] {processor.py:830} INFO - Processing file /opt/airflow/dags/weather_pipeline_dag.py for tasks to queue
[2026-04-24T07:33:02.236+0000] {logging_mixin.py:188} INFO - [2026-04-24T07:33:02.233+0000] {dagbag.py:538} INFO - Filling up the DagBag from /opt/airflow/dags/weather_pipeline_dag.py
[2026-04-24T07:33:02.793+0000] {processor.py:840} INFO - DAG(s) 'weather_data_pipeline' retrieved from /opt/airflow/dags/weather_pipeline_dag.py
[2026-04-24T07:33:03.530+0000] {logging_mixin.py:188} INFO - [2026-04-24T07:33:03.529+0000] {dag.py:3036} INFO - Sync 1 DAGs
[2026-04-24T07:33:03.740+0000] {logging_mixin.py:188} INFO - [2026-04-24T07:33:03.738+0000] {dag.py:3823} INFO - Setting next_dagrun for weather_data_pipeline to 2026-04-24 06:00:00+00:00, run_after=2026-04-25 06:00:00+00:00
[2026-04-24T07:33:03.920+0000] {processor.py:183} INFO - Processing /opt/airflow/dags/weather_pipeline_dag.py took 1.770 seconds
[2026-04-24T07:33:34.470+0000] {processor.py:161} INFO - Started process (PID=3413) to work on /opt/airflow/dags/weather_pipeline_dag.py
[2026-04-24T07:33:34.478+0000] {processor.py:830} INFO - Processing file /opt/airflow/dags/weather_pipeline_dag.py for tasks to queue
[2026-04-24T07:33:34.490+0000] {logging_mixin.py:188} INFO - [2026-04-24T07:33:34.488+0000] {dagbag.py:538} INFO - Filling up the DagBag from /opt/airflow/dags/weather_pipeline_dag.py
[2026-04-24T07:33:34.764+0000] {processor.py:840} INFO - DAG(s) 'weather_data_pipeline' retrieved from /opt/airflow/dags/weather_pipeline_dag.py
[2026-04-24T07:33:35.017+0000] {logging_mixin.py:188} INFO - [2026-04-24T07:33:35.009+0000] {dag.py:3036} INFO - Sync 1 DAGs
[2026-04-24T07:33:35.275+0000] {logging_mixin.py:188} INFO - [2026-04-24T07:33:35.273+0000] {dag.py:3823} INFO - Setting next_dagrun for weather_data_pipeline to 2026-04-24 06:00:00+00:00, run_after=2026-04-25 06:00:00+00:00
[2026-04-24T07:33:35.594+0000] {processor.py:183} INFO - Processing /opt/airflow/dags/weather_pipeline_dag.py took 1.151 seconds
[2026-04-24T07:34:06.855+0000] {processor.py:161} INFO - Started process (PID=3424) to work on /opt/airflow/dags/weather_pipeline_dag.py
[2026-04-24T07:34:06.864+0000] {processor.py:830} INFO - Processing file /opt/airflow/dags/weather_pipeline_dag.py for tasks to queue
[2026-04-24T07:34:06.875+0000] {logging_mixin.py:188} INFO - [2026-04-24T07:34:06.871+0000] {dagbag.py:538} INFO - Filling up the DagBag from /opt/airflow/dags/weather_pipeline_dag.py
[2026-04-24T07:34:07.255+0000] {processor.py:840} INFO - DAG(s) 'weather_data_pipeline' retrieved from /opt/airflow/dags/weather_pipeline_dag.py
[2026-04-24T07:34:07.752+0000] {logging_mixin.py:188} INFO - [2026-04-24T07:34:07.749+0000] {dag.py:3036} INFO - Sync 1 DAGs
[2026-04-24T07:34:08.139+0000] {logging_mixin.py:188} INFO - [2026-04-24T07:34:08.136+0000] {dag.py:3823} INFO - Setting next_dagrun for weather_data_pipeline to 2026-04-24 06:00:00+00:00, run_after=2026-04-25 06:00:00+00:00
[2026-04-24T07:34:08.514+0000] {processor.py:183} INFO - Processing /opt/airflow/dags/weather_pipeline_dag.py took 1.690 seconds
[2026-04-24T07:34:40.058+0000] {processor.py:161} INFO - Started process (PID=3434) to work on /opt/airflow/dags/weather_pipeline_dag.py
[2026-04-24T07:34:40.072+0000] {processor.py:830} INFO - Processing file /opt/airflow/dags/weather_pipeline_dag.py for tasks to queue
[2026-04-24T07:34:40.083+0000] {logging_mixin.py:188} INFO - [2026-04-24T07:34:40.080+0000] {dagbag.py:538} INFO - Filling up the DagBag from /opt/airflow/dags/weather_pipeline_dag.py
[2026-04-24T07:34:40.406+0000] {processor.py:840} INFO - DAG(s) 'weather_data_pipeline' retrieved from /opt/airflow/dags/weather_pipeline_dag.py
[2026-04-24T07:34:41.008+0000] {logging_mixin.py:188} INFO - [2026-04-24T07:34:41.006+0000] {dag.py:3036} INFO - Sync 1 DAGs
[2026-04-24T07:34:41.739+0000] {logging_mixin.py:188} INFO - [2026-04-24T07:34:41.737+0000] {dag.py:3823} INFO - Setting next_dagrun for weather_data_pipeline to 2026-04-24 06:00:00+00:00, run_after=2026-04-25 06:00:00+00:00
[2026-04-24T07:34:42.446+0000] {processor.py:183} INFO - Processing /opt/airflow/dags/weather_pipeline_dag.py took 2.466 seconds
[2026-04-24T07:35:13.312+0000] {processor.py:161} INFO - Started process (PID=3451) to work on /opt/airflow/dags/weather_pipeline_dag.py
[2026-04-24T07:35:13.323+0000] {processor.py:830} INFO - Processing file /opt/airflow/dags/weather_pipeline_dag.py for tasks to queue
[2026-04-24T07:35:13.333+0000] {logging_mixin.py:188} INFO - [2026-04-24T07:35:13.331+0000] {dagbag.py:538} INFO - Filling up the DagBag from /opt/airflow/dags/weather_pipeline_dag.py
[2026-04-24T07:35:13.625+0000] {processor.py:840} INFO - DAG(s) 'weather_data_pipeline' retrieved from /opt/airflow/dags/weather_pipeline_dag.py
[2026-04-24T07:35:13.930+0000] {logging_mixin.py:188} INFO - [2026-04-24T07:35:13.926+0000] {dag.py:3036} INFO - Sync 1 DAGs
[2026-04-24T07:35:14.298+0000] {logging_mixin.py:188} INFO - [2026-04-24T07:35:14.296+0000] {dag.py:3823} INFO - Setting next_dagrun for weather_data_pipeline to 2026-04-24 06:00:00+00:00, run_after=2026-04-25 06:00:00+00:00
[2026-04-24T07:35:14.585+0000] {processor.py:183} INFO - Processing /opt/airflow/dags/weather_pipeline_dag.py took 1.312 seconds
[2026-04-24T07:35:45.675+0000] {processor.py:161} INFO - Started process (PID=3462) to work on /opt/airflow/dags/weather_pipeline_dag.py
[2026-04-24T07:35:45.694+0000] {processor.py:830} INFO - Processing file /opt/airflow/dags/weather_pipeline_dag.py for tasks to queue
[2026-04-24T07:35:45.716+0000] {logging_mixin.py:188} INFO - [2026-04-24T07:35:45.713+0000] {dagbag.py:538} INFO - Filling up the DagBag from /opt/airflow/dags/weather_pipeline_dag.py
[2026-04-24T07:35:47.509+0000] {processor.py:840} INFO - DAG(s) 'weather_data_pipeline' retrieved from /opt/airflow/dags/weather_pipeline_dag.py
[2026-04-24T07:35:48.340+0000] {logging_mixin.py:188} INFO - [2026-04-24T07:35:48.338+0000] {dag.py:3036} INFO - Sync 1 DAGs
[2026-04-24T07:35:49.152+0000] {logging_mixin.py:188} INFO - [2026-04-24T07:35:49.150+0000] {dag.py:3823} INFO - Setting next_dagrun for weather_data_pipeline to 2026-04-24 06:00:00+00:00, run_after=2026-04-25 06:00:00+00:00
[2026-04-24T07:35:49.588+0000] {processor.py:183} INFO - Processing /opt/airflow/dags/weather_pipeline_dag.py took 4.004 seconds
[2026-04-24T07:36:21.162+0000] {processor.py:161} INFO - Started process (PID=3473) to work on /opt/airflow/dags/weather_pipeline_dag.py
[2026-04-24T07:36:21.178+0000] {processor.py:830} INFO - Processing file /opt/airflow/dags/weather_pipeline_dag.py for tasks to queue
[2026-04-24T07:36:21.210+0000] {logging_mixin.py:188} INFO - [2026-04-24T07:36:21.195+0000] {dagbag.py:538} INFO - Filling up the DagBag from /opt/airflow/dags/weather_pipeline_dag.py
[2026-04-24T07:36:21.861+0000] {processor.py:840} INFO - DAG(s) 'weather_data_pipeline' retrieved from /opt/airflow/dags/weather_pipeline_dag.py
[2026-04-24T07:36:22.236+0000] {logging_mixin.py:188} INFO - [2026-04-24T07:36:22.234+0000] {dag.py:3036} INFO - Sync 1 DAGs
[2026-04-24T07:36:22.642+0000] {logging_mixin.py:188} INFO - [2026-04-24T07:36:22.640+0000] {dag.py:3823} INFO - Setting next_dagrun for weather_data_pipeline to 2026-04-24 06:00:00+00:00, run_after=2026-04-25 06:00:00+00:00
[2026-04-24T07:36:22.959+0000] {processor.py:183} INFO - Processing /opt/airflow/dags/weather_pipeline_dag.py took 1.856 seconds
[2026-04-24T07:36:54.958+0000] {processor.py:161} INFO - Started process (PID=3484) to work on /opt/airflow/dags/weather_pipeline_dag.py
[2026-04-24T07:36:54.986+0000] {processor.py:830} INFO - Processing file /opt/airflow/dags/weather_pipeline_dag.py for tasks to queue
[2026-04-24T07:36:55.027+0000] {logging_mixin.py:188} INFO - [2026-04-24T07:36:55.012+0000] {dagbag.py:538} INFO - Filling up the DagBag from /opt/airflow/dags/weather_pipeline_dag.py
[2026-04-24T07:36:56.308+0000] {processor.py:840} INFO - DAG(s) 'weather_data_pipeline' retrieved from /opt/airflow/dags/weather_pipeline_dag.py
[2026-04-24T07:36:57.350+0000] {logging_mixin.py:188} INFO - [2026-04-24T07:36:57.348+0000] {dag.py:3036} INFO - Sync 1 DAGs
[2026-04-24T07:36:58.322+0000] {logging_mixin.py:188} INFO - [2026-04-24T07:36:58.307+0000] {dag.py:3823} INFO - Setting next_dagrun for weather_data_pipeline to 2026-04-24 06:00:00+00:00, run_after=2026-04-25 06:00:00+00:00
[2026-04-24T07:36:58.793+0000] {processor.py:183} INFO - Processing /opt/airflow/dags/weather_pipeline_dag.py took 3.998 seconds
[2026-04-24T07:37:31.421+0000] {processor.py:161} INFO - Started process (PID=3496) to work on /opt/airflow/dags/weather_pipeline_dag.py
[2026-04-24T07:37:31.516+0000] {processor.py:830} INFO - Processing file /opt/airflow/dags/weather_pipeline_dag.py for tasks to queue
[2026-04-24T07:37:31.646+0000] {logging_mixin.py:188} INFO - [2026-04-24T07:37:31.642+0000] {dagbag.py:538} INFO - Filling up the DagBag from /opt/airflow/dags/weather_pipeline_dag.py
[2026-04-24T07:37:33.890+0000] {processor.py:840} INFO - DAG(s) 'weather_data_pipeline' retrieved from /opt/airflow/dags/weather_pipeline_dag.py
[2026-04-24T07:37:34.777+0000] {logging_mixin.py:188} INFO - [2026-04-24T07:37:34.763+0000] {dag.py:3036} INFO - Sync 1 DAGs
[2026-04-24T07:37:35.560+0000] {logging_mixin.py:188} INFO - [2026-04-24T07:37:35.546+0000] {dag.py:3823} INFO - Setting next_dagrun for weather_data_pipeline to 2026-04-24 06:00:00+00:00, run_after=2026-04-25 06:00:00+00:00
[2026-04-24T07:37:36.021+0000] {processor.py:183} INFO - Processing /opt/airflow/dags/weather_pipeline_dag.py took 4.855 seconds
[2026-04-24T07:38:06.774+0000] {processor.py:161} INFO - Started process (PID=3513) to work on /opt/airflow/dags/weather_pipeline_dag.py
[2026-04-24T07:38:06.786+0000] {processor.py:830} INFO - Processing file /opt/airflow/dags/weather_pipeline_dag.py for tasks to queue
[2026-04-24T07:38:06.804+0000] {logging_mixin.py:188} INFO - [2026-04-24T07:38:06.800+0000] {dagbag.py:538} INFO - Filling up the DagBag from /opt/airflow/dags/weather_pipeline_dag.py
[2026-04-24T07:38:07.129+0000] {processor.py:840} INFO - DAG(s) 'weather_data_pipeline' retrieved from /opt/airflow/dags/weather_pipeline_dag.py
[2026-04-24T07:38:07.411+0000] {logging_mixin.py:188} INFO - [2026-04-24T07:38:07.408+0000] {dag.py:3036} INFO - Sync 1 DAGs
[2026-04-24T07:38:07.794+0000] {logging_mixin.py:188} INFO - [2026-04-24T07:38:07.790+0000] {dag.py:3823} INFO - Setting next_dagrun for weather_data_pipeline to 2026-04-24 06:00:00+00:00, run_after=2026-04-25 06:00:00+00:00
[2026-04-24T07:38:08.358+0000] {processor.py:183} INFO - Processing /opt/airflow/dags/weather_pipeline_dag.py took 1.645 seconds
[2026-04-24T07:38:38.875+0000] {processor.py:161} INFO - Started process (PID=3524) to work on /opt/airflow/dags/weather_pipeline_dag.py
[2026-04-24T07:38:38.885+0000] {processor.py:830} INFO - Processing file /opt/airflow/dags/weather_pipeline_dag.py for tasks to queue
[2026-04-24T07:38:38.894+0000] {logging_mixin.py:188} INFO - [2026-04-24T07:38:38.891+0000] {dagbag.py:538} INFO - Filling up the DagBag from /opt/airflow/dags/weather_pipeline_dag.py
[2026-04-24T07:38:39.239+0000] {processor.py:840} INFO - DAG(s) 'weather_data_pipeline' retrieved from /opt/airflow/dags/weather_pipeline_dag.py
[2026-04-24T07:38:39.661+0000] {logging_mixin.py:188} INFO - [2026-04-24T07:38:39.656+0000] {dag.py:3036} INFO - Sync 1 DAGs
[2026-04-24T07:38:39.862+0000] {logging_mixin.py:188} INFO - [2026-04-24T07:38:39.861+0000] {dag.py:3823} INFO - Setting next_dagrun for weather_data_pipeline to 2026-04-24 06:00:00+00:00, run_after=2026-04-25 06:00:00+00:00
[2026-04-24T07:38:39.998+0000] {processor.py:183} INFO - Processing /opt/airflow/dags/weather_pipeline_dag.py took 1.161 seconds
[2026-04-24T07:39:11.498+0000] {processor.py:161} INFO - Started process (PID=3535) to work on /opt/airflow/dags/weather_pipeline_dag.py
[2026-04-24T07:39:11.517+0000] {processor.py:830} INFO - Processing file /opt/airflow/dags/weather_pipeline_dag.py for tasks to queue
[2026-04-24T07:39:11.544+0000] {logging_mixin.py:188} INFO - [2026-04-24T07:39:11.531+0000] {dagbag.py:538} INFO - Filling up the DagBag from /opt/airflow/dags/weather_pipeline_dag.py
[2026-04-24T07:39:11.941+0000] {processor.py:840} INFO - DAG(s) 'weather_data_pipeline' retrieved from /opt/airflow/dags/weather_pipeline_dag.py
[2026-04-24T07:39:12.518+0000] {logging_mixin.py:188} INFO - [2026-04-24T07:39:12.505+0000] {dag.py:3036} INFO - Sync 1 DAGs
[2026-04-24T07:39:12.955+0000] {logging_mixin.py:188} INFO - [2026-04-24T07:39:12.953+0000] {dag.py:3823} INFO - Setting next_dagrun for weather_data_pipeline to 2026-04-24 06:00:00+00:00, run_after=2026-04-25 06:00:00+00:00
[2026-04-24T07:39:13.329+0000] {processor.py:183} INFO - Processing /opt/airflow/dags/weather_pipeline_dag.py took 1.897 seconds
[2026-04-24T07:39:44.319+0000] {processor.py:161} INFO - Started process (PID=3546) to work on /opt/airflow/dags/weather_pipeline_dag.py
[2026-04-24T07:39:44.332+0000] {processor.py:830} INFO - Processing file /opt/airflow/dags/weather_pipeline_dag.py for tasks to queue
[2026-04-24T07:39:44.370+0000] {logging_mixin.py:188} INFO - [2026-04-24T07:39:44.368+0000] {dagbag.py:538} INFO - Filling up the DagBag from /opt/airflow/dags/weather_pipeline_dag.py
[2026-04-24T07:39:44.734+0000] {processor.py:840} INFO - DAG(s) 'weather_data_pipeline' retrieved from /opt/airflow/dags/weather_pipeline_dag.py
[2026-04-24T07:39:45.190+0000] {logging_mixin.py:188} INFO - [2026-04-24T07:39:45.188+0000] {dag.py:3036} INFO - Sync 1 DAGs
[2026-04-24T07:39:45.366+0000] {logging_mixin.py:188} INFO - [2026-04-24T07:39:45.364+0000] {dag.py:3823} INFO - Setting next_dagrun for weather_data_pipeline to 2026-04-24 06:00:00+00:00, run_after=2026-04-25 06:00:00+00:00
[2026-04-24T07:39:45.518+0000] {processor.py:183} INFO - Processing /opt/airflow/dags/weather_pipeline_dag.py took 1.244 seconds
[2026-04-24T07:40:16.883+0000] {processor.py:161} INFO - Started process (PID=3556) to work on /opt/airflow/dags/weather_pipeline_dag.py
[2026-04-24T07:40:16.911+0000] {processor.py:830} INFO - Processing file /opt/airflow/dags/weather_pipeline_dag.py for tasks to queue
[2026-04-24T07:40:16.947+0000] {logging_mixin.py:188} INFO - [2026-04-24T07:40:16.933+0000] {dagbag.py:538} INFO - Filling up the DagBag from /opt/airflow/dags/weather_pipeline_dag.py
[2026-04-24T07:40:17.646+0000] {processor.py:840} INFO - DAG(s) 'weather_data_pipeline' retrieved from /opt/airflow/dags/weather_pipeline_dag.py
[2026-04-24T07:40:18.224+0000] {logging_mixin.py:188} INFO - [2026-04-24T07:40:18.211+0000] {dag.py:3036} INFO - Sync 1 DAGs
[2026-04-24T07:40:18.997+0000] {logging_mixin.py:188} INFO - [2026-04-24T07:40:18.995+0000] {dag.py:3823} INFO - Setting next_dagrun for weather_data_pipeline to 2026-04-24 06:00:00+00:00, run_after=2026-04-25 06:00:00+00:00
[2026-04-24T07:40:19.583+0000] {processor.py:183} INFO - Processing /opt/airflow/dags/weather_pipeline_dag.py took 2.796 seconds
[2026-04-24T07:40:50.458+0000] {processor.py:161} INFO - Started process (PID=3567) to work on /opt/airflow/dags/weather_pipeline_dag.py
[2026-04-24T07:40:50.476+0000] {processor.py:830} INFO - Processing file /opt/airflow/dags/weather_pipeline_dag.py for tasks to queue
[2026-04-24T07:40:50.492+0000] {logging_mixin.py:188} INFO - [2026-04-24T07:40:50.490+0000] {dagbag.py:538} INFO - Filling up the DagBag from /opt/airflow/dags/weather_pipeline_dag.py
[2026-04-24T07:40:50.908+0000] {processor.py:840} INFO - DAG(s) 'weather_data_pipeline' retrieved from /opt/airflow/dags/weather_pipeline_dag.py
[2026-04-24T07:40:51.803+0000] {logging_mixin.py:188} INFO - [2026-04-24T07:40:51.801+0000] {dag.py:3036} INFO - Sync 1 DAGs
[2026-04-24T07:40:52.414+0000] {logging_mixin.py:188} INFO - [2026-04-24T07:40:52.401+0000] {dag.py:3823} INFO - Setting next_dagrun for weather_data_pipeline to 2026-04-24 06:00:00+00:00, run_after=2026-04-25 06:00:00+00:00
[2026-04-24T07:40:52.916+0000] {processor.py:183} INFO - Processing /opt/airflow/dags/weather_pipeline_dag.py took 2.533 seconds
[2026-04-24T08:01:34.129+0000] {processor.py:161} INFO - Started process (PID=3581) to work on /opt/airflow/dags/weather_pipeline_dag.py
[2026-04-24T08:01:34.157+0000] {processor.py:830} INFO - Processing file /opt/airflow/dags/weather_pipeline_dag.py for tasks to queue
[2026-04-24T08:01:34.177+0000] {logging_mixin.py:188} INFO - [2026-04-24T08:01:34.175+0000] {dagbag.py:538} INFO - Filling up the DagBag from /opt/airflow/dags/weather_pipeline_dag.py
[2026-04-24T08:01:34.786+0000] {processor.py:840} INFO - DAG(s) 'weather_data_pipeline' retrieved from /opt/airflow/dags/weather_pipeline_dag.py
[2026-04-24T08:01:35.053+0000] {logging_mixin.py:188} INFO - [2026-04-24T08:01:35.053+0000] {dag.py:3036} INFO - Sync 1 DAGs
[2026-04-24T08:01:35.286+0000] {logging_mixin.py:188} INFO - [2026-04-24T08:01:35.277+0000] {dag.py:3823} INFO - Setting next_dagrun for weather_data_pipeline to 2026-04-24 06:00:00+00:00, run_after=2026-04-25 06:00:00+00:00
[2026-04-24T08:01:35.410+0000] {processor.py:183} INFO - Processing /opt/airflow/dags/weather_pipeline_dag.py took 1.290 seconds
[2026-04-24T08:02:05.831+0000] {processor.py:161} INFO - Started process (PID=3592) to work on /opt/airflow/dags/weather_pipeline_dag.py
[2026-04-24T08:02:05.837+0000] {processor.py:830} INFO - Processing file /opt/airflow/dags/weather_pipeline_dag.py for tasks to queue
[2026-04-24T08:02:05.842+0000] {logging_mixin.py:188} INFO - [2026-04-24T08:02:05.840+0000] {dagbag.py:538} INFO - Filling up the DagBag from /opt/airflow/dags/weather_pipeline_dag.py
[2026-04-24T08:02:05.942+0000] {processor.py:840} INFO - DAG(s) 'weather_data_pipeline' retrieved from /opt/airflow/dags/weather_pipeline_dag.py
[2026-04-24T08:02:06.050+0000] {logging_mixin.py:188} INFO - [2026-04-24T08:02:06.050+0000] {dag.py:3036} INFO - Sync 1 DAGs
[2026-04-24T08:02:06.143+0000] {logging_mixin.py:188} INFO - [2026-04-24T08:02:06.143+0000] {dag.py:3823} INFO - Setting next_dagrun for weather_data_pipeline to 2026-04-24 06:00:00+00:00, run_after=2026-04-25 06:00:00+00:00
[2026-04-24T08:02:06.182+0000] {processor.py:183} INFO - Processing /opt/airflow/dags/weather_pipeline_dag.py took 0.360 seconds
[2026-04-24T08:02:36.362+0000] {processor.py:161} INFO - Started process (PID=3604) to work on /opt/airflow/dags/weather_pipeline_dag.py
[2026-04-24T08:02:36.370+0000] {processor.py:830} INFO - Processing file /opt/airflow/dags/weather_pipeline_dag.py for tasks to queue
[2026-04-24T08:02:36.374+0000] {logging_mixin.py:188} INFO - [2026-04-24T08:02:36.373+0000] {dagbag.py:538} INFO - Filling up the DagBag from /opt/airflow/dags/weather_pipeline_dag.py
[2026-04-24T08:02:36.435+0000] {processor.py:840} INFO - DAG(s) 'weather_data_pipeline' retrieved from /opt/airflow/dags/weather_pipeline_dag.py
[2026-04-24T08:02:36.488+0000] {logging_mixin.py:188} INFO - [2026-04-24T08:02:36.488+0000] {dag.py:3036} INFO - Sync 1 DAGs
[2026-04-24T08:02:36.558+0000] {logging_mixin.py:188} INFO - [2026-04-24T08:02:36.558+0000] {dag.py:3823} INFO - Setting next_dagrun for weather_data_pipeline to 2026-04-24 06:00:00+00:00, run_after=2026-04-25 06:00:00+00:00
[2026-04-24T08:02:36.608+0000] {processor.py:183} INFO - Processing /opt/airflow/dags/weather_pipeline_dag.py took 0.274 seconds
[2026-04-24T08:03:07.797+0000] {processor.py:161} INFO - Started process (PID=3615) to work on /opt/airflow/dags/weather_pipeline_dag.py
[2026-04-24T08:03:07.815+0000] {processor.py:830} INFO - Processing file /opt/airflow/dags/weather_pipeline_dag.py for tasks to queue
[2026-04-24T08:03:07.835+0000] {logging_mixin.py:188} INFO - [2026-04-24T08:03:07.831+0000] {dagbag.py:538} INFO - Filling up the DagBag from /opt/airflow/dags/weather_pipeline_dag.py
[2026-04-24T08:03:08.070+0000] {processor.py:840} INFO - DAG(s) 'weather_data_pipeline' retrieved from /opt/airflow/dags/weather_pipeline_dag.py
[2026-04-24T08:03:08.375+0000] {logging_mixin.py:188} INFO - [2026-04-24T08:03:08.364+0000] {dag.py:3036} INFO - Sync 1 DAGs
[2026-04-24T08:03:09.137+0000] {logging_mixin.py:188} INFO - [2026-04-24T08:03:09.135+0000] {dag.py:3823} INFO - Setting next_dagrun for weather_data_pipeline to 2026-04-24 06:00:00+00:00, run_after=2026-04-25 06:00:00+00:00
[2026-04-24T08:03:09.717+0000] {processor.py:183} INFO - Processing /opt/airflow/dags/weather_pipeline_dag.py took 1.941 seconds
[2026-04-24T08:03:42.364+0000] {processor.py:161} INFO - Started process (PID=3626) to work on /opt/airflow/dags/weather_pipeline_dag.py
[2026-04-24T08:03:42.387+0000] {processor.py:830} INFO - Processing file /opt/airflow/dags/weather_pipeline_dag.py for tasks to queue
[2026-04-24T08:03:42.395+0000] {logging_mixin.py:188} INFO - [2026-04-24T08:03:42.392+0000] {dagbag.py:538} INFO - Filling up the DagBag from /opt/airflow/dags/weather_pipeline_dag.py
[2026-04-24T08:03:44.829+0000] {processor.py:840} INFO - DAG(s) 'weather_data_pipeline' retrieved from /opt/airflow/dags/weather_pipeline_dag.py
[2026-04-24T08:03:47.132+0000] {logging_mixin.py:188} INFO - [2026-04-24T08:03:47.120+0000] {dag.py:3036} INFO - Sync 1 DAGs
[2026-04-24T08:03:48.619+0000] {logging_mixin.py:188} INFO - [2026-04-24T08:03:48.616+0000] {dag.py:3823} INFO - Setting next_dagrun for weather_data_pipeline to 2026-04-24 06:00:00+00:00, run_after=2026-04-25 06:00:00+00:00
[2026-04-24T08:03:50.112+0000] {processor.py:183} INFO - Processing /opt/airflow/dags/weather_pipeline_dag.py took 7.805 seconds
[2026-04-24T08:04:21.255+0000] {processor.py:161} INFO - Started process (PID=3643) to work on /opt/airflow/dags/weather_pipeline_dag.py
[2026-04-24T08:04:21.282+0000] {processor.py:830} INFO - Processing file /opt/airflow/dags/weather_pipeline_dag.py for tasks to queue
[2026-04-24T08:04:21.313+0000] {logging_mixin.py:188} INFO - [2026-04-24T08:04:21.311+0000] {dagbag.py:538} INFO - Filling up the DagBag from /opt/airflow/dags/weather_pipeline_dag.py
[2026-04-24T08:04:22.357+0000] {processor.py:840} INFO - DAG(s) 'weather_data_pipeline' retrieved from /opt/airflow/dags/weather_pipeline_dag.py
[2026-04-24T08:04:23.541+0000] {logging_mixin.py:188} INFO - [2026-04-24T08:04:23.540+0000] {dag.py:3036} INFO - Sync 1 DAGs
[2026-04-24T08:04:24.483+0000] {logging_mixin.py:188} INFO - [2026-04-24T08:04:24.481+0000] {dag.py:3823} INFO - Setting next_dagrun for weather_data_pipeline to 2026-04-24 06:00:00+00:00, run_after=2026-04-25 06:00:00+00:00
[2026-04-24T08:04:24.831+0000] {processor.py:183} INFO - Processing /opt/airflow/dags/weather_pipeline_dag.py took 3.659 seconds
[2026-04-24T08:04:55.563+0000] {processor.py:161} INFO - Started process (PID=3654) to work on /opt/airflow/dags/weather_pipeline_dag.py
[2026-04-24T08:04:55.569+0000] {processor.py:830} INFO - Processing file /opt/airflow/dags/weather_pipeline_dag.py for tasks to queue
[2026-04-24T08:04:55.576+0000] {logging_mixin.py:188} INFO - [2026-04-24T08:04:55.574+0000] {dagbag.py:538} INFO - Filling up the DagBag from /opt/airflow/dags/weather_pipeline_dag.py
[2026-04-24T08:04:55.986+0000] {processor.py:840} INFO - DAG(s) 'weather_data_pipeline' retrieved from /opt/airflow/dags/weather_pipeline_dag.py
[2026-04-24T08:04:56.261+0000] {logging_mixin.py:188} INFO - [2026-04-24T08:04:56.257+0000] {dag.py:3036} INFO - Sync 1 DAGs
[2026-04-24T08:04:56.528+0000] {logging_mixin.py:188} INFO - [2026-04-24T08:04:56.527+0000] {dag.py:3823} INFO - Setting next_dagrun for weather_data_pipeline to 2026-04-24 06:00:00+00:00, run_after=2026-04-25 06:00:00+00:00
[2026-04-24T08:04:56.652+0000] {processor.py:183} INFO - Processing /opt/airflow/dags/weather_pipeline_dag.py took 1.106 seconds
[2026-04-24T08:05:29.180+0000] {processor.py:161} INFO - Started process (PID=3665) to work on /opt/airflow/dags/weather_pipeline_dag.py
[2026-04-24T08:05:29.286+0000] {processor.py:830} INFO - Processing file /opt/airflow/dags/weather_pipeline_dag.py for tasks to queue
[2026-04-24T08:05:29.320+0000] {logging_mixin.py:188} INFO - [2026-04-24T08:05:29.305+0000] {dagbag.py:538} INFO - Filling up the DagBag from /opt/airflow/dags/weather_pipeline_dag.py
[2026-04-24T08:05:30.289+0000] {processor.py:840} INFO - DAG(s) 'weather_data_pipeline' retrieved from /opt/airflow/dags/weather_pipeline_dag.py
[2026-04-24T08:05:31.285+0000] {logging_mixin.py:188} INFO - [2026-04-24T08:05:31.273+0000] {dag.py:3036} INFO - Sync 1 DAGs
[2026-04-24T08:05:31.986+0000] {logging_mixin.py:188} INFO - [2026-04-24T08:05:31.983+0000] {dag.py:3823} INFO - Setting next_dagrun for weather_data_pipeline to 2026-04-24 06:00:00+00:00, run_after=2026-04-25 06:00:00+00:00
[2026-04-24T08:05:32.430+0000] {processor.py:183} INFO - Processing /opt/airflow/dags/weather_pipeline_dag.py took 3.343 seconds
[2026-04-24T08:06:03.388+0000] {processor.py:161} INFO - Started process (PID=3676) to work on /opt/airflow/dags/weather_pipeline_dag.py
[2026-04-24T08:06:03.410+0000] {processor.py:830} INFO - Processing file /opt/airflow/dags/weather_pipeline_dag.py for tasks to queue
[2026-04-24T08:06:03.439+0000] {logging_mixin.py:188} INFO - [2026-04-24T08:06:03.426+0000] {dagbag.py:538} INFO - Filling up the DagBag from /opt/airflow/dags/weather_pipeline_dag.py
[2026-04-24T08:06:03.845+0000] {processor.py:840} INFO - DAG(s) 'weather_data_pipeline' retrieved from /opt/airflow/dags/weather_pipeline_dag.py
[2026-04-24T08:06:04.607+0000] {logging_mixin.py:188} INFO - [2026-04-24T08:06:04.605+0000] {dag.py:3036} INFO - Sync 1 DAGs
[2026-04-24T08:06:07.112+0000] {logging_mixin.py:188} INFO - [2026-04-24T08:06:07.108+0000] {dag.py:3823} INFO - Setting next_dagrun for weather_data_pipeline to 2026-04-24 06:00:00+00:00, run_after=2026-04-25 06:00:00+00:00
[2026-04-24T08:06:09.521+0000] {processor.py:183} INFO - Processing /opt/airflow/dags/weather_pipeline_dag.py took 6.246 seconds
[2026-04-24T08:06:42.447+0000] {processor.py:161} INFO - Started process (PID=3687) to work on /opt/airflow/dags/weather_pipeline_dag.py
[2026-04-24T08:06:42.466+0000] {processor.py:830} INFO - Processing file /opt/airflow/dags/weather_pipeline_dag.py for tasks to queue
[2026-04-24T08:06:42.482+0000] {logging_mixin.py:188} INFO - [2026-04-24T08:06:42.480+0000] {dagbag.py:538} INFO - Filling up the DagBag from /opt/airflow/dags/weather_pipeline_dag.py
[2026-04-24T08:06:42.901+0000] {processor.py:840} INFO - DAG(s) 'weather_data_pipeline' retrieved from /opt/airflow/dags/weather_pipeline_dag.py
[2026-04-24T08:06:43.567+0000] {logging_mixin.py:188} INFO - [2026-04-24T08:06:43.554+0000] {dag.py:3036} INFO - Sync 1 DAGs
[2026-04-24T08:06:44.242+0000] {logging_mixin.py:188} INFO - [2026-04-24T08:06:44.240+0000] {dag.py:3823} INFO - Setting next_dagrun for weather_data_pipeline to 2026-04-24 06:00:00+00:00, run_after=2026-04-25 06:00:00+00:00
[2026-04-24T08:06:44.830+0000] {processor.py:183} INFO - Processing /opt/airflow/dags/weather_pipeline_dag.py took 2.460 seconds
[2026-04-24T08:07:15.416+0000] {processor.py:161} INFO - Started process (PID=3698) to work on /opt/airflow/dags/weather_pipeline_dag.py
[2026-04-24T08:07:15.432+0000] {processor.py:830} INFO - Processing file /opt/airflow/dags/weather_pipeline_dag.py for tasks to queue
[2026-04-24T08:07:15.445+0000] {logging_mixin.py:188} INFO - [2026-04-24T08:07:15.442+0000] {dagbag.py:538} INFO - Filling up the DagBag from /opt/airflow/dags/weather_pipeline_dag.py
[2026-04-24T08:07:15.834+0000] {processor.py:840} INFO - DAG(s) 'weather_data_pipeline' retrieved from /opt/airflow/dags/weather_pipeline_dag.py
[2026-04-24T08:07:16.165+0000] {logging_mixin.py:188} INFO - [2026-04-24T08:07:16.153+0000] {dag.py:3036} INFO - Sync 1 DAGs
[2026-04-24T08:07:16.822+0000] {logging_mixin.py:188} INFO - [2026-04-24T08:07:16.821+0000] {dag.py:3823} INFO - Setting next_dagrun for weather_data_pipeline to 2026-04-24 06:00:00+00:00, run_after=2026-04-25 06:00:00+00:00
[2026-04-24T08:07:17.333+0000] {processor.py:183} INFO - Processing /opt/airflow/dags/weather_pipeline_dag.py took 1.963 seconds
[2026-04-24T08:07:58.536+0000] {processor.py:161} INFO - Started process (PID=3709) to work on /opt/airflow/dags/weather_pipeline_dag.py
[2026-04-24T08:07:58.738+0000] {processor.py:830} INFO - Processing file /opt/airflow/dags/weather_pipeline_dag.py for tasks to queue
[2026-04-24T08:07:58.791+0000] {logging_mixin.py:188} INFO - [2026-04-24T08:07:58.778+0000] {dagbag.py:538} INFO - Filling up the DagBag from /opt/airflow/dags/weather_pipeline_dag.py
[2026-04-24T08:07:59.664+0000] {processor.py:840} INFO - DAG(s) 'weather_data_pipeline' retrieved from /opt/airflow/dags/weather_pipeline_dag.py
[2026-04-24T08:08:00.609+0000] {logging_mixin.py:188} INFO - [2026-04-24T08:08:00.607+0000] {dag.py:3036} INFO - Sync 1 DAGs
[2026-04-24T08:08:01.445+0000] {logging_mixin.py:188} INFO - [2026-04-24T08:08:01.443+0000] {dag.py:3823} INFO - Setting next_dagrun for weather_data_pipeline to 2026-04-24 06:00:00+00:00, run_after=2026-04-25 06:00:00+00:00
[2026-04-24T08:08:02.079+0000] {processor.py:183} INFO - Processing /opt/airflow/dags/weather_pipeline_dag.py took 4.330 seconds
[2026-04-24T08:08:32.663+0000] {processor.py:161} INFO - Started process (PID=3726) to work on /opt/airflow/dags/weather_pipeline_dag.py
[2026-04-24T08:08:32.688+0000] {processor.py:830} INFO - Processing file /opt/airflow/dags/weather_pipeline_dag.py for tasks to queue
[2026-04-24T08:08:32.705+0000] {logging_mixin.py:188} INFO - [2026-04-24T08:08:32.702+0000] {dagbag.py:538} INFO - Filling up the DagBag from /opt/airflow/dags/weather_pipeline_dag.py
[2026-04-24T08:08:33.158+0000] {processor.py:840} INFO - DAG(s) 'weather_data_pipeline' retrieved from /opt/airflow/dags/weather_pipeline_dag.py
[2026-04-24T08:08:34.180+0000] {logging_mixin.py:188} INFO - [2026-04-24T08:08:34.178+0000] {dag.py:3036} INFO - Sync 1 DAGs
[2026-04-24T08:08:35.130+0000] {logging_mixin.py:188} INFO - [2026-04-24T08:08:35.107+0000] {dag.py:3823} INFO - Setting next_dagrun for weather_data_pipeline to 2026-04-24 06:00:00+00:00, run_after=2026-04-25 06:00:00+00:00
[2026-04-24T08:08:35.845+0000] {processor.py:183} INFO - Processing /opt/airflow/dags/weather_pipeline_dag.py took 3.276 seconds
[2026-04-24T08:09:06.392+0000] {processor.py:161} INFO - Started process (PID=3737) to work on /opt/airflow/dags/weather_pipeline_dag.py
[2026-04-24T08:09:06.404+0000] {processor.py:830} INFO - Processing file /opt/airflow/dags/weather_pipeline_dag.py for tasks to queue
[2026-04-24T08:09:06.415+0000] {logging_mixin.py:188} INFO - [2026-04-24T08:09:06.411+0000] {dagbag.py:538} INFO - Filling up the DagBag from /opt/airflow/dags/weather_pipeline_dag.py
[2026-04-24T08:09:06.859+0000] {processor.py:840} INFO - DAG(s) 'weather_data_pipeline' retrieved from /opt/airflow/dags/weather_pipeline_dag.py
[2026-04-24T08:09:07.529+0000] {logging_mixin.py:188} INFO - [2026-04-24T08:09:07.527+0000] {dag.py:3036} INFO - Sync 1 DAGs
[2026-04-24T08:09:08.207+0000] {logging_mixin.py:188} INFO - [2026-04-24T08:09:08.205+0000] {dag.py:3823} INFO - Setting next_dagrun for weather_data_pipeline to 2026-04-24 06:00:00+00:00, run_after=2026-04-25 06:00:00+00:00
[2026-04-24T08:09:08.660+0000] {processor.py:183} INFO - Processing /opt/airflow/dags/weather_pipeline_dag.py took 2.328 seconds
[2026-04-24T08:09:42.546+0000] {processor.py:161} INFO - Started process (PID=3748) to work on /opt/airflow/dags/weather_pipeline_dag.py
[2026-04-24T08:09:42.567+0000] {processor.py:830} INFO - Processing file /opt/airflow/dags/weather_pipeline_dag.py for tasks to queue
[2026-04-24T08:09:42.593+0000] {logging_mixin.py:188} INFO - [2026-04-24T08:09:42.580+0000] {dagbag.py:538} INFO - Filling up the DagBag from /opt/airflow/dags/weather_pipeline_dag.py
[2026-04-24T08:09:43.279+0000] {processor.py:840} INFO - DAG(s) 'weather_data_pipeline' retrieved from /opt/airflow/dags/weather_pipeline_dag.py
[2026-04-24T08:09:43.895+0000] {logging_mixin.py:188} INFO - [2026-04-24T08:09:43.893+0000] {dag.py:3036} INFO - Sync 1 DAGs
[2026-04-24T08:09:44.606+0000] {logging_mixin.py:188} INFO - [2026-04-24T08:09:44.604+0000] {dag.py:3823} INFO - Setting next_dagrun for weather_data_pipeline to 2026-04-24 06:00:00+00:00, run_after=2026-04-25 06:00:00+00:00
[2026-04-24T08:09:45.224+0000] {processor.py:183} INFO - Processing /opt/airflow/dags/weather_pipeline_dag.py took 2.742 seconds
[2026-04-24T08:10:16.588+0000] {processor.py:161} INFO - Started process (PID=3759) to work on /opt/airflow/dags/weather_pipeline_dag.py
[2026-04-24T08:10:16.634+0000] {processor.py:830} INFO - Processing file /opt/airflow/dags/weather_pipeline_dag.py for tasks to queue
[2026-04-24T08:10:16.651+0000] {logging_mixin.py:188} INFO - [2026-04-24T08:10:16.649+0000] {dagbag.py:538} INFO - Filling up the DagBag from /opt/airflow/dags/weather_pipeline_dag.py
[2026-04-24T08:10:17.334+0000] {processor.py:840} INFO - DAG(s) 'weather_data_pipeline' retrieved from /opt/airflow/dags/weather_pipeline_dag.py
[2026-04-24T08:10:17.940+0000] {logging_mixin.py:188} INFO - [2026-04-24T08:10:17.929+0000] {dag.py:3036} INFO - Sync 1 DAGs
[2026-04-24T08:10:18.852+0000] {logging_mixin.py:188} INFO - [2026-04-24T08:10:18.851+0000] {dag.py:3823} INFO - Setting next_dagrun for weather_data_pipeline to 2026-04-24 06:00:00+00:00, run_after=2026-04-25 06:00:00+00:00
[2026-04-24T08:10:20.655+0000] {processor.py:183} INFO - Processing /opt/airflow/dags/weather_pipeline_dag.py took 4.119 seconds
[2026-04-24T08:10:55.222+0000] {processor.py:161} INFO - Started process (PID=3770) to work on /opt/airflow/dags/weather_pipeline_dag.py
[2026-04-24T08:10:55.239+0000] {processor.py:830} INFO - Processing file /opt/airflow/dags/weather_pipeline_dag.py for tasks to queue
[2026-04-24T08:10:55.257+0000] {logging_mixin.py:188} INFO - [2026-04-24T08:10:55.255+0000] {dagbag.py:538} INFO - Filling up the DagBag from /opt/airflow/dags/weather_pipeline_dag.py
[2026-04-24T08:10:56.095+0000] {processor.py:840} INFO - DAG(s) 'weather_data_pipeline' retrieved from /opt/airflow/dags/weather_pipeline_dag.py
[2026-04-24T08:10:57.040+0000] {logging_mixin.py:188} INFO - [2026-04-24T08:10:57.038+0000] {dag.py:3036} INFO - Sync 1 DAGs
[2026-04-24T08:10:57.696+0000] {logging_mixin.py:188} INFO - [2026-04-24T08:10:57.694+0000] {dag.py:3823} INFO - Setting next_dagrun for weather_data_pipeline to 2026-04-24 06:00:00+00:00, run_after=2026-04-25 06:00:00+00:00
[2026-04-24T08:10:58.079+0000] {processor.py:183} INFO - Processing /opt/airflow/dags/weather_pipeline_dag.py took 2.923 seconds
[2026-04-24T08:11:35.307+0000] {processor.py:161} INFO - Started process (PID=3781) to work on /opt/airflow/dags/weather_pipeline_dag.py
[2026-04-24T08:11:35.341+0000] {processor.py:830} INFO - Processing file /opt/airflow/dags/weather_pipeline_dag.py for tasks to queue
[2026-04-24T08:11:35.374+0000] {logging_mixin.py:188} INFO - [2026-04-24T08:11:35.371+0000] {dagbag.py:538} INFO - Filling up the DagBag from /opt/airflow/dags/weather_pipeline_dag.py
[2026-04-24T08:11:37.066+0000] {processor.py:840} INFO - DAG(s) 'weather_data_pipeline' retrieved from /opt/airflow/dags/weather_pipeline_dag.py
[2026-04-24T08:11:37.618+0000] {logging_mixin.py:188} INFO - [2026-04-24T08:11:37.607+0000] {dag.py:3036} INFO - Sync 1 DAGs
[2026-04-24T08:11:38.370+0000] {logging_mixin.py:188} INFO - [2026-04-24T08:11:38.367+0000] {dag.py:3823} INFO - Setting next_dagrun for weather_data_pipeline to 2026-04-24 06:00:00+00:00, run_after=2026-04-25 06:00:00+00:00
[2026-04-24T08:11:38.862+0000] {processor.py:183} INFO - Processing /opt/airflow/dags/weather_pipeline_dag.py took 3.620 seconds
[2026-04-24T08:12:10.291+0000] {processor.py:161} INFO - Started process (PID=3792) to work on /opt/airflow/dags/weather_pipeline_dag.py
[2026-04-24T08:12:10.357+0000] {processor.py:830} INFO - Processing file /opt/airflow/dags/weather_pipeline_dag.py for tasks to queue
[2026-04-24T08:12:10.393+0000] {logging_mixin.py:188} INFO - [2026-04-24T08:12:10.388+0000] {dagbag.py:538} INFO - Filling up the DagBag from /opt/airflow/dags/weather_pipeline_dag.py
[2026-04-24T08:12:11.140+0000] {processor.py:840} INFO - DAG(s) 'weather_data_pipeline' retrieved from /opt/airflow/dags/weather_pipeline_dag.py
[2026-04-24T08:12:11.970+0000] {logging_mixin.py:188} INFO - [2026-04-24T08:12:11.968+0000] {dag.py:3036} INFO - Sync 1 DAGs
[2026-04-24T08:12:12.720+0000] {logging_mixin.py:188} INFO - [2026-04-24T08:12:12.707+0000] {dag.py:3823} INFO - Setting next_dagrun for weather_data_pipeline to 2026-04-24 06:00:00+00:00, run_after=2026-04-25 06:00:00+00:00
[2026-04-24T08:12:13.196+0000] {processor.py:183} INFO - Processing /opt/airflow/dags/weather_pipeline_dag.py took 3.013 seconds
[2026-04-24T08:12:44.856+0000] {processor.py:161} INFO - Started process (PID=3803) to work on /opt/airflow/dags/weather_pipeline_dag.py
[2026-04-24T08:12:44.885+0000] {processor.py:830} INFO - Processing file /opt/airflow/dags/weather_pipeline_dag.py for tasks to queue
[2026-04-24T08:12:44.914+0000] {logging_mixin.py:188} INFO - [2026-04-24T08:12:44.910+0000] {dagbag.py:538} INFO - Filling up the DagBag from /opt/airflow/dags/weather_pipeline_dag.py
[2026-04-24T08:12:45.571+0000] {processor.py:840} INFO - DAG(s) 'weather_data_pipeline' retrieved from /opt/airflow/dags/weather_pipeline_dag.py
[2026-04-24T08:12:46.270+0000] {logging_mixin.py:188} INFO - [2026-04-24T08:12:46.268+0000] {dag.py:3036} INFO - Sync 1 DAGs
[2026-04-24T08:12:46.868+0000] {logging_mixin.py:188} INFO - [2026-04-24T08:12:46.857+0000] {dag.py:3823} INFO - Setting next_dagrun for weather_data_pipeline to 2026-04-24 06:00:00+00:00, run_after=2026-04-25 06:00:00+00:00
[2026-04-24T08:12:47.260+0000] {processor.py:183} INFO - Processing /opt/airflow/dags/weather_pipeline_dag.py took 2.486 seconds
[2026-04-24T08:13:18.043+0000] {processor.py:161} INFO - Started process (PID=3814) to work on /opt/airflow/dags/weather_pipeline_dag.py
[2026-04-24T08:13:18.060+0000] {processor.py:830} INFO - Processing file /opt/airflow/dags/weather_pipeline_dag.py for tasks to queue
[2026-04-24T08:13:18.077+0000] {logging_mixin.py:188} INFO - [2026-04-24T08:13:18.066+0000] {dagbag.py:538} INFO - Filling up the DagBag from /opt/airflow/dags/weather_pipeline_dag.py
[2026-04-24T08:13:18.422+0000] {processor.py:840} INFO - DAG(s) 'weather_data_pipeline' retrieved from /opt/airflow/dags/weather_pipeline_dag.py
[2026-04-24T08:13:19.090+0000] {logging_mixin.py:188} INFO - [2026-04-24T08:13:19.078+0000] {dag.py:3036} INFO - Sync 1 DAGs
[2026-04-24T08:13:19.692+0000] {logging_mixin.py:188} INFO - [2026-04-24T08:13:19.690+0000] {dag.py:3823} INFO - Setting next_dagrun for weather_data_pipeline to 2026-04-24 06:00:00+00:00, run_after=2026-04-25 06:00:00+00:00
[2026-04-24T08:13:20.341+0000] {processor.py:183} INFO - Processing /opt/airflow/dags/weather_pipeline_dag.py took 2.357 seconds
[2026-04-24T08:13:51.803+0000] {processor.py:161} INFO - Started process (PID=3831) to work on /opt/airflow/dags/weather_pipeline_dag.py
[2026-04-24T08:13:51.833+0000] {processor.py:830} INFO - Processing file /opt/airflow/dags/weather_pipeline_dag.py for tasks to queue
[2026-04-24T08:13:51.853+0000] {logging_mixin.py:188} INFO - [2026-04-24T08:13:51.850+0000] {dagbag.py:538} INFO - Filling up the DagBag from /opt/airflow/dags/weather_pipeline_dag.py
[2026-04-24T08:13:52.551+0000] {processor.py:840} INFO - DAG(s) 'weather_data_pipeline' retrieved from /opt/airflow/dags/weather_pipeline_dag.py
[2026-04-24T08:13:53.386+0000] {logging_mixin.py:188} INFO - [2026-04-24T08:13:53.384+0000] {dag.py:3036} INFO - Sync 1 DAGs
[2026-04-24T08:13:54.108+0000] {logging_mixin.py:188} INFO - [2026-04-24T08:13:54.105+0000] {dag.py:3823} INFO - Setting next_dagrun for weather_data_pipeline to 2026-04-24 06:00:00+00:00, run_after=2026-04-25 06:00:00+00:00
[2026-04-24T08:13:54.515+0000] {processor.py:183} INFO - Processing /opt/airflow/dags/weather_pipeline_dag.py took 2.788 seconds
[2026-04-24T08:14:25.656+0000] {processor.py:161} INFO - Started process (PID=3842) to work on /opt/airflow/dags/weather_pipeline_dag.py
[2026-04-24T08:14:25.662+0000] {processor.py:830} INFO - Processing file /opt/airflow/dags/weather_pipeline_dag.py for tasks to queue
[2026-04-24T08:14:25.669+0000] {logging_mixin.py:188} INFO - [2026-04-24T08:14:25.667+0000] {dagbag.py:538} INFO - Filling up the DagBag from /opt/airflow/dags/weather_pipeline_dag.py
[2026-04-24T08:14:25.915+0000] {processor.py:840} INFO - DAG(s) 'weather_data_pipeline' retrieved from /opt/airflow/dags/weather_pipeline_dag.py
[2026-04-24T08:14:26.111+0000] {logging_mixin.py:188} INFO - [2026-04-24T08:14:26.109+0000] {dag.py:3036} INFO - Sync 1 DAGs
[2026-04-24T08:14:26.253+0000] {logging_mixin.py:188} INFO - [2026-04-24T08:14:26.252+0000] {dag.py:3823} INFO - Setting next_dagrun for weather_data_pipeline to 2026-04-24 06:00:00+00:00, run_after=2026-04-25 06:00:00+00:00
[2026-04-24T08:14:26.397+0000] {processor.py:183} INFO - Processing /opt/airflow/dags/weather_pipeline_dag.py took 0.762 seconds
[2026-04-24T08:14:57.402+0000] {processor.py:161} INFO - Started process (PID=3852) to work on /opt/airflow/dags/weather_pipeline_dag.py
[2026-04-24T08:14:57.409+0000] {processor.py:830} INFO - Processing file /opt/airflow/dags/weather_pipeline_dag.py for tasks to queue
[2026-04-24T08:14:57.416+0000] {logging_mixin.py:188} INFO - [2026-04-24T08:14:57.414+0000] {dagbag.py:538} INFO - Filling up the DagBag from /opt/airflow/dags/weather_pipeline_dag.py
[2026-04-24T08:14:57.587+0000] {processor.py:840} INFO - DAG(s) 'weather_data_pipeline' retrieved from /opt/airflow/dags/weather_pipeline_dag.py
[2026-04-24T08:14:57.755+0000] {logging_mixin.py:188} INFO - [2026-04-24T08:14:57.752+0000] {dag.py:3036} INFO - Sync 1 DAGs
[2026-04-24T08:14:57.908+0000] {logging_mixin.py:188} INFO - [2026-04-24T08:14:57.907+0000] {dag.py:3823} INFO - Setting next_dagrun for weather_data_pipeline to 2026-04-24 06:00:00+00:00, run_after=2026-04-25 06:00:00+00:00
[2026-04-24T08:14:58.037+0000] {processor.py:183} INFO - Processing /opt/airflow/dags/weather_pipeline_dag.py took 0.655 seconds
[2026-04-24T08:15:29.634+0000] {processor.py:161} INFO - Started process (PID=3864) to work on /opt/airflow/dags/weather_pipeline_dag.py
[2026-04-24T08:15:29.664+0000] {processor.py:830} INFO - Processing file /opt/airflow/dags/weather_pipeline_dag.py for tasks to queue
[2026-04-24T08:15:29.674+0000] {logging_mixin.py:188} INFO - [2026-04-24T08:15:29.671+0000] {dagbag.py:538} INFO - Filling up the DagBag from /opt/airflow/dags/weather_pipeline_dag.py
[2026-04-24T08:15:29.969+0000] {processor.py:840} INFO - DAG(s) 'weather_data_pipeline' retrieved from /opt/airflow/dags/weather_pipeline_dag.py
[2026-04-24T08:15:30.277+0000] {logging_mixin.py:188} INFO - [2026-04-24T08:15:30.275+0000] {dag.py:3036} INFO - Sync 1 DAGs
[2026-04-24T08:15:30.562+0000] {logging_mixin.py:188} INFO - [2026-04-24T08:15:30.560+0000] {dag.py:3823} INFO - Setting next_dagrun for weather_data_pipeline to 2026-04-24 06:00:00+00:00, run_after=2026-04-25 06:00:00+00:00
[2026-04-24T08:15:30.933+0000] {processor.py:183} INFO - Processing /opt/airflow/dags/weather_pipeline_dag.py took 1.370 seconds
[2026-04-24T08:16:02.066+0000] {processor.py:161} INFO - Started process (PID=3875) to work on /opt/airflow/dags/weather_pipeline_dag.py
[2026-04-24T08:16:02.073+0000] {processor.py:830} INFO - Processing file /opt/airflow/dags/weather_pipeline_dag.py for tasks to queue
[2026-04-24T08:16:02.081+0000] {logging_mixin.py:188} INFO - [2026-04-24T08:16:02.079+0000] {dagbag.py:538} INFO - Filling up the DagBag from /opt/airflow/dags/weather_pipeline_dag.py
[2026-04-24T08:16:02.375+0000] {processor.py:840} INFO - DAG(s) 'weather_data_pipeline' retrieved from /opt/airflow/dags/weather_pipeline_dag.py
[2026-04-24T08:16:02.547+0000] {logging_mixin.py:188} INFO - [2026-04-24T08:16:02.545+0000] {dag.py:3036} INFO - Sync 1 DAGs
[2026-04-24T08:16:02.808+0000] {logging_mixin.py:188} INFO - [2026-04-24T08:16:02.796+0000] {dag.py:3823} INFO - Setting next_dagrun for weather_data_pipeline to 2026-04-24 06:00:00+00:00, run_after=2026-04-25 06:00:00+00:00
[2026-04-24T08:16:03.172+0000] {processor.py:183} INFO - Processing /opt/airflow/dags/weather_pipeline_dag.py took 1.143 seconds
[2026-04-24T08:16:33.608+0000] {processor.py:161} INFO - Started process (PID=3886) to work on /opt/airflow/dags/weather_pipeline_dag.py
[2026-04-24T08:16:33.614+0000] {processor.py:830} INFO - Processing file /opt/airflow/dags/weather_pipeline_dag.py for tasks to queue
[2026-04-24T08:16:33.621+0000] {logging_mixin.py:188} INFO - [2026-04-24T08:16:33.619+0000] {dagbag.py:538} INFO - Filling up the DagBag from /opt/airflow/dags/weather_pipeline_dag.py
[2026-04-24T08:16:33.847+0000] {processor.py:840} INFO - DAG(s) 'weather_data_pipeline' retrieved from /opt/airflow/dags/weather_pipeline_dag.py
[2026-04-24T08:16:34.059+0000] {logging_mixin.py:188} INFO - [2026-04-24T08:16:34.056+0000] {dag.py:3036} INFO - Sync 1 DAGs
[2026-04-24T08:16:34.278+0000] {logging_mixin.py:188} INFO - [2026-04-24T08:16:34.275+0000] {dag.py:3823} INFO - Setting next_dagrun for weather_data_pipeline to 2026-04-24 06:00:00+00:00, run_after=2026-04-25 06:00:00+00:00
[2026-04-24T08:16:34.481+0000] {processor.py:183} INFO - Processing /opt/airflow/dags/weather_pipeline_dag.py took 0.890 seconds
[2026-04-24T08:17:05.361+0000] {processor.py:161} INFO - Started process (PID=3897) to work on /opt/airflow/dags/weather_pipeline_dag.py
[2026-04-24T08:17:05.379+0000] {processor.py:830} INFO - Processing file /opt/airflow/dags/weather_pipeline_dag.py for tasks to queue
[2026-04-24T08:17:05.399+0000] {logging_mixin.py:188} INFO - [2026-04-24T08:17:05.396+0000] {dagbag.py:538} INFO - Filling up the DagBag from /opt/airflow/dags/weather_pipeline_dag.py
[2026-04-24T08:17:05.907+0000] {processor.py:840} INFO - DAG(s) 'weather_data_pipeline' retrieved from /opt/airflow/dags/weather_pipeline_dag.py
[2026-04-24T08:17:06.127+0000] {logging_mixin.py:188} INFO - [2026-04-24T08:17:06.126+0000] {dag.py:3036} INFO - Sync 1 DAGs
[2026-04-24T08:17:06.311+0000] {logging_mixin.py:188} INFO - [2026-04-24T08:17:06.310+0000] {dag.py:3823} INFO - Setting next_dagrun for weather_data_pipeline to 2026-04-24 06:00:00+00:00, run_after=2026-04-25 06:00:00+00:00
[2026-04-24T08:17:06.496+0000] {processor.py:183} INFO - Processing /opt/airflow/dags/weather_pipeline_dag.py took 1.167 seconds
[2026-04-24T08:17:37.202+0000] {processor.py:161} INFO - Started process (PID=3908) to work on /opt/airflow/dags/weather_pipeline_dag.py
[2026-04-24T08:17:37.210+0000] {processor.py:830} INFO - Processing file /opt/airflow/dags/weather_pipeline_dag.py for tasks to queue
[2026-04-24T08:17:37.218+0000] {logging_mixin.py:188} INFO - [2026-04-24T08:17:37.216+0000] {dagbag.py:538} INFO - Filling up the DagBag from /opt/airflow/dags/weather_pipeline_dag.py
[2026-04-24T08:17:37.430+0000] {processor.py:840} INFO - DAG(s) 'weather_data_pipeline' retrieved from /opt/airflow/dags/weather_pipeline_dag.py
[2026-04-24T08:17:37.711+0000] {logging_mixin.py:188} INFO - [2026-04-24T08:17:37.705+0000] {dag.py:3036} INFO - Sync 1 DAGs
[2026-04-24T08:17:37.971+0000] {logging_mixin.py:188} INFO - [2026-04-24T08:17:37.970+0000] {dag.py:3823} INFO - Setting next_dagrun for weather_data_pipeline to 2026-04-24 06:00:00+00:00, run_after=2026-04-25 06:00:00+00:00
[2026-04-24T08:17:38.121+0000] {processor.py:183} INFO - Processing /opt/airflow/dags/weather_pipeline_dag.py took 0.945 seconds
[2026-04-24T08:18:09.472+0000] {processor.py:161} INFO - Started process (PID=3918) to work on /opt/airflow/dags/weather_pipeline_dag.py
[2026-04-24T08:18:09.480+0000] {processor.py:830} INFO - Processing file /opt/airflow/dags/weather_pipeline_dag.py for tasks to queue
[2026-04-24T08:18:09.496+0000] {logging_mixin.py:188} INFO - [2026-04-24T08:18:09.493+0000] {dagbag.py:538} INFO - Filling up the DagBag from /opt/airflow/dags/weather_pipeline_dag.py
[2026-04-24T08:18:09.707+0000] {processor.py:840} INFO - DAG(s) 'weather_data_pipeline' retrieved from /opt/airflow/dags/weather_pipeline_dag.py
[2026-04-24T08:18:09.987+0000] {logging_mixin.py:188} INFO - [2026-04-24T08:18:09.985+0000] {dag.py:3036} INFO - Sync 1 DAGs
[2026-04-24T08:18:10.279+0000] {logging_mixin.py:188} INFO - [2026-04-24T08:18:10.274+0000] {dag.py:3823} INFO - Setting next_dagrun for weather_data_pipeline to 2026-04-24 06:00:00+00:00, run_after=2026-04-25 06:00:00+00:00
[2026-04-24T08:18:10.471+0000] {processor.py:183} INFO - Processing /opt/airflow/dags/weather_pipeline_dag.py took 1.063 seconds
[2026-04-24T08:18:41.435+0000] {processor.py:161} INFO - Started process (PID=3929) to work on /opt/airflow/dags/weather_pipeline_dag.py
[2026-04-24T08:18:41.464+0000] {processor.py:830} INFO - Processing file /opt/airflow/dags/weather_pipeline_dag.py for tasks to queue
[2026-04-24T08:18:41.488+0000] {logging_mixin.py:188} INFO - [2026-04-24T08:18:41.482+0000] {dagbag.py:538} INFO - Filling up the DagBag from /opt/airflow/dags/weather_pipeline_dag.py
[2026-04-24T08:18:41.984+0000] {processor.py:840} INFO - DAG(s) 'weather_data_pipeline' retrieved from /opt/airflow/dags/weather_pipeline_dag.py
[2026-04-24T08:18:42.435+0000] {logging_mixin.py:188} INFO - [2026-04-24T08:18:42.421+0000] {dag.py:3036} INFO - Sync 1 DAGs
[2026-04-24T08:18:42.883+0000] {logging_mixin.py:188} INFO - [2026-04-24T08:18:42.870+0000] {dag.py:3823} INFO - Setting next_dagrun for weather_data_pipeline to 2026-04-24 06:00:00+00:00, run_after=2026-04-25 06:00:00+00:00
[2026-04-24T08:18:43.337+0000] {processor.py:183} INFO - Processing /opt/airflow/dags/weather_pipeline_dag.py took 1.998 seconds
[2026-04-24T08:19:14.012+0000] {processor.py:161} INFO - Started process (PID=3939) to work on /opt/airflow/dags/weather_pipeline_dag.py
[2026-04-24T08:19:14.023+0000] {processor.py:830} INFO - Processing file /opt/airflow/dags/weather_pipeline_dag.py for tasks to queue
[2026-04-24T08:19:14.036+0000] {logging_mixin.py:188} INFO - [2026-04-24T08:19:14.033+0000] {dagbag.py:538} INFO - Filling up the DagBag from /opt/airflow/dags/weather_pipeline_dag.py
[2026-04-24T08:19:14.452+0000] {processor.py:840} INFO - DAG(s) 'weather_data_pipeline' retrieved from /opt/airflow/dags/weather_pipeline_dag.py
[2026-04-24T08:19:15.149+0000] {logging_mixin.py:188} INFO - [2026-04-24T08:19:15.147+0000] {dag.py:3036} INFO - Sync 1 DAGs
[2026-04-24T08:19:15.766+0000] {logging_mixin.py:188} INFO - [2026-04-24T08:19:15.764+0000] {dag.py:3823} INFO - Setting next_dagrun for weather_data_pipeline to 2026-04-24 06:00:00+00:00, run_after=2026-04-25 06:00:00+00:00
[2026-04-24T08:19:15.988+0000] {processor.py:183} INFO - Processing /opt/airflow/dags/weather_pipeline_dag.py took 2.011 seconds
[2026-04-24T08:19:46.867+0000] {processor.py:161} INFO - Started process (PID=3950) to work on /opt/airflow/dags/weather_pipeline_dag.py
[2026-04-24T08:19:46.874+0000] {processor.py:830} INFO - Processing file /opt/airflow/dags/weather_pipeline_dag.py for tasks to queue
[2026-04-24T08:19:46.882+0000] {logging_mixin.py:188} INFO - [2026-04-24T08:19:46.880+0000] {dagbag.py:538} INFO - Filling up the DagBag from /opt/airflow/dags/weather_pipeline_dag.py
[2026-04-24T08:19:47.141+0000] {processor.py:840} INFO - DAG(s) 'weather_data_pipeline' retrieved from /opt/airflow/dags/weather_pipeline_dag.py
[2026-04-24T08:19:47.462+0000] {logging_mixin.py:188} INFO - [2026-04-24T08:19:47.460+0000] {dag.py:3036} INFO - Sync 1 DAGs
[2026-04-24T08:19:47.699+0000] {logging_mixin.py:188} INFO - [2026-04-24T08:19:47.698+0000] {dag.py:3823} INFO - Setting next_dagrun for weather_data_pipeline to 2026-04-24 06:00:00+00:00, run_after=2026-04-25 06:00:00+00:00
[2026-04-24T08:19:47.963+0000] {processor.py:183} INFO - Processing /opt/airflow/dags/weather_pipeline_dag.py took 1.120 seconds
[2026-04-24T08:20:18.671+0000] {processor.py:161} INFO - Started process (PID=3961) to work on /opt/airflow/dags/weather_pipeline_dag.py
[2026-04-24T08:20:18.688+0000] {processor.py:830} INFO - Processing file /opt/airflow/dags/weather_pipeline_dag.py for tasks to queue
[2026-04-24T08:20:18.708+0000] {logging_mixin.py:188} INFO - [2026-04-24T08:20:18.695+0000] {dagbag.py:538} INFO - Filling up the DagBag from /opt/airflow/dags/weather_pipeline_dag.py
[2026-04-24T08:20:19.334+0000] {processor.py:840} INFO - DAG(s) 'weather_data_pipeline' retrieved from /opt/airflow/dags/weather_pipeline_dag.py
[2026-04-24T08:20:19.725+0000] {logging_mixin.py:188} INFO - [2026-04-24T08:20:19.724+0000] {dag.py:3036} INFO - Sync 1 DAGs
[2026-04-24T08:20:19.957+0000] {logging_mixin.py:188} INFO - [2026-04-24T08:20:19.950+0000] {dag.py:3823} INFO - Setting next_dagrun for weather_data_pipeline to 2026-04-24 06:00:00+00:00, run_after=2026-04-25 06:00:00+00:00
[2026-04-24T08:20:20.168+0000] {processor.py:183} INFO - Processing /opt/airflow/dags/weather_pipeline_dag.py took 1.562 seconds
[2026-04-24T08:20:51.379+0000] {processor.py:161} INFO - Started process (PID=3972) to work on /opt/airflow/dags/weather_pipeline_dag.py
[2026-04-24T08:20:51.407+0000] {processor.py:830} INFO - Processing file /opt/airflow/dags/weather_pipeline_dag.py for tasks to queue
[2026-04-24T08:20:51.425+0000] {logging_mixin.py:188} INFO - [2026-04-24T08:20:51.418+0000] {dagbag.py:538} INFO - Filling up the DagBag from /opt/airflow/dags/weather_pipeline_dag.py
[2026-04-24T08:20:52.870+0000] {processor.py:840} INFO - DAG(s) 'weather_data_pipeline' retrieved from /opt/airflow/dags/weather_pipeline_dag.py
[2026-04-24T08:20:53.303+0000] {logging_mixin.py:188} INFO - [2026-04-24T08:20:53.296+0000] {dag.py:3036} INFO - Sync 1 DAGs
[2026-04-24T08:20:53.649+0000] {logging_mixin.py:188} INFO - [2026-04-24T08:20:53.647+0000] {dag.py:3823} INFO - Setting next_dagrun for weather_data_pipeline to 2026-04-24 06:00:00+00:00, run_after=2026-04-25 06:00:00+00:00
[2026-04-24T08:20:53.875+0000] {processor.py:183} INFO - Processing /opt/airflow/dags/weather_pipeline_dag.py took 2.564 seconds
[2026-04-24T08:21:27.456+0000] {processor.py:161} INFO - Started process (PID=3983) to work on /opt/airflow/dags/weather_pipeline_dag.py
[2026-04-24T08:21:27.466+0000] {processor.py:830} INFO - Processing file /opt/airflow/dags/weather_pipeline_dag.py for tasks to queue
[2026-04-24T08:21:27.488+0000] {logging_mixin.py:188} INFO - [2026-04-24T08:21:27.477+0000] {dagbag.py:538} INFO - Filling up the DagBag from /opt/airflow/dags/weather_pipeline_dag.py
[2026-04-24T08:21:28.675+0000] {processor.py:840} INFO - DAG(s) 'weather_data_pipeline' retrieved from /opt/airflow/dags/weather_pipeline_dag.py
[2026-04-24T08:21:29.357+0000] {logging_mixin.py:188} INFO - [2026-04-24T08:21:29.355+0000] {dag.py:3036} INFO - Sync 1 DAGs
[2026-04-24T08:21:29.928+0000] {logging_mixin.py:188} INFO - [2026-04-24T08:21:29.926+0000] {dag.py:3823} INFO - Setting next_dagrun for weather_data_pipeline to 2026-04-24 06:00:00+00:00, run_after=2026-04-25 06:00:00+00:00
[2026-04-24T08:21:30.348+0000] {processor.py:183} INFO - Processing /opt/airflow/dags/weather_pipeline_dag.py took 2.956 seconds
[2026-04-24T08:22:02.051+0000] {processor.py:161} INFO - Started process (PID=3994) to work on /opt/airflow/dags/weather_pipeline_dag.py
[2026-04-24T08:22:02.077+0000] {processor.py:830} INFO - Processing file /opt/airflow/dags/weather_pipeline_dag.py for tasks to queue
[2026-04-24T08:22:02.096+0000] {logging_mixin.py:188} INFO - [2026-04-24T08:22:02.093+0000] {dagbag.py:538} INFO - Filling up the DagBag from /opt/airflow/dags/weather_pipeline_dag.py
[2026-04-24T08:22:03.279+0000] {processor.py:840} INFO - DAG(s) 'weather_data_pipeline' retrieved from /opt/airflow/dags/weather_pipeline_dag.py
[2026-04-24T08:22:04.156+0000] {logging_mixin.py:188} INFO - [2026-04-24T08:22:04.155+0000] {dag.py:3036} INFO - Sync 1 DAGs
[2026-04-24T08:22:04.946+0000] {logging_mixin.py:188} INFO - [2026-04-24T08:22:04.930+0000] {dag.py:3823} INFO - Setting next_dagrun for weather_data_pipeline to 2026-04-24 06:00:00+00:00, run_after=2026-04-25 06:00:00+00:00
[2026-04-24T08:22:05.522+0000] {processor.py:183} INFO - Processing /opt/airflow/dags/weather_pipeline_dag.py took 3.569 seconds
[2026-04-24T08:22:36.015+0000] {processor.py:161} INFO - Started process (PID=4011) to work on /opt/airflow/dags/weather_pipeline_dag.py
[2026-04-24T08:22:36.042+0000] {processor.py:830} INFO - Processing file /opt/airflow/dags/weather_pipeline_dag.py for tasks to queue
[2026-04-24T08:22:36.052+0000] {logging_mixin.py:188} INFO - [2026-04-24T08:22:36.050+0000] {dagbag.py:538} INFO - Filling up the DagBag from /opt/airflow/dags/weather_pipeline_dag.py
[2026-04-24T08:22:36.335+0000] {processor.py:840} INFO - DAG(s) 'weather_data_pipeline' retrieved from /opt/airflow/dags/weather_pipeline_dag.py
[2026-04-24T08:22:36.518+0000] {logging_mixin.py:188} INFO - [2026-04-24T08:22:36.517+0000] {dag.py:3036} INFO - Sync 1 DAGs
[2026-04-24T08:22:36.712+0000] {logging_mixin.py:188} INFO - [2026-04-24T08:22:36.711+0000] {dag.py:3823} INFO - Setting next_dagrun for weather_data_pipeline to 2026-04-24 06:00:00+00:00, run_after=2026-04-25 06:00:00+00:00
[2026-04-24T08:22:36.875+0000] {processor.py:183} INFO - Processing /opt/airflow/dags/weather_pipeline_dag.py took 0.895 seconds
[2026-04-24T08:23:07.199+0000] {processor.py:161} INFO - Started process (PID=4022) to work on /opt/airflow/dags/weather_pipeline_dag.py
[2026-04-24T08:23:07.205+0000] {processor.py:830} INFO - Processing file /opt/airflow/dags/weather_pipeline_dag.py for tasks to queue
[2026-04-24T08:23:07.211+0000] {logging_mixin.py:188} INFO - [2026-04-24T08:23:07.210+0000] {dagbag.py:538} INFO - Filling up the DagBag from /opt/airflow/dags/weather_pipeline_dag.py
[2026-04-24T08:23:07.417+0000] {processor.py:840} INFO - DAG(s) 'weather_data_pipeline' retrieved from /opt/airflow/dags/weather_pipeline_dag.py
[2026-04-24T08:23:07.641+0000] {logging_mixin.py:188} INFO - [2026-04-24T08:23:07.639+0000] {dag.py:3036} INFO - Sync 1 DAGs
[2026-04-24T08:23:07.830+0000] {logging_mixin.py:188} INFO - [2026-04-24T08:23:07.828+0000] {dag.py:3823} INFO - Setting next_dagrun for weather_data_pipeline to 2026-04-24 06:00:00+00:00, run_after=2026-04-25 06:00:00+00:00
[2026-04-24T08:23:07.962+0000] {processor.py:183} INFO - Processing /opt/airflow/dags/weather_pipeline_dag.py took 0.783 seconds
[2026-04-24T08:23:38.242+0000] {processor.py:161} INFO - Started process (PID=4033) to work on /opt/airflow/dags/weather_pipeline_dag.py
[2026-04-24T08:23:38.247+0000] {processor.py:830} INFO - Processing file /opt/airflow/dags/weather_pipeline_dag.py for tasks to queue
[2026-04-24T08:23:38.254+0000] {logging_mixin.py:188} INFO - [2026-04-24T08:23:38.252+0000] {dagbag.py:538} INFO - Filling up the DagBag from /opt/airflow/dags/weather_pipeline_dag.py
[2026-04-24T08:23:38.427+0000] {processor.py:840} INFO - DAG(s) 'weather_data_pipeline' retrieved from /opt/airflow/dags/weather_pipeline_dag.py
[2026-04-24T08:23:38.601+0000] {logging_mixin.py:188} INFO - [2026-04-24T08:23:38.599+0000] {dag.py:3036} INFO - Sync 1 DAGs
[2026-04-24T08:23:38.931+0000] {logging_mixin.py:188} INFO - [2026-04-24T08:23:38.929+0000] {dag.py:3823} INFO - Setting next_dagrun for weather_data_pipeline to 2026-04-24 06:00:00+00:00, run_after=2026-04-25 06:00:00+00:00
[2026-04-24T08:23:39.120+0000] {processor.py:183} INFO - Processing /opt/airflow/dags/weather_pipeline_dag.py took 0.897 seconds
[2026-04-24T08:24:15.984+0000] {processor.py:161} INFO - Started process (PID=4045) to work on /opt/airflow/dags/weather_pipeline_dag.py
[2026-04-24T08:24:16.013+0000] {processor.py:830} INFO - Processing file /opt/airflow/dags/weather_pipeline_dag.py for tasks to queue
[2026-04-24T08:24:16.073+0000] {logging_mixin.py:188} INFO - [2026-04-24T08:24:16.061+0000] {dagbag.py:538} INFO - Filling up the DagBag from /opt/airflow/dags/weather_pipeline_dag.py
[2026-04-24T08:24:22.509+0000] {processor.py:840} INFO - DAG(s) 'weather_data_pipeline' retrieved from /opt/airflow/dags/weather_pipeline_dag.py
[2026-04-24T08:24:23.292+0000] {logging_mixin.py:188} INFO - [2026-04-24T08:24:23.290+0000] {dag.py:3036} INFO - Sync 1 DAGs
[2026-04-24T08:24:24.259+0000] {logging_mixin.py:188} INFO - [2026-04-24T08:24:24.246+0000] {dag.py:3823} INFO - Setting next_dagrun for weather_data_pipeline to 2026-04-24 06:00:00+00:00, run_after=2026-04-25 06:00:00+00:00
[2026-04-24T08:24:24.808+0000] {processor.py:183} INFO - Processing /opt/airflow/dags/weather_pipeline_dag.py took 8.892 seconds
[2026-04-24T08:24:59.703+0000] {processor.py:161} INFO - Started process (PID=4056) to work on /opt/airflow/dags/weather_pipeline_dag.py
[2026-04-24T08:24:59.773+0000] {processor.py:830} INFO - Processing file /opt/airflow/dags/weather_pipeline_dag.py for tasks to queue
[2026-04-24T08:24:59.826+0000] {logging_mixin.py:188} INFO - [2026-04-24T08:24:59.822+0000] {dagbag.py:538} INFO - Filling up the DagBag from /opt/airflow/dags/weather_pipeline_dag.py
[2026-04-24T08:25:03.583+0000] {processor.py:840} INFO - DAG(s) 'weather_data_pipeline' retrieved from /opt/airflow/dags/weather_pipeline_dag.py
[2026-04-24T08:25:04.354+0000] {logging_mixin.py:188} INFO - [2026-04-24T08:25:04.352+0000] {dag.py:3036} INFO - Sync 1 DAGs
[2026-04-24T08:25:04.918+0000] {logging_mixin.py:188} INFO - [2026-04-24T08:25:04.916+0000] {dag.py:3823} INFO - Setting next_dagrun for weather_data_pipeline to 2026-04-24 06:00:00+00:00, run_after=2026-04-25 06:00:00+00:00
[2026-04-24T08:25:05.571+0000] {processor.py:183} INFO - Processing /opt/airflow/dags/weather_pipeline_dag.py took 5.922 seconds
[2026-04-24T08:25:36.870+0000] {processor.py:161} INFO - Started process (PID=4067) to work on /opt/airflow/dags/weather_pipeline_dag.py
[2026-04-24T08:25:36.897+0000] {processor.py:830} INFO - Processing file /opt/airflow/dags/weather_pipeline_dag.py for tasks to queue
[2026-04-24T08:25:36.915+0000] {logging_mixin.py:188} INFO - [2026-04-24T08:25:36.903+0000] {dagbag.py:538} INFO - Filling up the DagBag from /opt/airflow/dags/weather_pipeline_dag.py
[2026-04-24T08:25:37.406+0000] {processor.py:840} INFO - DAG(s) 'weather_data_pipeline' retrieved from /opt/airflow/dags/weather_pipeline_dag.py
[2026-04-24T08:25:38.016+0000] {logging_mixin.py:188} INFO - [2026-04-24T08:25:38.015+0000] {dag.py:3036} INFO - Sync 1 DAGs
[2026-04-24T08:25:38.673+0000] {logging_mixin.py:188} INFO - [2026-04-24T08:25:38.660+0000] {dag.py:3823} INFO - Setting next_dagrun for weather_data_pipeline to 2026-04-24 06:00:00+00:00, run_after=2026-04-25 06:00:00+00:00
[2026-04-24T08:25:39.136+0000] {processor.py:183} INFO - Processing /opt/airflow/dags/weather_pipeline_dag.py took 2.323 seconds
[2026-04-24T08:26:10.475+0000] {processor.py:161} INFO - Started process (PID=4078) to work on /opt/airflow/dags/weather_pipeline_dag.py
[2026-04-24T08:26:10.493+0000] {processor.py:830} INFO - Processing file /opt/airflow/dags/weather_pipeline_dag.py for tasks to queue
[2026-04-24T08:26:10.521+0000] {logging_mixin.py:188} INFO - [2026-04-24T08:26:10.519+0000] {dagbag.py:538} INFO - Filling up the DagBag from /opt/airflow/dags/weather_pipeline_dag.py
[2026-04-24T08:26:12.249+0000] {processor.py:840} INFO - DAG(s) 'weather_data_pipeline' retrieved from /opt/airflow/dags/weather_pipeline_dag.py
[2026-04-24T08:26:13.298+0000] {logging_mixin.py:188} INFO - [2026-04-24T08:26:13.282+0000] {dag.py:3036} INFO - Sync 1 DAGs
[2026-04-24T08:26:14.077+0000] {logging_mixin.py:188} INFO - [2026-04-24T08:26:14.065+0000] {dag.py:3823} INFO - Setting next_dagrun for weather_data_pipeline to 2026-04-24 06:00:00+00:00, run_after=2026-04-25 06:00:00+00:00
[2026-04-24T08:26:14.525+0000] {processor.py:183} INFO - Processing /opt/airflow/dags/weather_pipeline_dag.py took 4.212 seconds
[2026-04-24T08:26:45.562+0000] {processor.py:161} INFO - Started process (PID=4095) to work on /opt/airflow/dags/weather_pipeline_dag.py
[2026-04-24T08:26:45.608+0000] {processor.py:830} INFO - Processing file /opt/airflow/dags/weather_pipeline_dag.py for tasks to queue
[2026-04-24T08:26:45.637+0000] {logging_mixin.py:188} INFO - [2026-04-24T08:26:45.622+0000] {dagbag.py:538} INFO - Filling up the DagBag from /opt/airflow/dags/weather_pipeline_dag.py
[2026-04-24T08:26:47.330+0000] {processor.py:840} INFO - DAG(s) 'weather_data_pipeline' retrieved from /opt/airflow/dags/weather_pipeline_dag.py
[2026-04-24T08:26:48.168+0000] {logging_mixin.py:188} INFO - [2026-04-24T08:26:48.124+0000] {dag.py:3036} INFO - Sync 1 DAGs
[2026-04-24T08:26:49.154+0000] {logging_mixin.py:188} INFO - [2026-04-24T08:26:49.152+0000] {dag.py:3823} INFO - Setting next_dagrun for weather_data_pipeline to 2026-04-24 06:00:00+00:00, run_after=2026-04-25 06:00:00+00:00
[2026-04-24T08:26:49.844+0000] {processor.py:183} INFO - Processing /opt/airflow/dags/weather_pipeline_dag.py took 4.392 seconds
[2026-04-24T08:27:21.606+0000] {processor.py:161} INFO - Started process (PID=4106) to work on /opt/airflow/dags/weather_pipeline_dag.py
[2026-04-24T08:27:21.625+0000] {processor.py:830} INFO - Processing file /opt/airflow/dags/weather_pipeline_dag.py for tasks to queue
[2026-04-24T08:27:21.641+0000] {logging_mixin.py:188} INFO - [2026-04-24T08:27:21.638+0000] {dagbag.py:538} INFO - Filling up the DagBag from /opt/airflow/dags/weather_pipeline_dag.py
[2026-04-24T08:27:22.166+0000] {processor.py:840} INFO - DAG(s) 'weather_data_pipeline' retrieved from /opt/airflow/dags/weather_pipeline_dag.py
[2026-04-24T08:27:22.784+0000] {logging_mixin.py:188} INFO - [2026-04-24T08:27:22.782+0000] {dag.py:3036} INFO - Sync 1 DAGs
[2026-04-24T08:27:23.459+0000] {logging_mixin.py:188} INFO - [2026-04-24T08:27:23.447+0000] {dag.py:3823} INFO - Setting next_dagrun for weather_data_pipeline to 2026-04-24 06:00:00+00:00, run_after=2026-04-25 06:00:00+00:00
[2026-04-24T08:27:23.898+0000] {processor.py:183} INFO - Processing /opt/airflow/dags/weather_pipeline_dag.py took 2.355 seconds
[2026-04-24T08:27:56.054+0000] {processor.py:161} INFO - Started process (PID=4116) to work on /opt/airflow/dags/weather_pipeline_dag.py
[2026-04-24T08:27:56.141+0000] {processor.py:830} INFO - Processing file /opt/airflow/dags/weather_pipeline_dag.py for tasks to queue
[2026-04-24T08:27:56.229+0000] {logging_mixin.py:188} INFO - [2026-04-24T08:27:56.226+0000] {dagbag.py:538} INFO - Filling up the DagBag from /opt/airflow/dags/weather_pipeline_dag.py
[2026-04-24T08:27:57.366+0000] {processor.py:840} INFO - DAG(s) 'weather_data_pipeline' retrieved from /opt/airflow/dags/weather_pipeline_dag.py
[2026-04-24T08:27:57.970+0000] {logging_mixin.py:188} INFO - [2026-04-24T08:27:57.969+0000] {dag.py:3036} INFO - Sync 1 DAGs
[2026-04-24T08:27:58.537+0000] {logging_mixin.py:188} INFO - [2026-04-24T08:27:58.535+0000] {dag.py:3823} INFO - Setting next_dagrun for weather_data_pipeline to 2026-04-24 06:00:00+00:00, run_after=2026-04-25 06:00:00+00:00
[2026-04-24T08:27:58.892+0000] {processor.py:183} INFO - Processing /opt/airflow/dags/weather_pipeline_dag.py took 2.906 seconds
[2026-04-24T08:28:29.892+0000] {processor.py:161} INFO - Started process (PID=4127) to work on /opt/airflow/dags/weather_pipeline_dag.py
[2026-04-24T08:28:29.915+0000] {processor.py:830} INFO - Processing file /opt/airflow/dags/weather_pipeline_dag.py for tasks to queue
[2026-04-24T08:28:29.934+0000] {logging_mixin.py:188} INFO - [2026-04-24T08:28:29.931+0000] {dagbag.py:538} INFO - Filling up the DagBag from /opt/airflow/dags/weather_pipeline_dag.py
[2026-04-24T08:28:30.354+0000] {processor.py:840} INFO - DAG(s) 'weather_data_pipeline' retrieved from /opt/airflow/dags/weather_pipeline_dag.py
[2026-04-24T08:28:30.859+0000] {logging_mixin.py:188} INFO - [2026-04-24T08:28:30.857+0000] {dag.py:3036} INFO - Sync 1 DAGs
[2026-04-24T08:28:31.369+0000] {logging_mixin.py:188} INFO - [2026-04-24T08:28:31.367+0000] {dag.py:3823} INFO - Setting next_dagrun for weather_data_pipeline to 2026-04-24 06:00:00+00:00, run_after=2026-04-25 06:00:00+00:00
[2026-04-24T08:28:31.696+0000] {processor.py:183} INFO - Processing /opt/airflow/dags/weather_pipeline_dag.py took 1.864 seconds
[2026-04-24T08:29:03.405+0000] {processor.py:161} INFO - Started process (PID=4138) to work on /opt/airflow/dags/weather_pipeline_dag.py
[2026-04-24T08:29:03.485+0000] {processor.py:830} INFO - Processing file /opt/airflow/dags/weather_pipeline_dag.py for tasks to queue
[2026-04-24T08:29:03.516+0000] {logging_mixin.py:188} INFO - [2026-04-24T08:29:03.501+0000] {dagbag.py:538} INFO - Filling up the DagBag from /opt/airflow/dags/weather_pipeline_dag.py
[2026-04-24T08:29:03.959+0000] {processor.py:840} INFO - DAG(s) 'weather_data_pipeline' retrieved from /opt/airflow/dags/weather_pipeline_dag.py
[2026-04-24T08:29:04.839+0000] {logging_mixin.py:188} INFO - [2026-04-24T08:29:04.837+0000] {dag.py:3036} INFO - Sync 1 DAGs
[2026-04-24T08:29:05.363+0000] {logging_mixin.py:188} INFO - [2026-04-24T08:29:05.349+0000] {dag.py:3823} INFO - Setting next_dagrun for weather_data_pipeline to 2026-04-24 06:00:00+00:00, run_after=2026-04-25 06:00:00+00:00
[2026-04-24T08:29:05.998+0000] {processor.py:183} INFO - Processing /opt/airflow/dags/weather_pipeline_dag.py took 2.875 seconds
[2026-04-24T08:29:37.232+0000] {processor.py:161} INFO - Started process (PID=4149) to work on /opt/airflow/dags/weather_pipeline_dag.py
[2026-04-24T08:29:37.261+0000] {processor.py:830} INFO - Processing file /opt/airflow/dags/weather_pipeline_dag.py for tasks to queue
[2026-04-24T08:29:37.294+0000] {logging_mixin.py:188} INFO - [2026-04-24T08:29:37.281+0000] {dagbag.py:538} INFO - Filling up the DagBag from /opt/airflow/dags/weather_pipeline_dag.py
[2026-04-24T08:29:38.517+0000] {processor.py:840} INFO - DAG(s) 'weather_data_pipeline' retrieved from /opt/airflow/dags/weather_pipeline_dag.py
[2026-04-24T08:29:39.288+0000] {logging_mixin.py:188} INFO - [2026-04-24T08:29:39.276+0000] {dag.py:3036} INFO - Sync 1 DAGs
[2026-04-24T08:29:39.935+0000] {logging_mixin.py:188} INFO - [2026-04-24T08:29:39.933+0000] {dag.py:3823} INFO - Setting next_dagrun for weather_data_pipeline to 2026-04-24 06:00:00+00:00, run_after=2026-04-25 06:00:00+00:00
[2026-04-24T08:29:40.237+0000] {processor.py:183} INFO - Processing /opt/airflow/dags/weather_pipeline_dag.py took 3.104 seconds
[2026-04-24T08:30:10.916+0000] {processor.py:161} INFO - Started process (PID=4160) to work on /opt/airflow/dags/weather_pipeline_dag.py
[2026-04-24T08:30:10.946+0000] {processor.py:830} INFO - Processing file /opt/airflow/dags/weather_pipeline_dag.py for tasks to queue
[2026-04-24T08:30:10.969+0000] {logging_mixin.py:188} INFO - [2026-04-24T08:30:10.966+0000] {dagbag.py:538} INFO - Filling up the DagBag from /opt/airflow/dags/weather_pipeline_dag.py
[2026-04-24T08:30:11.598+0000] {processor.py:840} INFO - DAG(s) 'weather_data_pipeline' retrieved from /opt/airflow/dags/weather_pipeline_dag.py
[2026-04-24T08:30:12.356+0000] {logging_mixin.py:188} INFO - [2026-04-24T08:30:12.354+0000] {dag.py:3036} INFO - Sync 1 DAGs
[2026-04-24T08:30:13.079+0000] {logging_mixin.py:188} INFO - [2026-04-24T08:30:13.065+0000] {dag.py:3823} INFO - Setting next_dagrun for weather_data_pipeline to 2026-04-24 06:00:00+00:00, run_after=2026-04-25 06:00:00+00:00
[2026-04-24T08:30:13.543+0000] {processor.py:183} INFO - Processing /opt/airflow/dags/weather_pipeline_dag.py took 2.718 seconds
[2026-04-24T08:30:44.765+0000] {processor.py:161} INFO - Started process (PID=4171) to work on /opt/airflow/dags/weather_pipeline_dag.py
[2026-04-24T08:30:44.792+0000] {processor.py:830} INFO - Processing file /opt/airflow/dags/weather_pipeline_dag.py for tasks to queue
[2026-04-24T08:30:44.847+0000] {logging_mixin.py:188} INFO - [2026-04-24T08:30:44.831+0000] {dagbag.py:538} INFO - Filling up the DagBag from /opt/airflow/dags/weather_pipeline_dag.py
[2026-04-24T08:30:45.351+0000] {processor.py:840} INFO - DAG(s) 'weather_data_pipeline' retrieved from /opt/airflow/dags/weather_pipeline_dag.py
[2026-04-24T08:30:45.703+0000] {logging_mixin.py:188} INFO - [2026-04-24T08:30:45.701+0000] {dag.py:3036} INFO - Sync 1 DAGs
[2026-04-24T08:30:46.051+0000] {logging_mixin.py:188} INFO - [2026-04-24T08:30:46.038+0000] {dag.py:3823} INFO - Setting next_dagrun for weather_data_pipeline to 2026-04-24 06:00:00+00:00, run_after=2026-04-25 06:00:00+00:00
[2026-04-24T08:30:46.391+0000] {processor.py:183} INFO - Processing /opt/airflow/dags/weather_pipeline_dag.py took 1.735 seconds
[2026-04-24T08:31:17.377+0000] {processor.py:161} INFO - Started process (PID=4182) to work on /opt/airflow/dags/weather_pipeline_dag.py
[2026-04-24T08:31:17.384+0000] {processor.py:830} INFO - Processing file /opt/airflow/dags/weather_pipeline_dag.py for tasks to queue
[2026-04-24T08:31:17.393+0000] {logging_mixin.py:188} INFO - [2026-04-24T08:31:17.390+0000] {dagbag.py:538} INFO - Filling up the DagBag from /opt/airflow/dags/weather_pipeline_dag.py
[2026-04-24T08:31:17.617+0000] {processor.py:840} INFO - DAG(s) 'weather_data_pipeline' retrieved from /opt/airflow/dags/weather_pipeline_dag.py
[2026-04-24T08:31:18.091+0000] {logging_mixin.py:188} INFO - [2026-04-24T08:31:18.087+0000] {dag.py:3036} INFO - Sync 1 DAGs
[2026-04-24T08:31:18.629+0000] {logging_mixin.py:188} INFO - [2026-04-24T08:31:18.628+0000] {dag.py:3823} INFO - Setting next_dagrun for weather_data_pipeline to 2026-04-24 06:00:00+00:00, run_after=2026-04-25 06:00:00+00:00
[2026-04-24T08:31:19.111+0000] {processor.py:183} INFO - Processing /opt/airflow/dags/weather_pipeline_dag.py took 1.755 seconds
[2026-04-24T08:31:50.982+0000] {processor.py:161} INFO - Started process (PID=4193) to work on /opt/airflow/dags/weather_pipeline_dag.py
[2026-04-24T08:31:51.023+0000] {processor.py:830} INFO - Processing file /opt/airflow/dags/weather_pipeline_dag.py for tasks to queue
[2026-04-24T08:31:51.067+0000] {logging_mixin.py:188} INFO - [2026-04-24T08:31:51.053+0000] {dagbag.py:538} INFO - Filling up the DagBag from /opt/airflow/dags/weather_pipeline_dag.py
[2026-04-24T08:31:51.517+0000] {processor.py:840} INFO - DAG(s) 'weather_data_pipeline' retrieved from /opt/airflow/dags/weather_pipeline_dag.py
[2026-04-24T08:31:52.169+0000] {logging_mixin.py:188} INFO - [2026-04-24T08:31:52.166+0000] {dag.py:3036} INFO - Sync 1 DAGs
[2026-04-24T08:31:52.736+0000] {logging_mixin.py:188} INFO - [2026-04-24T08:31:52.734+0000] {dag.py:3823} INFO - Setting next_dagrun for weather_data_pipeline to 2026-04-24 06:00:00+00:00, run_after=2026-04-25 06:00:00+00:00
[2026-04-24T08:31:53.049+0000] {processor.py:183} INFO - Processing /opt/airflow/dags/weather_pipeline_dag.py took 2.137 seconds
[2026-04-24T08:32:23.556+0000] {processor.py:161} INFO - Started process (PID=4203) to work on /opt/airflow/dags/weather_pipeline_dag.py
[2026-04-24T08:32:23.587+0000] {processor.py:830} INFO - Processing file /opt/airflow/dags/weather_pipeline_dag.py for tasks to queue
[2026-04-24T08:32:23.617+0000] {logging_mixin.py:188} INFO - [2026-04-24T08:32:23.603+0000] {dagbag.py:538} INFO - Filling up the DagBag from /opt/airflow/dags/weather_pipeline_dag.py
[2026-04-24T08:32:24.227+0000] {processor.py:840} INFO - DAG(s) 'weather_data_pipeline' retrieved from /opt/airflow/dags/weather_pipeline_dag.py
[2026-04-24T08:32:24.915+0000] {logging_mixin.py:188} INFO - [2026-04-24T08:32:24.913+0000] {dag.py:3036} INFO - Sync 1 DAGs
[2026-04-24T08:32:25.554+0000] {logging_mixin.py:188} INFO - [2026-04-24T08:32:25.542+0000] {dag.py:3823} INFO - Setting next_dagrun for weather_data_pipeline to 2026-04-24 06:00:00+00:00, run_after=2026-04-25 06:00:00+00:00
[2026-04-24T08:32:26.032+0000] {processor.py:183} INFO - Processing /opt/airflow/dags/weather_pipeline_dag.py took 2.566 seconds
[2026-04-24T08:32:57.181+0000] {processor.py:161} INFO - Started process (PID=4219) to work on /opt/airflow/dags/weather_pipeline_dag.py
[2026-04-24T08:32:57.193+0000] {processor.py:830} INFO - Processing file /opt/airflow/dags/weather_pipeline_dag.py for tasks to queue
[2026-04-24T08:32:57.206+0000] {logging_mixin.py:188} INFO - [2026-04-24T08:32:57.203+0000] {dagbag.py:538} INFO - Filling up the DagBag from /opt/airflow/dags/weather_pipeline_dag.py
[2026-04-24T08:32:57.489+0000] {processor.py:840} INFO - DAG(s) 'weather_data_pipeline' retrieved from /opt/airflow/dags/weather_pipeline_dag.py
[2026-04-24T08:32:57.655+0000] {logging_mixin.py:188} INFO - [2026-04-24T08:32:57.654+0000] {dag.py:3036} INFO - Sync 1 DAGs
[2026-04-24T08:32:57.953+0000] {logging_mixin.py:188} INFO - [2026-04-24T08:32:57.951+0000] {dag.py:3823} INFO - Setting next_dagrun for weather_data_pipeline to 2026-04-24 06:00:00+00:00, run_after=2026-04-25 06:00:00+00:00
[2026-04-24T08:32:58.214+0000] {processor.py:183} INFO - Processing /opt/airflow/dags/weather_pipeline_dag.py took 1.081 seconds
[2026-04-24T08:33:28.977+0000] {processor.py:161} INFO - Started process (PID=4230) to work on /opt/airflow/dags/weather_pipeline_dag.py
[2026-04-24T08:33:28.983+0000] {processor.py:830} INFO - Processing file /opt/airflow/dags/weather_pipeline_dag.py for tasks to queue
[2026-04-24T08:33:28.989+0000] {logging_mixin.py:188} INFO - [2026-04-24T08:33:28.987+0000] {dagbag.py:538} INFO - Filling up the DagBag from /opt/airflow/dags/weather_pipeline_dag.py
[2026-04-24T08:33:29.199+0000] {processor.py:840} INFO - DAG(s) 'weather_data_pipeline' retrieved from /opt/airflow/dags/weather_pipeline_dag.py
[2026-04-24T08:33:29.435+0000] {logging_mixin.py:188} INFO - [2026-04-24T08:33:29.434+0000] {dag.py:3036} INFO - Sync 1 DAGs
[2026-04-24T08:33:29.839+0000] {logging_mixin.py:188} INFO - [2026-04-24T08:33:29.832+0000] {dag.py:3823} INFO - Setting next_dagrun for weather_data_pipeline to 2026-04-24 06:00:00+00:00, run_after=2026-04-25 06:00:00+00:00
[2026-04-24T08:33:30.243+0000] {processor.py:183} INFO - Processing /opt/airflow/dags/weather_pipeline_dag.py took 1.296 seconds
[2026-04-24T08:34:01.299+0000] {processor.py:161} INFO - Started process (PID=4241) to work on /opt/airflow/dags/weather_pipeline_dag.py
[2026-04-24T08:34:01.309+0000] {processor.py:830} INFO - Processing file /opt/airflow/dags/weather_pipeline_dag.py for tasks to queue
[2026-04-24T08:34:01.320+0000] {logging_mixin.py:188} INFO - [2026-04-24T08:34:01.317+0000] {dagbag.py:538} INFO - Filling up the DagBag from /opt/airflow/dags/weather_pipeline_dag.py
[2026-04-24T08:34:02.030+0000] {processor.py:840} INFO - DAG(s) 'weather_data_pipeline' retrieved from /opt/airflow/dags/weather_pipeline_dag.py
[2026-04-24T08:34:02.218+0000] {logging_mixin.py:188} INFO - [2026-04-24T08:34:02.216+0000] {dag.py:3036} INFO - Sync 1 DAGs
[2026-04-24T08:34:02.372+0000] {logging_mixin.py:188} INFO - [2026-04-24T08:34:02.371+0000] {dag.py:3823} INFO - Setting next_dagrun for weather_data_pipeline to 2026-04-24 06:00:00+00:00, run_after=2026-04-25 06:00:00+00:00
[2026-04-24T08:34:02.482+0000] {processor.py:183} INFO - Processing /opt/airflow/dags/weather_pipeline_dag.py took 1.217 seconds
[2026-04-24T08:34:33.030+0000] {processor.py:161} INFO - Started process (PID=4252) to work on /opt/airflow/dags/weather_pipeline_dag.py
[2026-04-24T08:34:33.038+0000] {processor.py:830} INFO - Processing file /opt/airflow/dags/weather_pipeline_dag.py for tasks to queue
[2026-04-24T08:34:33.045+0000] {logging_mixin.py:188} INFO - [2026-04-24T08:34:33.042+0000] {dagbag.py:538} INFO - Filling up the DagBag from /opt/airflow/dags/weather_pipeline_dag.py
[2026-04-24T08:34:33.235+0000] {processor.py:840} INFO - DAG(s) 'weather_data_pipeline' retrieved from /opt/airflow/dags/weather_pipeline_dag.py
[2026-04-24T08:34:33.422+0000] {logging_mixin.py:188} INFO - [2026-04-24T08:34:33.421+0000] {dag.py:3036} INFO - Sync 1 DAGs
[2026-04-24T08:34:33.696+0000] {logging_mixin.py:188} INFO - [2026-04-24T08:34:33.694+0000] {dag.py:3823} INFO - Setting next_dagrun for weather_data_pipeline to 2026-04-24 06:00:00+00:00, run_after=2026-04-25 06:00:00+00:00
[2026-04-24T08:34:33.994+0000] {processor.py:183} INFO - Processing /opt/airflow/dags/weather_pipeline_dag.py took 0.999 seconds
[2026-04-24T08:35:04.948+0000] {processor.py:161} INFO - Started process (PID=4264) to work on /opt/airflow/dags/weather_pipeline_dag.py
[2026-04-24T08:35:04.962+0000] {processor.py:830} INFO - Processing file /opt/airflow/dags/weather_pipeline_dag.py for tasks to queue
[2026-04-24T08:35:04.973+0000] {logging_mixin.py:188} INFO - [2026-04-24T08:35:04.969+0000] {dagbag.py:538} INFO - Filling up the DagBag from /opt/airflow/dags/weather_pipeline_dag.py
[2026-04-24T08:35:05.214+0000] {processor.py:840} INFO - DAG(s) 'weather_data_pipeline' retrieved from /opt/airflow/dags/weather_pipeline_dag.py
[2026-04-24T08:35:05.430+0000] {logging_mixin.py:188} INFO - [2026-04-24T08:35:05.428+0000] {dag.py:3036} INFO - Sync 1 DAGs
[2026-04-24T08:35:05.669+0000] {logging_mixin.py:188} INFO - [2026-04-24T08:35:05.666+0000] {dag.py:3823} INFO - Setting next_dagrun for weather_data_pipeline to 2026-04-24 06:00:00+00:00, run_after=2026-04-25 06:00:00+00:00
[2026-04-24T08:35:05.812+0000] {processor.py:183} INFO - Processing /opt/airflow/dags/weather_pipeline_dag.py took 0.941 seconds
[2026-04-24T08:35:36.229+0000] {processor.py:161} INFO - Started process (PID=4274) to work on /opt/airflow/dags/weather_pipeline_dag.py
[2026-04-24T08:35:36.250+0000] {processor.py:830} INFO - Processing file /opt/airflow/dags/weather_pipeline_dag.py for tasks to queue
[2026-04-24T08:35:36.268+0000] {logging_mixin.py:188} INFO - [2026-04-24T08:35:36.266+0000] {dagbag.py:538} INFO - Filling up the DagBag from /opt/airflow/dags/weather_pipeline_dag.py
[2026-04-24T08:35:36.966+0000] {processor.py:840} INFO - DAG(s) 'weather_data_pipeline' retrieved from /opt/airflow/dags/weather_pipeline_dag.py
[2026-04-24T08:35:37.490+0000] {logging_mixin.py:188} INFO - [2026-04-24T08:35:37.489+0000] {dag.py:3036} INFO - Sync 1 DAGs
[2026-04-24T08:35:38.007+0000] {logging_mixin.py:188} INFO - [2026-04-24T08:35:38.005+0000] {dag.py:3823} INFO - Setting next_dagrun for weather_data_pipeline to 2026-04-24 06:00:00+00:00, run_after=2026-04-25 06:00:00+00:00
[2026-04-24T08:35:38.396+0000] {processor.py:183} INFO - Processing /opt/airflow/dags/weather_pipeline_dag.py took 2.224 seconds
[2026-04-24T08:36:08.940+0000] {processor.py:161} INFO - Started process (PID=4285) to work on /opt/airflow/dags/weather_pipeline_dag.py
[2026-04-24T08:36:08.951+0000] {processor.py:830} INFO - Processing file /opt/airflow/dags/weather_pipeline_dag.py for tasks to queue
[2026-04-24T08:36:08.962+0000] {logging_mixin.py:188} INFO - [2026-04-24T08:36:08.959+0000] {dagbag.py:538} INFO - Filling up the DagBag from /opt/airflow/dags/weather_pipeline_dag.py
[2026-04-24T08:36:09.354+0000] {processor.py:840} INFO - DAG(s) 'weather_data_pipeline' retrieved from /opt/airflow/dags/weather_pipeline_dag.py
[2026-04-24T08:36:10.883+0000] {logging_mixin.py:188} INFO - [2026-04-24T08:36:10.879+0000] {dag.py:3036} INFO - Sync 1 DAGs
[2026-04-24T08:36:09.470+0000] {logging_mixin.py:188} INFO - [2026-04-24T08:36:09.455+0000] {dag.py:3823} INFO - Setting next_dagrun for weather_data_pipeline to 2026-04-24 06:00:00+00:00, run_after=2026-04-25 06:00:00+00:00
[2026-04-24T08:36:10.247+0000] {processor.py:183} INFO - Processing /opt/airflow/dags/weather_pipeline_dag.py took 2.753 seconds
[2026-04-24T08:36:42.080+0000] {processor.py:161} INFO - Started process (PID=4297) to work on /opt/airflow/dags/weather_pipeline_dag.py
[2026-04-24T08:36:42.097+0000] {processor.py:830} INFO - Processing file /opt/airflow/dags/weather_pipeline_dag.py for tasks to queue
[2026-04-24T08:36:42.123+0000] {logging_mixin.py:188} INFO - [2026-04-24T08:36:42.111+0000] {dagbag.py:538} INFO - Filling up the DagBag from /opt/airflow/dags/weather_pipeline_dag.py
[2026-04-24T08:36:42.790+0000] {processor.py:840} INFO - DAG(s) 'weather_data_pipeline' retrieved from /opt/airflow/dags/weather_pipeline_dag.py
[2026-04-24T08:36:43.533+0000] {logging_mixin.py:188} INFO - [2026-04-24T08:36:43.530+0000] {dag.py:3036} INFO - Sync 1 DAGs
[2026-04-24T08:36:44.045+0000] {logging_mixin.py:188} INFO - [2026-04-24T08:36:44.042+0000] {dag.py:3823} INFO - Setting next_dagrun for weather_data_pipeline to 2026-04-24 06:00:00+00:00, run_after=2026-04-25 06:00:00+00:00
[2026-04-24T08:36:44.352+0000] {processor.py:183} INFO - Processing /opt/airflow/dags/weather_pipeline_dag.py took 2.326 seconds
[2026-04-24T08:37:14.935+0000] {processor.py:161} INFO - Started process (PID=4307) to work on /opt/airflow/dags/weather_pipeline_dag.py
[2026-04-24T08:37:14.952+0000] {processor.py:830} INFO - Processing file /opt/airflow/dags/weather_pipeline_dag.py for tasks to queue
[2026-04-24T08:37:14.975+0000] {logging_mixin.py:188} INFO - [2026-04-24T08:37:14.972+0000] {dagbag.py:538} INFO - Filling up the DagBag from /opt/airflow/dags/weather_pipeline_dag.py
[2026-04-24T08:37:15.307+0000] {processor.py:840} INFO - DAG(s) 'weather_data_pipeline' retrieved from /opt/airflow/dags/weather_pipeline_dag.py
[2026-04-24T08:37:15.834+0000] {logging_mixin.py:188} INFO - [2026-04-24T08:37:15.831+0000] {dag.py:3036} INFO - Sync 1 DAGs
[2026-04-24T08:37:16.367+0000] {logging_mixin.py:188} INFO - [2026-04-24T08:37:16.365+0000] {dag.py:3823} INFO - Setting next_dagrun for weather_data_pipeline to 2026-04-24 06:00:00+00:00, run_after=2026-04-25 06:00:00+00:00
[2026-04-24T08:37:16.888+0000] {processor.py:183} INFO - Processing /opt/airflow/dags/weather_pipeline_dag.py took 1.982 seconds
[2026-04-24T08:37:48.351+0000] {processor.py:161} INFO - Started process (PID=4318) to work on /opt/airflow/dags/weather_pipeline_dag.py
[2026-04-24T08:37:48.370+0000] {processor.py:830} INFO - Processing file /opt/airflow/dags/weather_pipeline_dag.py for tasks to queue
[2026-04-24T08:37:48.392+0000] {logging_mixin.py:188} INFO - [2026-04-24T08:37:48.390+0000] {dagbag.py:538} INFO - Filling up the DagBag from /opt/airflow/dags/weather_pipeline_dag.py
[2026-04-24T08:37:48.805+0000] {processor.py:840} INFO - DAG(s) 'weather_data_pipeline' retrieved from /opt/airflow/dags/weather_pipeline_dag.py
[2026-04-24T08:37:49.080+0000] {logging_mixin.py:188} INFO - [2026-04-24T08:37:49.078+0000] {dag.py:3036} INFO - Sync 1 DAGs
[2026-04-24T08:37:49.451+0000] {logging_mixin.py:188} INFO - [2026-04-24T08:37:49.443+0000] {dag.py:3823} INFO - Setting next_dagrun for weather_data_pipeline to 2026-04-24 06:00:00+00:00, run_after=2026-04-25 06:00:00+00:00
[2026-04-24T08:37:49.724+0000] {processor.py:183} INFO - Processing /opt/airflow/dags/weather_pipeline_dag.py took 1.710 seconds
[2026-04-24T08:38:20.594+0000] {processor.py:161} INFO - Started process (PID=4335) to work on /opt/airflow/dags/weather_pipeline_dag.py
[2026-04-24T08:38:20.615+0000] {processor.py:830} INFO - Processing file /opt/airflow/dags/weather_pipeline_dag.py for tasks to queue
[2026-04-24T08:38:20.645+0000] {logging_mixin.py:188} INFO - [2026-04-24T08:38:20.632+0000] {dagbag.py:538} INFO - Filling up the DagBag from /opt/airflow/dags/weather_pipeline_dag.py
[2026-04-24T08:38:21.215+0000] {processor.py:840} INFO - DAG(s) 'weather_data_pipeline' retrieved from /opt/airflow/dags/weather_pipeline_dag.py
[2026-04-24T08:38:22.008+0000] {logging_mixin.py:188} INFO - [2026-04-24T08:38:22.006+0000] {dag.py:3036} INFO - Sync 1 DAGs
[2026-04-24T08:38:22.634+0000] {logging_mixin.py:188} INFO - [2026-04-24T08:38:22.632+0000] {dag.py:3823} INFO - Setting next_dagrun for weather_data_pipeline to 2026-04-24 06:00:00+00:00, run_after=2026-04-25 06:00:00+00:00
[2026-04-24T08:38:23.012+0000] {processor.py:183} INFO - Processing /opt/airflow/dags/weather_pipeline_dag.py took 2.506 seconds
[2026-04-24T08:38:54.095+0000] {processor.py:161} INFO - Started process (PID=4346) to work on /opt/airflow/dags/weather_pipeline_dag.py
[2026-04-24T08:38:54.116+0000] {processor.py:830} INFO - Processing file /opt/airflow/dags/weather_pipeline_dag.py for tasks to queue
[2026-04-24T08:38:54.138+0000] {logging_mixin.py:188} INFO - [2026-04-24T08:38:54.125+0000] {dagbag.py:538} INFO - Filling up the DagBag from /opt/airflow/dags/weather_pipeline_dag.py
[2026-04-24T08:38:55.002+0000] {processor.py:840} INFO - DAG(s) 'weather_data_pipeline' retrieved from /opt/airflow/dags/weather_pipeline_dag.py
[2026-04-24T08:38:55.856+0000] {logging_mixin.py:188} INFO - [2026-04-24T08:38:55.842+0000] {dag.py:3036} INFO - Sync 1 DAGs
[2026-04-24T08:38:56.671+0000] {logging_mixin.py:188} INFO - [2026-04-24T08:38:56.655+0000] {dag.py:3823} INFO - Setting next_dagrun for weather_data_pipeline to 2026-04-24 06:00:00+00:00, run_after=2026-04-25 06:00:00+00:00
[2026-04-24T08:38:57.206+0000] {processor.py:183} INFO - Processing /opt/airflow/dags/weather_pipeline_dag.py took 3.158 seconds
[2026-04-24T08:39:28.216+0000] {processor.py:161} INFO - Started process (PID=4357) to work on /opt/airflow/dags/weather_pipeline_dag.py
[2026-04-24T08:39:28.225+0000] {processor.py:830} INFO - Processing file /opt/airflow/dags/weather_pipeline_dag.py for tasks to queue
[2026-04-24T08:39:28.237+0000] {logging_mixin.py:188} INFO - [2026-04-24T08:39:28.233+0000] {dagbag.py:538} INFO - Filling up the DagBag from /opt/airflow/dags/weather_pipeline_dag.py
[2026-04-24T08:39:28.470+0000] {processor.py:840} INFO - DAG(s) 'weather_data_pipeline' retrieved from /opt/airflow/dags/weather_pipeline_dag.py
[2026-04-24T08:39:28.698+0000] {logging_mixin.py:188} INFO - [2026-04-24T08:39:28.697+0000] {dag.py:3036} INFO - Sync 1 DAGs
[2026-04-24T08:39:28.925+0000] {logging_mixin.py:188} INFO - [2026-04-24T08:39:28.924+0000] {dag.py:3823} INFO - Setting next_dagrun for weather_data_pipeline to 2026-04-24 06:00:00+00:00, run_after=2026-04-25 06:00:00+00:00
[2026-04-24T08:39:29.278+0000] {processor.py:183} INFO - Processing /opt/airflow/dags/weather_pipeline_dag.py took 1.088 seconds
[2026-04-24T08:40:00.297+0000] {processor.py:161} INFO - Started process (PID=4368) to work on /opt/airflow/dags/weather_pipeline_dag.py
[2026-04-24T08:40:00.319+0000] {processor.py:830} INFO - Processing file /opt/airflow/dags/weather_pipeline_dag.py for tasks to queue
[2026-04-24T08:40:00.349+0000] {logging_mixin.py:188} INFO - [2026-04-24T08:40:00.346+0000] {dagbag.py:538} INFO - Filling up the DagBag from /opt/airflow/dags/weather_pipeline_dag.py
[2026-04-24T08:40:01.114+0000] {processor.py:840} INFO - DAG(s) 'weather_data_pipeline' retrieved from /opt/airflow/dags/weather_pipeline_dag.py
[2026-04-24T08:40:01.300+0000] {logging_mixin.py:188} INFO - [2026-04-24T08:40:01.299+0000] {dag.py:3036} INFO - Sync 1 DAGs
[2026-04-24T08:40:01.448+0000] {logging_mixin.py:188} INFO - [2026-04-24T08:40:01.447+0000] {dag.py:3823} INFO - Setting next_dagrun for weather_data_pipeline to 2026-04-24 06:00:00+00:00, run_after=2026-04-25 06:00:00+00:00
[2026-04-24T08:40:01.589+0000] {processor.py:183} INFO - Processing /opt/airflow/dags/weather_pipeline_dag.py took 1.404 seconds
[2026-04-24T08:40:32.819+0000] {processor.py:161} INFO - Started process (PID=4378) to work on /opt/airflow/dags/weather_pipeline_dag.py
[2026-04-24T08:40:32.861+0000] {processor.py:830} INFO - Processing file /opt/airflow/dags/weather_pipeline_dag.py for tasks to queue
[2026-04-24T08:40:32.895+0000] {logging_mixin.py:188} INFO - [2026-04-24T08:40:32.883+0000] {dagbag.py:538} INFO - Filling up the DagBag from /opt/airflow/dags/weather_pipeline_dag.py
[2026-04-24T08:40:33.272+0000] {processor.py:840} INFO - DAG(s) 'weather_data_pipeline' retrieved from /opt/airflow/dags/weather_pipeline_dag.py
[2026-04-24T08:40:33.745+0000] {logging_mixin.py:188} INFO - [2026-04-24T08:40:33.743+0000] {dag.py:3036} INFO - Sync 1 DAGs
[2026-04-24T08:40:34.148+0000] {logging_mixin.py:188} INFO - [2026-04-24T08:40:34.147+0000] {dag.py:3823} INFO - Setting next_dagrun for weather_data_pipeline to 2026-04-24 06:00:00+00:00, run_after=2026-04-25 06:00:00+00:00
[2026-04-24T08:40:34.562+0000] {processor.py:183} INFO - Processing /opt/airflow/dags/weather_pipeline_dag.py took 1.865 seconds
[2026-04-24T08:41:05.370+0000] {processor.py:161} INFO - Started process (PID=4389) to work on /opt/airflow/dags/weather_pipeline_dag.py
[2026-04-24T08:41:05.376+0000] {processor.py:830} INFO - Processing file /opt/airflow/dags/weather_pipeline_dag.py for tasks to queue
[2026-04-24T08:41:05.384+0000] {logging_mixin.py:188} INFO - [2026-04-24T08:41:05.382+0000] {dagbag.py:538} INFO - Filling up the DagBag from /opt/airflow/dags/weather_pipeline_dag.py
[2026-04-24T08:41:05.689+0000] {processor.py:840} INFO - DAG(s) 'weather_data_pipeline' retrieved from /opt/airflow/dags/weather_pipeline_dag.py
[2026-04-24T08:41:05.888+0000] {logging_mixin.py:188} INFO - [2026-04-24T08:41:05.886+0000] {dag.py:3036} INFO - Sync 1 DAGs
[2026-04-24T08:41:06.042+0000] {logging_mixin.py:188} INFO - [2026-04-24T08:41:06.040+0000] {dag.py:3823} INFO - Setting next_dagrun for weather_data_pipeline to 2026-04-24 06:00:00+00:00, run_after=2026-04-25 06:00:00+00:00
[2026-04-24T08:41:06.339+0000] {processor.py:183} INFO - Processing /opt/airflow/dags/weather_pipeline_dag.py took 0.991 seconds
[2026-04-24T08:41:37.041+0000] {processor.py:161} INFO - Started process (PID=4401) to work on /opt/airflow/dags/weather_pipeline_dag.py
[2026-04-24T08:41:37.049+0000] {processor.py:830} INFO - Processing file /opt/airflow/dags/weather_pipeline_dag.py for tasks to queue
[2026-04-24T08:41:37.062+0000] {logging_mixin.py:188} INFO - [2026-04-24T08:41:37.058+0000] {dagbag.py:538} INFO - Filling up the DagBag from /opt/airflow/dags/weather_pipeline_dag.py
[2026-04-24T08:41:37.334+0000] {processor.py:840} INFO - DAG(s) 'weather_data_pipeline' retrieved from /opt/airflow/dags/weather_pipeline_dag.py
[2026-04-24T08:41:37.564+0000] {logging_mixin.py:188} INFO - [2026-04-24T08:41:37.560+0000] {dag.py:3036} INFO - Sync 1 DAGs
[2026-04-24T08:41:37.910+0000] {logging_mixin.py:188} INFO - [2026-04-24T08:41:37.908+0000] {dag.py:3823} INFO - Setting next_dagrun for weather_data_pipeline to 2026-04-24 06:00:00+00:00, run_after=2026-04-25 06:00:00+00:00
[2026-04-24T08:41:38.330+0000] {processor.py:183} INFO - Processing /opt/airflow/dags/weather_pipeline_dag.py took 1.319 seconds
[2026-04-24T08:42:09.085+0000] {processor.py:161} INFO - Started process (PID=4412) to work on /opt/airflow/dags/weather_pipeline_dag.py
[2026-04-24T08:42:09.093+0000] {processor.py:830} INFO - Processing file /opt/airflow/dags/weather_pipeline_dag.py for tasks to queue
[2026-04-24T08:42:09.108+0000] {logging_mixin.py:188} INFO - [2026-04-24T08:42:09.103+0000] {dagbag.py:538} INFO - Filling up the DagBag from /opt/airflow/dags/weather_pipeline_dag.py
[2026-04-24T08:42:09.388+0000] {processor.py:840} INFO - DAG(s) 'weather_data_pipeline' retrieved from /opt/airflow/dags/weather_pipeline_dag.py
[2026-04-24T08:42:09.606+0000] {logging_mixin.py:188} INFO - [2026-04-24T08:42:09.604+0000] {dag.py:3036} INFO - Sync 1 DAGs
[2026-04-24T08:42:09.824+0000] {logging_mixin.py:188} INFO - [2026-04-24T08:42:09.823+0000] {dag.py:3823} INFO - Setting next_dagrun for weather_data_pipeline to 2026-04-24 06:00:00+00:00, run_after=2026-04-25 06:00:00+00:00
[2026-04-24T08:42:09.971+0000] {processor.py:183} INFO - Processing /opt/airflow/dags/weather_pipeline_dag.py took 0.910 seconds
[2026-04-24T08:42:40.573+0000] {processor.py:161} INFO - Started process (PID=4423) to work on /opt/airflow/dags/weather_pipeline_dag.py
[2026-04-24T08:42:40.606+0000] {processor.py:830} INFO - Processing file /opt/airflow/dags/weather_pipeline_dag.py for tasks to queue
[2026-04-24T08:42:40.623+0000] {logging_mixin.py:188} INFO - [2026-04-24T08:42:40.616+0000] {dagbag.py:538} INFO - Filling up the DagBag from /opt/airflow/dags/weather_pipeline_dag.py
[2026-04-24T08:42:40.971+0000] {processor.py:840} INFO - DAG(s) 'weather_data_pipeline' retrieved from /opt/airflow/dags/weather_pipeline_dag.py
[2026-04-24T08:42:41.336+0000] {logging_mixin.py:188} INFO - [2026-04-24T08:42:41.333+0000] {dag.py:3036} INFO - Sync 1 DAGs
[2026-04-24T08:42:40.287+0000] {logging_mixin.py:188} INFO - [2026-04-24T08:42:40.278+0000] {dag.py:3823} INFO - Setting next_dagrun for weather_data_pipeline to 2026-04-24 06:00:00+00:00, run_after=2026-04-25 06:00:00+00:00
[2026-04-24T08:42:40.844+0000] {processor.py:183} INFO - Processing /opt/airflow/dags/weather_pipeline_dag.py took 2.521 seconds
[2026-04-24T08:43:12.064+0000] {processor.py:161} INFO - Started process (PID=4440) to work on /opt/airflow/dags/weather_pipeline_dag.py
[2026-04-24T08:43:12.081+0000] {processor.py:830} INFO - Processing file /opt/airflow/dags/weather_pipeline_dag.py for tasks to queue
[2026-04-24T08:43:12.106+0000] {logging_mixin.py:188} INFO - [2026-04-24T08:43:12.093+0000] {dagbag.py:538} INFO - Filling up the DagBag from /opt/airflow/dags/weather_pipeline_dag.py
[2026-04-24T08:43:12.739+0000] {processor.py:840} INFO - DAG(s) 'weather_data_pipeline' retrieved from /opt/airflow/dags/weather_pipeline_dag.py
[2026-04-24T08:43:13.570+0000] {logging_mixin.py:188} INFO - [2026-04-24T08:43:13.564+0000] {dag.py:3036} INFO - Sync 1 DAGs
[2026-04-24T08:43:14.243+0000] {logging_mixin.py:188} INFO - [2026-04-24T08:43:14.241+0000] {dag.py:3823} INFO - Setting next_dagrun for weather_data_pipeline to 2026-04-24 06:00:00+00:00, run_after=2026-04-25 06:00:00+00:00
[2026-04-24T08:43:14.688+0000] {processor.py:183} INFO - Processing /opt/airflow/dags/weather_pipeline_dag.py took 2.711 seconds
[2026-04-24T08:43:47.421+0000] {processor.py:161} INFO - Started process (PID=4451) to work on /opt/airflow/dags/weather_pipeline_dag.py
[2026-04-24T08:43:47.468+0000] {processor.py:830} INFO - Processing file /opt/airflow/dags/weather_pipeline_dag.py for tasks to queue
[2026-04-24T08:43:47.525+0000] {logging_mixin.py:188} INFO - [2026-04-24T08:43:47.522+0000] {dagbag.py:538} INFO - Filling up the DagBag from /opt/airflow/dags/weather_pipeline_dag.py
[2026-04-24T08:43:48.697+0000] {processor.py:840} INFO - DAG(s) 'weather_data_pipeline' retrieved from /opt/airflow/dags/weather_pipeline_dag.py
[2026-04-24T08:43:49.627+0000] {logging_mixin.py:188} INFO - [2026-04-24T08:43:49.613+0000] {dag.py:3036} INFO - Sync 1 DAGs
[2026-04-24T08:43:50.478+0000] {logging_mixin.py:188} INFO - [2026-04-24T08:43:50.476+0000] {dag.py:3823} INFO - Setting next_dagrun for weather_data_pipeline to 2026-04-24 06:00:00+00:00, run_after=2026-04-25 06:00:00+00:00
[2026-04-24T08:43:51.068+0000] {processor.py:183} INFO - Processing /opt/airflow/dags/weather_pipeline_dag.py took 3.719 seconds
[2026-04-24T08:44:22.289+0000] {processor.py:161} INFO - Started process (PID=4462) to work on /opt/airflow/dags/weather_pipeline_dag.py
[2026-04-24T08:44:22.334+0000] {processor.py:830} INFO - Processing file /opt/airflow/dags/weather_pipeline_dag.py for tasks to queue
[2026-04-24T08:44:22.360+0000] {logging_mixin.py:188} INFO - [2026-04-24T08:44:22.343+0000] {dagbag.py:538} INFO - Filling up the DagBag from /opt/airflow/dags/weather_pipeline_dag.py
[2026-04-24T08:44:22.892+0000] {processor.py:840} INFO - DAG(s) 'weather_data_pipeline' retrieved from /opt/airflow/dags/weather_pipeline_dag.py
[2026-04-24T08:44:23.184+0000] {logging_mixin.py:188} INFO - [2026-04-24T08:44:23.183+0000] {dag.py:3036} INFO - Sync 1 DAGs
[2026-04-24T08:44:23.747+0000] {logging_mixin.py:188} INFO - [2026-04-24T08:44:23.732+0000] {dag.py:3823} INFO - Setting next_dagrun for weather_data_pipeline to 2026-04-24 06:00:00+00:00, run_after=2026-04-25 06:00:00+00:00
[2026-04-24T08:44:24.103+0000] {processor.py:183} INFO - Processing /opt/airflow/dags/weather_pipeline_dag.py took 2.062 seconds
[2026-04-24T08:44:54.897+0000] {processor.py:161} INFO - Started process (PID=4472) to work on /opt/airflow/dags/weather_pipeline_dag.py
[2026-04-24T08:44:54.912+0000] {processor.py:830} INFO - Processing file /opt/airflow/dags/weather_pipeline_dag.py for tasks to queue
[2026-04-24T08:44:54.933+0000] {logging_mixin.py:188} INFO - [2026-04-24T08:44:54.930+0000] {dagbag.py:538} INFO - Filling up the DagBag from /opt/airflow/dags/weather_pipeline_dag.py
[2026-04-24T08:44:55.263+0000] {processor.py:840} INFO - DAG(s) 'weather_data_pipeline' retrieved from /opt/airflow/dags/weather_pipeline_dag.py
[2026-04-24T08:44:55.669+0000] {logging_mixin.py:188} INFO - [2026-04-24T08:44:55.666+0000] {dag.py:3036} INFO - Sync 1 DAGs
[2026-04-24T08:44:56.079+0000] {logging_mixin.py:188} INFO - [2026-04-24T08:44:56.077+0000] {dag.py:3823} INFO - Setting next_dagrun for weather_data_pipeline to 2026-04-24 06:00:00+00:00, run_after=2026-04-25 06:00:00+00:00
[2026-04-24T08:44:56.302+0000] {processor.py:183} INFO - Processing /opt/airflow/dags/weather_pipeline_dag.py took 1.443 seconds
[2026-04-24T08:45:26.743+0000] {processor.py:161} INFO - Started process (PID=4482) to work on /opt/airflow/dags/weather_pipeline_dag.py
[2026-04-24T08:45:26.763+0000] {processor.py:830} INFO - Processing file /opt/airflow/dags/weather_pipeline_dag.py for tasks to queue
[2026-04-24T08:45:26.790+0000] {logging_mixin.py:188} INFO - [2026-04-24T08:45:26.782+0000] {dagbag.py:538} INFO - Filling up the DagBag from /opt/airflow/dags/weather_pipeline_dag.py
[2026-04-24T08:45:27.366+0000] {processor.py:840} INFO - DAG(s) 'weather_data_pipeline' retrieved from /opt/airflow/dags/weather_pipeline_dag.py
[2026-04-24T08:45:27.718+0000] {logging_mixin.py:188} INFO - [2026-04-24T08:45:27.716+0000] {dag.py:3036} INFO - Sync 1 DAGs
[2026-04-24T08:45:26.577+0000] {logging_mixin.py:188} INFO - [2026-04-24T08:45:26.563+0000] {dag.py:3823} INFO - Setting next_dagrun for weather_data_pipeline to 2026-04-24 06:00:00+00:00, run_after=2026-04-25 06:00:00+00:00
[2026-04-24T08:45:26.944+0000] {processor.py:183} INFO - Processing /opt/airflow/dags/weather_pipeline_dag.py took 2.567 seconds
[2026-04-24T08:45:58.360+0000] {processor.py:161} INFO - Started process (PID=4493) to work on /opt/airflow/dags/weather_pipeline_dag.py
[2026-04-24T08:45:58.371+0000] {processor.py:830} INFO - Processing file /opt/airflow/dags/weather_pipeline_dag.py for tasks to queue
[2026-04-24T08:45:58.389+0000] {logging_mixin.py:188} INFO - [2026-04-24T08:45:58.380+0000] {dagbag.py:538} INFO - Filling up the DagBag from /opt/airflow/dags/weather_pipeline_dag.py
[2026-04-24T08:45:58.779+0000] {processor.py:840} INFO - DAG(s) 'weather_data_pipeline' retrieved from /opt/airflow/dags/weather_pipeline_dag.py
[2026-04-24T08:45:59.301+0000] {logging_mixin.py:188} INFO - [2026-04-24T08:45:59.299+0000] {dag.py:3036} INFO - Sync 1 DAGs
[2026-04-24T08:46:00.119+0000] {logging_mixin.py:188} INFO - [2026-04-24T08:46:00.117+0000] {dag.py:3823} INFO - Setting next_dagrun for weather_data_pipeline to 2026-04-24 06:00:00+00:00, run_after=2026-04-25 06:00:00+00:00
[2026-04-24T08:46:00.742+0000] {processor.py:183} INFO - Processing /opt/airflow/dags/weather_pipeline_dag.py took 2.450 seconds
[2026-04-24T08:46:31.619+0000] {processor.py:161} INFO - Started process (PID=4510) to work on /opt/airflow/dags/weather_pipeline_dag.py
[2026-04-24T08:46:31.627+0000] {processor.py:830} INFO - Processing file /opt/airflow/dags/weather_pipeline_dag.py for tasks to queue
[2026-04-24T08:46:31.635+0000] {logging_mixin.py:188} INFO - [2026-04-24T08:46:31.633+0000] {dagbag.py:538} INFO - Filling up the DagBag from /opt/airflow/dags/weather_pipeline_dag.py
[2026-04-24T08:46:31.838+0000] {processor.py:840} INFO - DAG(s) 'weather_data_pipeline' retrieved from /opt/airflow/dags/weather_pipeline_dag.py
[2026-04-24T08:46:32.122+0000] {logging_mixin.py:188} INFO - [2026-04-24T08:46:32.120+0000] {dag.py:3036} INFO - Sync 1 DAGs
[2026-04-24T08:46:32.460+0000] {logging_mixin.py:188} INFO - [2026-04-24T08:46:32.458+0000] {dag.py:3823} INFO - Setting next_dagrun for weather_data_pipeline to 2026-04-24 06:00:00+00:00, run_after=2026-04-25 06:00:00+00:00
[2026-04-24T08:46:32.807+0000] {processor.py:183} INFO - Processing /opt/airflow/dags/weather_pipeline_dag.py took 1.229 seconds
[2026-04-24T08:47:03.158+0000] {processor.py:161} INFO - Started process (PID=4521) to work on /opt/airflow/dags/weather_pipeline_dag.py
[2026-04-24T08:47:03.170+0000] {processor.py:830} INFO - Processing file /opt/airflow/dags/weather_pipeline_dag.py for tasks to queue
[2026-04-24T08:47:03.180+0000] {logging_mixin.py:188} INFO - [2026-04-24T08:47:03.177+0000] {dagbag.py:538} INFO - Filling up the DagBag from /opt/airflow/dags/weather_pipeline_dag.py
[2026-04-24T08:47:03.497+0000] {processor.py:840} INFO - DAG(s) 'weather_data_pipeline' retrieved from /opt/airflow/dags/weather_pipeline_dag.py
[2026-04-24T08:47:04.194+0000] {logging_mixin.py:188} INFO - [2026-04-24T08:47:04.192+0000] {dag.py:3036} INFO - Sync 1 DAGs
[2026-04-24T08:47:04.354+0000] {logging_mixin.py:188} INFO - [2026-04-24T08:47:04.352+0000] {dag.py:3823} INFO - Setting next_dagrun for weather_data_pipeline to 2026-04-24 06:00:00+00:00, run_after=2026-04-25 06:00:00+00:00
[2026-04-24T08:47:04.480+0000] {processor.py:183} INFO - Processing /opt/airflow/dags/weather_pipeline_dag.py took 1.353 seconds
[2026-04-24T08:47:34.955+0000] {processor.py:161} INFO - Started process (PID=4532) to work on /opt/airflow/dags/weather_pipeline_dag.py
[2026-04-24T08:47:34.964+0000] {processor.py:830} INFO - Processing file /opt/airflow/dags/weather_pipeline_dag.py for tasks to queue
[2026-04-24T08:47:34.972+0000] {logging_mixin.py:188} INFO - [2026-04-24T08:47:34.969+0000] {dagbag.py:538} INFO - Filling up the DagBag from /opt/airflow/dags/weather_pipeline_dag.py
[2026-04-24T08:47:35.227+0000] {processor.py:840} INFO - DAG(s) 'weather_data_pipeline' retrieved from /opt/airflow/dags/weather_pipeline_dag.py
[2026-04-24T08:47:35.452+0000] {logging_mixin.py:188} INFO - [2026-04-24T08:47:35.451+0000] {dag.py:3036} INFO - Sync 1 DAGs
[2026-04-24T08:47:35.687+0000] {logging_mixin.py:188} INFO - [2026-04-24T08:47:35.685+0000] {dag.py:3823} INFO - Setting next_dagrun for weather_data_pipeline to 2026-04-24 06:00:00+00:00, run_after=2026-04-25 06:00:00+00:00
[2026-04-24T08:47:35.971+0000] {processor.py:183} INFO - Processing /opt/airflow/dags/weather_pipeline_dag.py took 1.046 seconds
[2026-04-24T08:48:06.767+0000] {processor.py:161} INFO - Started process (PID=4543) to work on /opt/airflow/dags/weather_pipeline_dag.py
[2026-04-24T08:48:06.776+0000] {processor.py:830} INFO - Processing file /opt/airflow/dags/weather_pipeline_dag.py for tasks to queue
[2026-04-24T08:48:06.793+0000] {logging_mixin.py:188} INFO - [2026-04-24T08:48:06.790+0000] {dagbag.py:538} INFO - Filling up the DagBag from /opt/airflow/dags/weather_pipeline_dag.py
[2026-04-24T08:48:07.162+0000] {processor.py:840} INFO - DAG(s) 'weather_data_pipeline' retrieved from /opt/airflow/dags/weather_pipeline_dag.py
[2026-04-24T08:48:07.789+0000] {logging_mixin.py:188} INFO - [2026-04-24T08:48:07.786+0000] {dag.py:3036} INFO - Sync 1 DAGs
[2026-04-24T08:48:08.129+0000] {logging_mixin.py:188} INFO - [2026-04-24T08:48:08.127+0000] {dag.py:3823} INFO - Setting next_dagrun for weather_data_pipeline to 2026-04-24 06:00:00+00:00, run_after=2026-04-25 06:00:00+00:00
[2026-04-24T08:48:08.327+0000] {processor.py:183} INFO - Processing /opt/airflow/dags/weather_pipeline_dag.py took 1.624 seconds
[2026-04-24T08:48:39.250+0000] {processor.py:161} INFO - Started process (PID=4554) to work on /opt/airflow/dags/weather_pipeline_dag.py
[2026-04-24T08:48:39.260+0000] {processor.py:830} INFO - Processing file /opt/airflow/dags/weather_pipeline_dag.py for tasks to queue
[2026-04-24T08:48:39.276+0000] {logging_mixin.py:188} INFO - [2026-04-24T08:48:39.266+0000] {dagbag.py:538} INFO - Filling up the DagBag from /opt/airflow/dags/weather_pipeline_dag.py
[2026-04-24T08:48:39.511+0000] {processor.py:840} INFO - DAG(s) 'weather_data_pipeline' retrieved from /opt/airflow/dags/weather_pipeline_dag.py
[2026-04-24T08:48:39.784+0000] {logging_mixin.py:188} INFO - [2026-04-24T08:48:39.783+0000] {dag.py:3036} INFO - Sync 1 DAGs
[2026-04-24T08:48:40.039+0000] {logging_mixin.py:188} INFO - [2026-04-24T08:48:40.037+0000] {dag.py:3823} INFO - Setting next_dagrun for weather_data_pipeline to 2026-04-24 06:00:00+00:00, run_after=2026-04-25 06:00:00+00:00
[2026-04-24T08:48:40.261+0000] {processor.py:183} INFO - Processing /opt/airflow/dags/weather_pipeline_dag.py took 1.050 seconds
[2026-04-24T08:49:11.611+0000] {processor.py:161} INFO - Started process (PID=4565) to work on /opt/airflow/dags/weather_pipeline_dag.py
[2026-04-24T08:49:11.618+0000] {processor.py:830} INFO - Processing file /opt/airflow/dags/weather_pipeline_dag.py for tasks to queue
[2026-04-24T08:49:11.627+0000] {logging_mixin.py:188} INFO - [2026-04-24T08:49:11.625+0000] {dagbag.py:538} INFO - Filling up the DagBag from /opt/airflow/dags/weather_pipeline_dag.py
[2026-04-24T08:49:10.514+0000] {processor.py:840} INFO - DAG(s) 'weather_data_pipeline' retrieved from /opt/airflow/dags/weather_pipeline_dag.py
[2026-04-24T08:49:10.695+0000] {logging_mixin.py:188} INFO - [2026-04-24T08:49:10.692+0000] {dag.py:3036} INFO - Sync 1 DAGs
[2026-04-24T08:49:10.892+0000] {logging_mixin.py:188} INFO - [2026-04-24T08:49:10.889+0000] {dag.py:3823} INFO - Setting next_dagrun for weather_data_pipeline to 2026-04-24 06:00:00+00:00, run_after=2026-04-25 06:00:00+00:00
[2026-04-24T08:49:11.097+0000] {processor.py:183} INFO - Processing /opt/airflow/dags/weather_pipeline_dag.py took 0.821 seconds
[2026-04-24T08:49:42.875+0000] {processor.py:161} INFO - Started process (PID=4577) to work on /opt/airflow/dags/weather_pipeline_dag.py
[2026-04-24T08:49:42.906+0000] {processor.py:830} INFO - Processing file /opt/airflow/dags/weather_pipeline_dag.py for tasks to queue
[2026-04-24T08:49:42.925+0000] {logging_mixin.py:188} INFO - [2026-04-24T08:49:42.914+0000] {dagbag.py:538} INFO - Filling up the DagBag from /opt/airflow/dags/weather_pipeline_dag.py
[2026-04-24T08:49:43.439+0000] {processor.py:840} INFO - DAG(s) 'weather_data_pipeline' retrieved from /opt/airflow/dags/weather_pipeline_dag.py
[2026-04-24T08:49:44.148+0000] {logging_mixin.py:188} INFO - [2026-04-24T08:49:44.146+0000] {dag.py:3036} INFO - Sync 1 DAGs
[2026-04-24T08:49:44.785+0000] {logging_mixin.py:188} INFO - [2026-04-24T08:49:44.771+0000] {dag.py:3823} INFO - Setting next_dagrun for weather_data_pipeline to 2026-04-24 06:00:00+00:00, run_after=2026-04-25 06:00:00+00:00
[2026-04-24T08:49:45.184+0000] {processor.py:183} INFO - Processing /opt/airflow/dags/weather_pipeline_dag.py took 2.385 seconds
[2026-04-24T08:50:16.231+0000] {processor.py:161} INFO - Started process (PID=4589) to work on /opt/airflow/dags/weather_pipeline_dag.py
[2026-04-24T08:50:16.250+0000] {processor.py:830} INFO - Processing file /opt/airflow/dags/weather_pipeline_dag.py for tasks to queue
[2026-04-24T08:50:16.294+0000] {logging_mixin.py:188} INFO - [2026-04-24T08:50:16.286+0000] {dagbag.py:538} INFO - Filling up the DagBag from /opt/airflow/dags/weather_pipeline_dag.py
[2026-04-24T08:50:17.324+0000] {processor.py:840} INFO - DAG(s) 'weather_data_pipeline' retrieved from /opt/airflow/dags/weather_pipeline_dag.py
[2026-04-24T08:50:17.952+0000] {logging_mixin.py:188} INFO - [2026-04-24T08:50:17.950+0000] {dag.py:3036} INFO - Sync 1 DAGs
[2026-04-24T08:50:18.338+0000] {logging_mixin.py:188} INFO - [2026-04-24T08:50:18.336+0000] {dag.py:3823} INFO - Setting next_dagrun for weather_data_pipeline to 2026-04-24 06:00:00+00:00, run_after=2026-04-25 06:00:00+00:00
[2026-04-24T08:50:18.515+0000] {processor.py:183} INFO - Processing /opt/airflow/dags/weather_pipeline_dag.py took 2.423 seconds
[2026-04-24T08:50:49.094+0000] {processor.py:161} INFO - Started process (PID=4605) to work on /opt/airflow/dags/weather_pipeline_dag.py
[2026-04-24T08:50:49.115+0000] {processor.py:830} INFO - Processing file /opt/airflow/dags/weather_pipeline_dag.py for tasks to queue
[2026-04-24T08:50:49.128+0000] {logging_mixin.py:188} INFO - [2026-04-24T08:50:49.122+0000] {dagbag.py:538} INFO - Filling up the DagBag from /opt/airflow/dags/weather_pipeline_dag.py
[2026-04-24T08:50:49.474+0000] {processor.py:840} INFO - DAG(s) 'weather_data_pipeline' retrieved from /opt/airflow/dags/weather_pipeline_dag.py
[2026-04-24T08:50:50.106+0000] {logging_mixin.py:188} INFO - [2026-04-24T08:50:50.104+0000] {dag.py:3036} INFO - Sync 1 DAGs
[2026-04-24T08:50:50.784+0000] {logging_mixin.py:188} INFO - [2026-04-24T08:50:50.769+0000] {dag.py:3823} INFO - Setting next_dagrun for weather_data_pipeline to 2026-04-24 06:00:00+00:00, run_after=2026-04-25 06:00:00+00:00
[2026-04-24T08:50:51.364+0000] {processor.py:183} INFO - Processing /opt/airflow/dags/weather_pipeline_dag.py took 2.326 seconds
[2026-04-24T08:51:22.541+0000] {processor.py:161} INFO - Started process (PID=4616) to work on /opt/airflow/dags/weather_pipeline_dag.py
[2026-04-24T08:51:22.552+0000] {processor.py:830} INFO - Processing file /opt/airflow/dags/weather_pipeline_dag.py for tasks to queue
[2026-04-24T08:51:22.563+0000] {logging_mixin.py:188} INFO - [2026-04-24T08:51:22.559+0000] {dagbag.py:538} INFO - Filling up the DagBag from /opt/airflow/dags/weather_pipeline_dag.py
[2026-04-24T08:51:23.070+0000] {processor.py:840} INFO - DAG(s) 'weather_data_pipeline' retrieved from /opt/airflow/dags/weather_pipeline_dag.py
[2026-04-24T08:51:23.806+0000] {logging_mixin.py:188} INFO - [2026-04-24T08:51:23.796+0000] {dag.py:3036} INFO - Sync 1 DAGs
[2026-04-24T08:51:24.140+0000] {logging_mixin.py:188} INFO - [2026-04-24T08:51:24.136+0000] {dag.py:3823} INFO - Setting next_dagrun for weather_data_pipeline to 2026-04-24 06:00:00+00:00, run_after=2026-04-25 06:00:00+00:00
[2026-04-24T08:51:24.345+0000] {processor.py:183} INFO - Processing /opt/airflow/dags/weather_pipeline_dag.py took 1.837 seconds
[2026-04-24T08:51:55.657+0000] {processor.py:161} INFO - Started process (PID=4626) to work on /opt/airflow/dags/weather_pipeline_dag.py
[2026-04-24T08:51:55.674+0000] {processor.py:830} INFO - Processing file /opt/airflow/dags/weather_pipeline_dag.py for tasks to queue
[2026-04-24T08:51:55.698+0000] {logging_mixin.py:188} INFO - [2026-04-24T08:51:55.682+0000] {dagbag.py:538} INFO - Filling up the DagBag from /opt/airflow/dags/weather_pipeline_dag.py
[2026-04-24T08:51:56.133+0000] {processor.py:840} INFO - DAG(s) 'weather_data_pipeline' retrieved from /opt/airflow/dags/weather_pipeline_dag.py
[2026-04-24T08:51:54.397+0000] {logging_mixin.py:188} INFO - [2026-04-24T08:51:54.395+0000] {dag.py:3036} INFO - Sync 1 DAGs
[2026-04-24T08:51:54.607+0000] {logging_mixin.py:188} INFO - [2026-04-24T08:51:54.605+0000] {dag.py:3823} INFO - Setting next_dagrun for weather_data_pipeline to 2026-04-24 06:00:00+00:00, run_after=2026-04-25 06:00:00+00:00
[2026-04-24T08:51:55.006+0000] {processor.py:183} INFO - Processing /opt/airflow/dags/weather_pipeline_dag.py took 1.519 seconds
[2026-04-24T08:52:25.726+0000] {processor.py:161} INFO - Started process (PID=4637) to work on /opt/airflow/dags/weather_pipeline_dag.py
[2026-04-24T08:52:25.742+0000] {processor.py:830} INFO - Processing file /opt/airflow/dags/weather_pipeline_dag.py for tasks to queue
[2026-04-24T08:52:25.757+0000] {logging_mixin.py:188} INFO - [2026-04-24T08:52:25.749+0000] {dagbag.py:538} INFO - Filling up the DagBag from /opt/airflow/dags/weather_pipeline_dag.py
[2026-04-24T08:52:26.176+0000] {processor.py:840} INFO - DAG(s) 'weather_data_pipeline' retrieved from /opt/airflow/dags/weather_pipeline_dag.py
[2026-04-24T08:52:26.658+0000] {logging_mixin.py:188} INFO - [2026-04-24T08:52:26.657+0000] {dag.py:3036} INFO - Sync 1 DAGs
[2026-04-24T08:52:26.972+0000] {logging_mixin.py:188} INFO - [2026-04-24T08:52:26.970+0000] {dag.py:3823} INFO - Setting next_dagrun for weather_data_pipeline to 2026-04-24 06:00:00+00:00, run_after=2026-04-25 06:00:00+00:00
[2026-04-24T08:52:27.197+0000] {processor.py:183} INFO - Processing /opt/airflow/dags/weather_pipeline_dag.py took 1.513 seconds
[2026-04-24T08:52:57.810+0000] {processor.py:161} INFO - Started process (PID=4648) to work on /opt/airflow/dags/weather_pipeline_dag.py
[2026-04-24T08:52:57.842+0000] {processor.py:830} INFO - Processing file /opt/airflow/dags/weather_pipeline_dag.py for tasks to queue
[2026-04-24T08:52:57.851+0000] {logging_mixin.py:188} INFO - [2026-04-24T08:52:57.847+0000] {dagbag.py:538} INFO - Filling up the DagBag from /opt/airflow/dags/weather_pipeline_dag.py
[2026-04-24T08:52:58.109+0000] {processor.py:840} INFO - DAG(s) 'weather_data_pipeline' retrieved from /opt/airflow/dags/weather_pipeline_dag.py
[2026-04-24T08:52:58.319+0000] {logging_mixin.py:188} INFO - [2026-04-24T08:52:58.317+0000] {dag.py:3036} INFO - Sync 1 DAGs
[2026-04-24T08:52:58.753+0000] {logging_mixin.py:188} INFO - [2026-04-24T08:52:58.748+0000] {dag.py:3823} INFO - Setting next_dagrun for weather_data_pipeline to 2026-04-24 06:00:00+00:00, run_after=2026-04-25 06:00:00+00:00
[2026-04-24T08:52:58.965+0000] {processor.py:183} INFO - Processing /opt/airflow/dags/weather_pipeline_dag.py took 1.246 seconds
[2026-04-24T08:53:30.661+0000] {processor.py:161} INFO - Started process (PID=4658) to work on /opt/airflow/dags/weather_pipeline_dag.py
[2026-04-24T08:53:30.671+0000] {processor.py:830} INFO - Processing file /opt/airflow/dags/weather_pipeline_dag.py for tasks to queue
[2026-04-24T08:53:30.689+0000] {logging_mixin.py:188} INFO - [2026-04-24T08:53:30.687+0000] {dagbag.py:538} INFO - Filling up the DagBag from /opt/airflow/dags/weather_pipeline_dag.py
[2026-04-24T08:53:30.971+0000] {processor.py:840} INFO - DAG(s) 'weather_data_pipeline' retrieved from /opt/airflow/dags/weather_pipeline_dag.py
[2026-04-24T08:53:31.435+0000] {logging_mixin.py:188} INFO - [2026-04-24T08:53:31.424+0000] {dag.py:3036} INFO - Sync 1 DAGs
[2026-04-24T08:53:31.658+0000] {logging_mixin.py:188} INFO - [2026-04-24T08:53:31.656+0000] {dag.py:3823} INFO - Setting next_dagrun for weather_data_pipeline to 2026-04-24 06:00:00+00:00, run_after=2026-04-25 06:00:00+00:00
[2026-04-24T08:53:31.790+0000] {processor.py:183} INFO - Processing /opt/airflow/dags/weather_pipeline_dag.py took 1.178 seconds
[2026-04-24T08:54:02.327+0000] {processor.py:161} INFO - Started process (PID=4669) to work on /opt/airflow/dags/weather_pipeline_dag.py
[2026-04-24T08:54:02.334+0000] {processor.py:830} INFO - Processing file /opt/airflow/dags/weather_pipeline_dag.py for tasks to queue
[2026-04-24T08:54:02.341+0000] {logging_mixin.py:188} INFO - [2026-04-24T08:54:02.339+0000] {dagbag.py:538} INFO - Filling up the DagBag from /opt/airflow/dags/weather_pipeline_dag.py
[2026-04-24T08:54:02.539+0000] {processor.py:840} INFO - DAG(s) 'weather_data_pipeline' retrieved from /opt/airflow/dags/weather_pipeline_dag.py
[2026-04-24T08:54:03.045+0000] {logging_mixin.py:188} INFO - [2026-04-24T08:54:03.033+0000] {dag.py:3036} INFO - Sync 1 DAGs
[2026-04-24T08:54:03.318+0000] {logging_mixin.py:188} INFO - [2026-04-24T08:54:03.317+0000] {dag.py:3823} INFO - Setting next_dagrun for weather_data_pipeline to 2026-04-24 06:00:00+00:00, run_after=2026-04-25 06:00:00+00:00
[2026-04-24T08:54:03.497+0000] {processor.py:183} INFO - Processing /opt/airflow/dags/weather_pipeline_dag.py took 1.191 seconds
[2026-04-24T08:54:34.774+0000] {processor.py:161} INFO - Started process (PID=4681) to work on /opt/airflow/dags/weather_pipeline_dag.py
[2026-04-24T08:54:34.825+0000] {processor.py:830} INFO - Processing file /opt/airflow/dags/weather_pipeline_dag.py for tasks to queue
[2026-04-24T08:54:34.929+0000] {logging_mixin.py:188} INFO - [2026-04-24T08:54:34.862+0000] {dagbag.py:538} INFO - Filling up the DagBag from /opt/airflow/dags/weather_pipeline_dag.py
[2026-04-24T08:54:35.661+0000] {processor.py:840} INFO - DAG(s) 'weather_data_pipeline' retrieved from /opt/airflow/dags/weather_pipeline_dag.py
[2026-04-24T08:54:36.135+0000] {logging_mixin.py:188} INFO - [2026-04-24T08:54:36.131+0000] {dag.py:3036} INFO - Sync 1 DAGs
[2026-04-24T08:54:36.470+0000] {logging_mixin.py:188} INFO - [2026-04-24T08:54:36.467+0000] {dag.py:3823} INFO - Setting next_dagrun for weather_data_pipeline to 2026-04-24 06:00:00+00:00, run_after=2026-04-25 06:00:00+00:00
[2026-04-24T08:54:36.693+0000] {processor.py:183} INFO - Processing /opt/airflow/dags/weather_pipeline_dag.py took 2.041 seconds
[2026-04-24T08:55:07.138+0000] {processor.py:161} INFO - Started process (PID=4696) to work on /opt/airflow/dags/weather_pipeline_dag.py
[2026-04-24T08:55:07.149+0000] {processor.py:830} INFO - Processing file /opt/airflow/dags/weather_pipeline_dag.py for tasks to queue
[2026-04-24T08:55:07.157+0000] {logging_mixin.py:188} INFO - [2026-04-24T08:55:07.154+0000] {dagbag.py:538} INFO - Filling up the DagBag from /opt/airflow/dags/weather_pipeline_dag.py
[2026-04-24T08:55:07.625+0000] {processor.py:840} INFO - DAG(s) 'weather_data_pipeline' retrieved from /opt/airflow/dags/weather_pipeline_dag.py
[2026-04-24T08:55:07.956+0000] {logging_mixin.py:188} INFO - [2026-04-24T08:55:07.952+0000] {dag.py:3036} INFO - Sync 1 DAGs
[2026-04-24T08:55:08.544+0000] {logging_mixin.py:188} INFO - [2026-04-24T08:55:08.542+0000] {dag.py:3823} INFO - Setting next_dagrun for weather_data_pipeline to 2026-04-24 06:00:00+00:00, run_after=2026-04-25 06:00:00+00:00
[2026-04-24T08:55:08.738+0000] {processor.py:183} INFO - Processing /opt/airflow/dags/weather_pipeline_dag.py took 1.633 seconds
[2026-04-24T08:55:40.307+0000] {processor.py:161} INFO - Started process (PID=4707) to work on /opt/airflow/dags/weather_pipeline_dag.py
[2026-04-24T08:55:40.316+0000] {processor.py:830} INFO - Processing file /opt/airflow/dags/weather_pipeline_dag.py for tasks to queue
[2026-04-24T08:55:40.332+0000] {logging_mixin.py:188} INFO - [2026-04-24T08:55:40.329+0000] {dagbag.py:538} INFO - Filling up the DagBag from /opt/airflow/dags/weather_pipeline_dag.py
[2026-04-24T08:55:40.598+0000] {processor.py:840} INFO - DAG(s) 'weather_data_pipeline' retrieved from /opt/airflow/dags/weather_pipeline_dag.py
[2026-04-24T08:55:40.824+0000] {logging_mixin.py:188} INFO - [2026-04-24T08:55:40.822+0000] {dag.py:3036} INFO - Sync 1 DAGs
[2026-04-24T08:55:41.146+0000] {logging_mixin.py:188} INFO - [2026-04-24T08:55:41.144+0000] {dag.py:3823} INFO - Setting next_dagrun for weather_data_pipeline to 2026-04-24 06:00:00+00:00, run_after=2026-04-25 06:00:00+00:00
[2026-04-24T08:55:41.292+0000] {processor.py:183} INFO - Processing /opt/airflow/dags/weather_pipeline_dag.py took 1.011 seconds
[2026-04-24T08:56:11.996+0000] {processor.py:161} INFO - Started process (PID=4718) to work on /opt/airflow/dags/weather_pipeline_dag.py
[2026-04-24T08:56:12.028+0000] {processor.py:830} INFO - Processing file /opt/airflow/dags/weather_pipeline_dag.py for tasks to queue
[2026-04-24T08:56:12.040+0000] {logging_mixin.py:188} INFO - [2026-04-24T08:56:12.036+0000] {dagbag.py:538} INFO - Filling up the DagBag from /opt/airflow/dags/weather_pipeline_dag.py
[2026-04-24T08:56:12.412+0000] {processor.py:840} INFO - DAG(s) 'weather_data_pipeline' retrieved from /opt/airflow/dags/weather_pipeline_dag.py
[2026-04-24T08:56:12.914+0000] {logging_mixin.py:188} INFO - [2026-04-24T08:56:12.904+0000] {dag.py:3036} INFO - Sync 1 DAGs
[2026-04-24T08:56:13.481+0000] {logging_mixin.py:188} INFO - [2026-04-24T08:56:13.479+0000] {dag.py:3823} INFO - Setting next_dagrun for weather_data_pipeline to 2026-04-24 06:00:00+00:00, run_after=2026-04-25 06:00:00+00:00
[2026-04-24T08:56:13.998+0000] {processor.py:183} INFO - Processing /opt/airflow/dags/weather_pipeline_dag.py took 2.080 seconds
[2026-04-24T08:56:44.996+0000] {processor.py:161} INFO - Started process (PID=4728) to work on /opt/airflow/dags/weather_pipeline_dag.py
[2026-04-24T08:56:45.005+0000] {processor.py:830} INFO - Processing file /opt/airflow/dags/weather_pipeline_dag.py for tasks to queue
[2026-04-24T08:56:45.024+0000] {logging_mixin.py:188} INFO - [2026-04-24T08:56:45.019+0000] {dagbag.py:538} INFO - Filling up the DagBag from /opt/airflow/dags/weather_pipeline_dag.py
[2026-04-24T08:56:45.295+0000] {processor.py:840} INFO - DAG(s) 'weather_data_pipeline' retrieved from /opt/airflow/dags/weather_pipeline_dag.py
[2026-04-24T08:56:45.522+0000] {logging_mixin.py:188} INFO - [2026-04-24T08:56:45.521+0000] {dag.py:3036} INFO - Sync 1 DAGs
[2026-04-24T08:56:45.853+0000] {logging_mixin.py:188} INFO - [2026-04-24T08:56:45.851+0000] {dag.py:3823} INFO - Setting next_dagrun for weather_data_pipeline to 2026-04-24 06:00:00+00:00, run_after=2026-04-25 06:00:00+00:00
[2026-04-24T08:56:46.178+0000] {processor.py:183} INFO - Processing /opt/airflow/dags/weather_pipeline_dag.py took 1.222 seconds
[2026-04-24T08:57:17.006+0000] {processor.py:161} INFO - Started process (PID=4738) to work on /opt/airflow/dags/weather_pipeline_dag.py
[2026-04-24T08:57:17.036+0000] {processor.py:830} INFO - Processing file /opt/airflow/dags/weather_pipeline_dag.py for tasks to queue
[2026-04-24T08:57:17.055+0000] {logging_mixin.py:188} INFO - [2026-04-24T08:57:17.042+0000] {dagbag.py:538} INFO - Filling up the DagBag from /opt/airflow/dags/weather_pipeline_dag.py
[2026-04-24T08:57:17.779+0000] {processor.py:840} INFO - DAG(s) 'weather_data_pipeline' retrieved from /opt/airflow/dags/weather_pipeline_dag.py
[2026-04-24T08:57:18.622+0000] {logging_mixin.py:188} INFO - [2026-04-24T08:57:18.620+0000] {dag.py:3036} INFO - Sync 1 DAGs
[2026-04-24T08:57:19.103+0000] {logging_mixin.py:188} INFO - [2026-04-24T08:57:19.100+0000] {dag.py:3823} INFO - Setting next_dagrun for weather_data_pipeline to 2026-04-24 06:00:00+00:00, run_after=2026-04-25 06:00:00+00:00
[2026-04-24T08:57:19.462+0000] {processor.py:183} INFO - Processing /opt/airflow/dags/weather_pipeline_dag.py took 2.537 seconds
[2026-04-24T08:57:49.945+0000] {processor.py:161} INFO - Started process (PID=4749) to work on /opt/airflow/dags/weather_pipeline_dag.py
[2026-04-24T08:57:49.953+0000] {processor.py:830} INFO - Processing file /opt/airflow/dags/weather_pipeline_dag.py for tasks to queue
[2026-04-24T08:57:49.966+0000] {logging_mixin.py:188} INFO - [2026-04-24T08:57:49.964+0000] {dagbag.py:538} INFO - Filling up the DagBag from /opt/airflow/dags/weather_pipeline_dag.py
[2026-04-24T08:57:50.356+0000] {processor.py:840} INFO - DAG(s) 'weather_data_pipeline' retrieved from /opt/airflow/dags/weather_pipeline_dag.py
[2026-04-24T08:57:50.816+0000] {logging_mixin.py:188} INFO - [2026-04-24T08:57:50.813+0000] {dag.py:3036} INFO - Sync 1 DAGs
[2026-04-24T08:57:51.491+0000] {logging_mixin.py:188} INFO - [2026-04-24T08:57:51.476+0000] {dag.py:3823} INFO - Setting next_dagrun for weather_data_pipeline to 2026-04-24 06:00:00+00:00, run_after=2026-04-25 06:00:00+00:00
[2026-04-24T08:57:52.297+0000] {processor.py:183} INFO - Processing /opt/airflow/dags/weather_pipeline_dag.py took 2.390 seconds
[2026-04-24T08:58:23.735+0000] {processor.py:161} INFO - Started process (PID=4767) to work on /opt/airflow/dags/weather_pipeline_dag.py
[2026-04-24T08:58:23.753+0000] {processor.py:830} INFO - Processing file /opt/airflow/dags/weather_pipeline_dag.py for tasks to queue
[2026-04-24T08:58:23.772+0000] {logging_mixin.py:188} INFO - [2026-04-24T08:58:23.762+0000] {dagbag.py:538} INFO - Filling up the DagBag from /opt/airflow/dags/weather_pipeline_dag.py
[2026-04-24T08:58:22.587+0000] {processor.py:840} INFO - DAG(s) 'weather_data_pipeline' retrieved from /opt/airflow/dags/weather_pipeline_dag.py
[2026-04-24T08:58:24.128+0000] {logging_mixin.py:188} INFO - [2026-04-24T08:58:24.121+0000] {dag.py:3036} INFO - Sync 1 DAGs
[2026-04-24T08:58:24.950+0000] {logging_mixin.py:188} INFO - [2026-04-24T08:58:24.947+0000] {dag.py:3823} INFO - Setting next_dagrun for weather_data_pipeline to 2026-04-24 06:00:00+00:00, run_after=2026-04-25 06:00:00+00:00
[2026-04-24T08:58:25.295+0000] {processor.py:183} INFO - Processing /opt/airflow/dags/weather_pipeline_dag.py took 4.056 seconds
[2026-04-24T08:58:56.213+0000] {processor.py:161} INFO - Started process (PID=4778) to work on /opt/airflow/dags/weather_pipeline_dag.py
[2026-04-24T08:58:56.236+0000] {processor.py:830} INFO - Processing file /opt/airflow/dags/weather_pipeline_dag.py for tasks to queue
[2026-04-24T08:58:56.261+0000] {logging_mixin.py:188} INFO - [2026-04-24T08:58:56.251+0000] {dagbag.py:538} INFO - Filling up the DagBag from /opt/airflow/dags/weather_pipeline_dag.py
[2026-04-24T08:58:56.891+0000] {processor.py:840} INFO - DAG(s) 'weather_data_pipeline' retrieved from /opt/airflow/dags/weather_pipeline_dag.py
[2026-04-24T08:58:57.503+0000] {logging_mixin.py:188} INFO - [2026-04-24T08:58:57.501+0000] {dag.py:3036} INFO - Sync 1 DAGs
[2026-04-24T08:58:57.933+0000] {logging_mixin.py:188} INFO - [2026-04-24T08:58:57.929+0000] {dag.py:3823} INFO - Setting next_dagrun for weather_data_pipeline to 2026-04-24 06:00:00+00:00, run_after=2026-04-25 06:00:00+00:00
[2026-04-24T08:58:58.183+0000] {processor.py:183} INFO - Processing /opt/airflow/dags/weather_pipeline_dag.py took 2.044 seconds
[2026-04-24T08:59:29.306+0000] {processor.py:161} INFO - Started process (PID=4789) to work on /opt/airflow/dags/weather_pipeline_dag.py
[2026-04-24T08:59:29.317+0000] {processor.py:830} INFO - Processing file /opt/airflow/dags/weather_pipeline_dag.py for tasks to queue
[2026-04-24T08:59:29.347+0000] {logging_mixin.py:188} INFO - [2026-04-24T08:59:29.343+0000] {dagbag.py:538} INFO - Filling up the DagBag from /opt/airflow/dags/weather_pipeline_dag.py
[2026-04-24T08:59:29.728+0000] {processor.py:840} INFO - DAG(s) 'weather_data_pipeline' retrieved from /opt/airflow/dags/weather_pipeline_dag.py
[2026-04-24T08:59:30.103+0000] {logging_mixin.py:188} INFO - [2026-04-24T08:59:30.102+0000] {dag.py:3036} INFO - Sync 1 DAGs
[2026-04-24T08:59:30.714+0000] {logging_mixin.py:188} INFO - [2026-04-24T08:59:30.712+0000] {dag.py:3823} INFO - Setting next_dagrun for weather_data_pipeline to 2026-04-24 06:00:00+00:00, run_after=2026-04-25 06:00:00+00:00
[2026-04-24T08:59:31.022+0000] {processor.py:183} INFO - Processing /opt/airflow/dags/weather_pipeline_dag.py took 1.753 seconds
[2026-04-24T09:00:02.034+0000] {processor.py:161} INFO - Started process (PID=4800) to work on /opt/airflow/dags/weather_pipeline_dag.py
[2026-04-24T09:00:02.042+0000] {processor.py:830} INFO - Processing file /opt/airflow/dags/weather_pipeline_dag.py for tasks to queue
[2026-04-24T09:00:02.052+0000] {logging_mixin.py:188} INFO - [2026-04-24T09:00:02.050+0000] {dagbag.py:538} INFO - Filling up the DagBag from /opt/airflow/dags/weather_pipeline_dag.py
[2026-04-24T09:00:02.412+0000] {processor.py:840} INFO - DAG(s) 'weather_data_pipeline' retrieved from /opt/airflow/dags/weather_pipeline_dag.py
[2026-04-24T09:00:02.705+0000] {logging_mixin.py:188} INFO - [2026-04-24T09:00:02.702+0000] {dag.py:3036} INFO - Sync 1 DAGs
[2026-04-24T09:00:03.101+0000] {logging_mixin.py:188} INFO - [2026-04-24T09:00:03.087+0000] {dag.py:3823} INFO - Setting next_dagrun for weather_data_pipeline to 2026-04-24 06:00:00+00:00, run_after=2026-04-25 06:00:00+00:00
[2026-04-24T09:00:03.338+0000] {processor.py:183} INFO - Processing /opt/airflow/dags/weather_pipeline_dag.py took 1.334 seconds
[2026-04-24T09:00:34.161+0000] {processor.py:161} INFO - Started process (PID=4811) to work on /opt/airflow/dags/weather_pipeline_dag.py
[2026-04-24T09:00:34.169+0000] {processor.py:830} INFO - Processing file /opt/airflow/dags/weather_pipeline_dag.py for tasks to queue
[2026-04-24T09:00:34.180+0000] {logging_mixin.py:188} INFO - [2026-04-24T09:00:34.175+0000] {dagbag.py:538} INFO - Filling up the DagBag from /opt/airflow/dags/weather_pipeline_dag.py
[2026-04-24T09:00:34.730+0000] {processor.py:840} INFO - DAG(s) 'weather_data_pipeline' retrieved from /opt/airflow/dags/weather_pipeline_dag.py
[2026-04-24T09:00:35.558+0000] {logging_mixin.py:188} INFO - [2026-04-24T09:00:35.557+0000] {dag.py:3036} INFO - Sync 1 DAGs
[2026-04-24T09:00:35.954+0000] {logging_mixin.py:188} INFO - [2026-04-24T09:00:35.952+0000] {dag.py:3823} INFO - Setting next_dagrun for weather_data_pipeline to 2026-04-24 06:00:00+00:00, run_after=2026-04-25 06:00:00+00:00
[2026-04-24T09:00:36.105+0000] {processor.py:183} INFO - Processing /opt/airflow/dags/weather_pipeline_dag.py took 1.982 seconds
[2026-04-24T09:01:06.568+0000] {processor.py:161} INFO - Started process (PID=4823) to work on /opt/airflow/dags/weather_pipeline_dag.py
[2026-04-24T09:01:06.585+0000] {processor.py:830} INFO - Processing file /opt/airflow/dags/weather_pipeline_dag.py for tasks to queue
[2026-04-24T09:01:06.598+0000] {logging_mixin.py:188} INFO - [2026-04-24T09:01:06.593+0000] {dagbag.py:538} INFO - Filling up the DagBag from /opt/airflow/dags/weather_pipeline_dag.py
[2026-04-24T09:01:06.872+0000] {processor.py:840} INFO - DAG(s) 'weather_data_pipeline' retrieved from /opt/airflow/dags/weather_pipeline_dag.py
[2026-04-24T09:01:07.103+0000] {logging_mixin.py:188} INFO - [2026-04-24T09:01:07.102+0000] {dag.py:3036} INFO - Sync 1 DAGs
[2026-04-24T09:01:07.391+0000] {logging_mixin.py:188} INFO - [2026-04-24T09:01:07.389+0000] {dag.py:3823} INFO - Setting next_dagrun for weather_data_pipeline to 2026-04-24 06:00:00+00:00, run_after=2026-04-25 06:00:00+00:00
[2026-04-24T09:01:07.616+0000] {processor.py:183} INFO - Processing /opt/airflow/dags/weather_pipeline_dag.py took 1.096 seconds
[2026-04-24T09:01:38.004+0000] {processor.py:161} INFO - Started process (PID=4834) to work on /opt/airflow/dags/weather_pipeline_dag.py
[2026-04-24T09:01:38.020+0000] {processor.py:830} INFO - Processing file /opt/airflow/dags/weather_pipeline_dag.py for tasks to queue
[2026-04-24T09:01:38.040+0000] {logging_mixin.py:188} INFO - [2026-04-24T09:01:38.027+0000] {dagbag.py:538} INFO - Filling up the DagBag from /opt/airflow/dags/weather_pipeline_dag.py
[2026-04-24T09:01:38.434+0000] {processor.py:840} INFO - DAG(s) 'weather_data_pipeline' retrieved from /opt/airflow/dags/weather_pipeline_dag.py
[2026-04-24T09:01:38.797+0000] {logging_mixin.py:188} INFO - [2026-04-24T09:01:38.794+0000] {dag.py:3036} INFO - Sync 1 DAGs
[2026-04-24T09:01:36.814+0000] {logging_mixin.py:188} INFO - [2026-04-24T09:01:36.813+0000] {dag.py:3823} INFO - Setting next_dagrun for weather_data_pipeline to 2026-04-24 06:00:00+00:00, run_after=2026-04-25 06:00:00+00:00
[2026-04-24T09:01:36.960+0000] {processor.py:183} INFO - Processing /opt/airflow/dags/weather_pipeline_dag.py took 1.504 seconds
[2026-04-24T09:02:07.817+0000] {processor.py:161} INFO - Started process (PID=4845) to work on /opt/airflow/dags/weather_pipeline_dag.py
[2026-04-24T09:02:07.826+0000] {processor.py:830} INFO - Processing file /opt/airflow/dags/weather_pipeline_dag.py for tasks to queue
[2026-04-24T09:02:07.837+0000] {logging_mixin.py:188} INFO - [2026-04-24T09:02:07.833+0000] {dagbag.py:538} INFO - Filling up the DagBag from /opt/airflow/dags/weather_pipeline_dag.py
[2026-04-24T09:02:08.073+0000] {processor.py:840} INFO - DAG(s) 'weather_data_pipeline' retrieved from /opt/airflow/dags/weather_pipeline_dag.py
[2026-04-24T09:02:08.379+0000] {logging_mixin.py:188} INFO - [2026-04-24T09:02:08.376+0000] {dag.py:3036} INFO - Sync 1 DAGs
[2026-04-24T09:02:08.810+0000] {logging_mixin.py:188} INFO - [2026-04-24T09:02:08.805+0000] {dag.py:3823} INFO - Setting next_dagrun for weather_data_pipeline to 2026-04-24 06:00:00+00:00, run_after=2026-04-25 06:00:00+00:00
[2026-04-24T09:02:09.331+0000] {processor.py:183} INFO - Processing /opt/airflow/dags/weather_pipeline_dag.py took 1.543 seconds
[2026-04-24T09:02:40.787+0000] {processor.py:161} INFO - Started process (PID=4862) to work on /opt/airflow/dags/weather_pipeline_dag.py
[2026-04-24T09:02:40.809+0000] {processor.py:830} INFO - Processing file /opt/airflow/dags/weather_pipeline_dag.py for tasks to queue
[2026-04-24T09:02:40.862+0000] {logging_mixin.py:188} INFO - [2026-04-24T09:02:40.847+0000] {dagbag.py:538} INFO - Filling up the DagBag from /opt/airflow/dags/weather_pipeline_dag.py
[2026-04-24T09:02:41.684+0000] {processor.py:840} INFO - DAG(s) 'weather_data_pipeline' retrieved from /opt/airflow/dags/weather_pipeline_dag.py
[2026-04-24T09:02:42.053+0000] {logging_mixin.py:188} INFO - [2026-04-24T09:02:42.052+0000] {dag.py:3036} INFO - Sync 1 DAGs
[2026-04-24T09:02:42.366+0000] {logging_mixin.py:188} INFO - [2026-04-24T09:02:42.364+0000] {dag.py:3823} INFO - Setting next_dagrun for weather_data_pipeline to 2026-04-24 06:00:00+00:00, run_after=2026-04-25 06:00:00+00:00
[2026-04-24T09:02:42.816+0000] {processor.py:183} INFO - Processing /opt/airflow/dags/weather_pipeline_dag.py took 2.104 seconds
[2026-04-24T09:03:13.680+0000] {processor.py:161} INFO - Started process (PID=4873) to work on /opt/airflow/dags/weather_pipeline_dag.py
[2026-04-24T09:03:13.688+0000] {processor.py:830} INFO - Processing file /opt/airflow/dags/weather_pipeline_dag.py for tasks to queue
[2026-04-24T09:03:13.696+0000] {logging_mixin.py:188} INFO - [2026-04-24T09:03:13.694+0000] {dagbag.py:538} INFO - Filling up the DagBag from /opt/airflow/dags/weather_pipeline_dag.py
[2026-04-24T09:03:13.931+0000] {processor.py:840} INFO - DAG(s) 'weather_data_pipeline' retrieved from /opt/airflow/dags/weather_pipeline_dag.py
[2026-04-24T09:03:14.330+0000] {logging_mixin.py:188} INFO - [2026-04-24T09:03:14.318+0000] {dag.py:3036} INFO - Sync 1 DAGs
[2026-04-24T09:03:15.056+0000] {logging_mixin.py:188} INFO - [2026-04-24T09:03:15.041+0000] {dag.py:3823} INFO - Setting next_dagrun for weather_data_pipeline to 2026-04-24 06:00:00+00:00, run_after=2026-04-25 06:00:00+00:00
[2026-04-24T09:03:15.648+0000] {processor.py:183} INFO - Processing /opt/airflow/dags/weather_pipeline_dag.py took 1.994 seconds
[2026-04-24T09:03:47.572+0000] {processor.py:161} INFO - Started process (PID=4884) to work on /opt/airflow/dags/weather_pipeline_dag.py
[2026-04-24T09:03:47.591+0000] {processor.py:830} INFO - Processing file /opt/airflow/dags/weather_pipeline_dag.py for tasks to queue
[2026-04-24T09:03:47.621+0000] {logging_mixin.py:188} INFO - [2026-04-24T09:03:47.611+0000] {dagbag.py:538} INFO - Filling up the DagBag from /opt/airflow/dags/weather_pipeline_dag.py
[2026-04-24T09:03:48.732+0000] {processor.py:840} INFO - DAG(s) 'weather_data_pipeline' retrieved from /opt/airflow/dags/weather_pipeline_dag.py
[2026-04-24T09:03:49.687+0000] {logging_mixin.py:188} INFO - [2026-04-24T09:03:49.673+0000] {dag.py:3036} INFO - Sync 1 DAGs
[2026-04-24T09:03:50.342+0000] {logging_mixin.py:188} INFO - [2026-04-24T09:03:50.340+0000] {dag.py:3823} INFO - Setting next_dagrun for weather_data_pipeline to 2026-04-24 06:00:00+00:00, run_after=2026-04-25 06:00:00+00:00
[2026-04-24T09:03:50.729+0000] {processor.py:183} INFO - Processing /opt/airflow/dags/weather_pipeline_dag.py took 3.247 seconds
[2026-04-24T09:04:21.389+0000] {processor.py:161} INFO - Started process (PID=4895) to work on /opt/airflow/dags/weather_pipeline_dag.py
[2026-04-24T09:04:21.419+0000] {processor.py:830} INFO - Processing file /opt/airflow/dags/weather_pipeline_dag.py for tasks to queue
[2026-04-24T09:04:21.438+0000] {logging_mixin.py:188} INFO - [2026-04-24T09:04:21.435+0000] {dagbag.py:538} INFO - Filling up the DagBag from /opt/airflow/dags/weather_pipeline_dag.py
[2026-04-24T09:04:22.017+0000] {processor.py:840} INFO - DAG(s) 'weather_data_pipeline' retrieved from /opt/airflow/dags/weather_pipeline_dag.py
[2026-04-24T09:04:22.624+0000] {logging_mixin.py:188} INFO - [2026-04-24T09:04:22.622+0000] {dag.py:3036} INFO - Sync 1 DAGs
[2026-04-24T09:04:23.125+0000] {logging_mixin.py:188} INFO - [2026-04-24T09:04:23.123+0000] {dag.py:3823} INFO - Setting next_dagrun for weather_data_pipeline to 2026-04-24 06:00:00+00:00, run_after=2026-04-25 06:00:00+00:00
[2026-04-24T09:04:23.439+0000] {processor.py:183} INFO - Processing /opt/airflow/dags/weather_pipeline_dag.py took 2.125 seconds
[2026-04-24T09:04:54.253+0000] {processor.py:161} INFO - Started process (PID=4906) to work on /opt/airflow/dags/weather_pipeline_dag.py
[2026-04-24T09:04:54.261+0000] {processor.py:830} INFO - Processing file /opt/airflow/dags/weather_pipeline_dag.py for tasks to queue
[2026-04-24T09:04:54.271+0000] {logging_mixin.py:188} INFO - [2026-04-24T09:04:54.268+0000] {dagbag.py:538} INFO - Filling up the DagBag from /opt/airflow/dags/weather_pipeline_dag.py
[2026-04-24T09:04:54.599+0000] {processor.py:840} INFO - DAG(s) 'weather_data_pipeline' retrieved from /opt/airflow/dags/weather_pipeline_dag.py
[2026-04-24T09:04:55.115+0000] {logging_mixin.py:188} INFO - [2026-04-24T09:04:55.113+0000] {dag.py:3036} INFO - Sync 1 DAGs
[2026-04-24T09:04:55.582+0000] {logging_mixin.py:188} INFO - [2026-04-24T09:04:55.579+0000] {dag.py:3823} INFO - Setting next_dagrun for weather_data_pipeline to 2026-04-24 06:00:00+00:00, run_after=2026-04-25 06:00:00+00:00
[2026-04-24T09:04:55.836+0000] {processor.py:183} INFO - Processing /opt/airflow/dags/weather_pipeline_dag.py took 1.624 seconds
[2026-04-24T09:05:26.810+0000] {processor.py:161} INFO - Started process (PID=4917) to work on /opt/airflow/dags/weather_pipeline_dag.py
[2026-04-24T09:05:26.847+0000] {processor.py:830} INFO - Processing file /opt/airflow/dags/weather_pipeline_dag.py for tasks to queue
[2026-04-24T09:05:26.868+0000] {logging_mixin.py:188} INFO - [2026-04-24T09:05:26.864+0000] {dagbag.py:538} INFO - Filling up the DagBag from /opt/airflow/dags/weather_pipeline_dag.py
[2026-04-24T09:05:27.383+0000] {processor.py:840} INFO - DAG(s) 'weather_data_pipeline' retrieved from /opt/airflow/dags/weather_pipeline_dag.py
[2026-04-24T09:05:28.149+0000] {logging_mixin.py:188} INFO - [2026-04-24T09:05:28.147+0000] {dag.py:3036} INFO - Sync 1 DAGs
[2026-04-24T09:05:28.598+0000] {logging_mixin.py:188} INFO - [2026-04-24T09:05:28.596+0000] {dag.py:3823} INFO - Setting next_dagrun for weather_data_pipeline to 2026-04-24 06:00:00+00:00, run_after=2026-04-25 06:00:00+00:00
[2026-04-24T09:05:28.791+0000] {processor.py:183} INFO - Processing /opt/airflow/dags/weather_pipeline_dag.py took 2.069 seconds
[2026-04-24T09:05:59.310+0000] {processor.py:161} INFO - Started process (PID=4934) to work on /opt/airflow/dags/weather_pipeline_dag.py
[2026-04-24T09:05:59.321+0000] {processor.py:830} INFO - Processing file /opt/airflow/dags/weather_pipeline_dag.py for tasks to queue
[2026-04-24T09:05:59.334+0000] {logging_mixin.py:188} INFO - [2026-04-24T09:05:59.330+0000] {dagbag.py:538} INFO - Filling up the DagBag from /opt/airflow/dags/weather_pipeline_dag.py
[2026-04-24T09:05:59.601+0000] {processor.py:840} INFO - DAG(s) 'weather_data_pipeline' retrieved from /opt/airflow/dags/weather_pipeline_dag.py
[2026-04-24T09:06:00.006+0000] {logging_mixin.py:188} INFO - [2026-04-24T09:06:00.003+0000] {dag.py:3036} INFO - Sync 1 DAGs
[2026-04-24T09:06:00.233+0000] {logging_mixin.py:188} INFO - [2026-04-24T09:06:00.231+0000] {dag.py:3823} INFO - Setting next_dagrun for weather_data_pipeline to 2026-04-24 06:00:00+00:00, run_after=2026-04-25 06:00:00+00:00
[2026-04-24T09:06:00.415+0000] {processor.py:183} INFO - Processing /opt/airflow/dags/weather_pipeline_dag.py took 1.205 seconds
[2026-04-24T09:06:31.776+0000] {processor.py:161} INFO - Started process (PID=4945) to work on /opt/airflow/dags/weather_pipeline_dag.py
[2026-04-24T09:06:31.784+0000] {processor.py:830} INFO - Processing file /opt/airflow/dags/weather_pipeline_dag.py for tasks to queue
[2026-04-24T09:06:31.790+0000] {logging_mixin.py:188} INFO - [2026-04-24T09:06:31.788+0000] {dagbag.py:538} INFO - Filling up the DagBag from /opt/airflow/dags/weather_pipeline_dag.py
[2026-04-24T09:06:31.948+0000] {processor.py:840} INFO - DAG(s) 'weather_data_pipeline' retrieved from /opt/airflow/dags/weather_pipeline_dag.py
[2026-04-24T09:06:32.199+0000] {logging_mixin.py:188} INFO - [2026-04-24T09:06:32.197+0000] {dag.py:3036} INFO - Sync 1 DAGs
[2026-04-24T09:06:32.406+0000] {logging_mixin.py:188} INFO - [2026-04-24T09:06:32.404+0000] {dag.py:3823} INFO - Setting next_dagrun for weather_data_pipeline to 2026-04-24 06:00:00+00:00, run_after=2026-04-25 06:00:00+00:00
[2026-04-24T09:06:32.546+0000] {processor.py:183} INFO - Processing /opt/airflow/dags/weather_pipeline_dag.py took 0.788 seconds
[2026-04-24T09:07:03.235+0000] {processor.py:161} INFO - Started process (PID=4957) to work on /opt/airflow/dags/weather_pipeline_dag.py
[2026-04-24T09:07:03.245+0000] {processor.py:830} INFO - Processing file /opt/airflow/dags/weather_pipeline_dag.py for tasks to queue
[2026-04-24T09:07:03.276+0000] {logging_mixin.py:188} INFO - [2026-04-24T09:07:03.272+0000] {dagbag.py:538} INFO - Filling up the DagBag from /opt/airflow/dags/weather_pipeline_dag.py
[2026-04-24T09:07:03.569+0000] {processor.py:840} INFO - DAG(s) 'weather_data_pipeline' retrieved from /opt/airflow/dags/weather_pipeline_dag.py
[2026-04-24T09:07:04.101+0000] {logging_mixin.py:188} INFO - [2026-04-24T09:07:04.098+0000] {dag.py:3036} INFO - Sync 1 DAGs
[2026-04-24T09:07:04.449+0000] {logging_mixin.py:188} INFO - [2026-04-24T09:07:04.437+0000] {dag.py:3823} INFO - Setting next_dagrun for weather_data_pipeline to 2026-04-24 06:00:00+00:00, run_after=2026-04-25 06:00:00+00:00
[2026-04-24T09:07:04.725+0000] {processor.py:183} INFO - Processing /opt/airflow/dags/weather_pipeline_dag.py took 1.519 seconds
[2026-04-24T09:07:35.157+0000] {processor.py:161} INFO - Started process (PID=4968) to work on /opt/airflow/dags/weather_pipeline_dag.py
[2026-04-24T09:07:35.164+0000] {processor.py:830} INFO - Processing file /opt/airflow/dags/weather_pipeline_dag.py for tasks to queue
[2026-04-24T09:07:35.183+0000] {logging_mixin.py:188} INFO - [2026-04-24T09:07:35.172+0000] {dagbag.py:538} INFO - Filling up the DagBag from /opt/airflow/dags/weather_pipeline_dag.py
[2026-04-24T09:07:35.514+0000] {processor.py:840} INFO - DAG(s) 'weather_data_pipeline' retrieved from /opt/airflow/dags/weather_pipeline_dag.py
[2026-04-24T09:07:36.079+0000] {logging_mixin.py:188} INFO - [2026-04-24T09:07:36.076+0000] {dag.py:3036} INFO - Sync 1 DAGs
[2026-04-24T09:07:36.291+0000] {logging_mixin.py:188} INFO - [2026-04-24T09:07:36.290+0000] {dag.py:3823} INFO - Setting next_dagrun for weather_data_pipeline to 2026-04-24 06:00:00+00:00, run_after=2026-04-25 06:00:00+00:00
[2026-04-24T09:07:36.519+0000] {processor.py:183} INFO - Processing /opt/airflow/dags/weather_pipeline_dag.py took 1.393 seconds
[2026-04-24T09:08:07.845+0000] {processor.py:161} INFO - Started process (PID=4979) to work on /opt/airflow/dags/weather_pipeline_dag.py
[2026-04-24T09:08:07.853+0000] {processor.py:830} INFO - Processing file /opt/airflow/dags/weather_pipeline_dag.py for tasks to queue
[2026-04-24T09:08:07.860+0000] {logging_mixin.py:188} INFO - [2026-04-24T09:08:07.857+0000] {dagbag.py:538} INFO - Filling up the DagBag from /opt/airflow/dags/weather_pipeline_dag.py
[2026-04-24T09:08:08.116+0000] {processor.py:840} INFO - DAG(s) 'weather_data_pipeline' retrieved from /opt/airflow/dags/weather_pipeline_dag.py
[2026-04-24T09:08:08.401+0000] {logging_mixin.py:188} INFO - [2026-04-24T09:08:08.400+0000] {dag.py:3036} INFO - Sync 1 DAGs
[2026-04-24T09:08:08.601+0000] {logging_mixin.py:188} INFO - [2026-04-24T09:08:08.600+0000] {dag.py:3823} INFO - Setting next_dagrun for weather_data_pipeline to 2026-04-24 06:00:00+00:00, run_after=2026-04-25 06:00:00+00:00
[2026-04-24T09:08:08.825+0000] {processor.py:183} INFO - Processing /opt/airflow/dags/weather_pipeline_dag.py took 1.024 seconds
[2026-04-24T09:08:39.734+0000] {processor.py:161} INFO - Started process (PID=4989) to work on /opt/airflow/dags/weather_pipeline_dag.py
[2026-04-24T09:08:39.746+0000] {processor.py:830} INFO - Processing file /opt/airflow/dags/weather_pipeline_dag.py for tasks to queue
[2026-04-24T09:08:39.773+0000] {logging_mixin.py:188} INFO - [2026-04-24T09:08:39.768+0000] {dagbag.py:538} INFO - Filling up the DagBag from /opt/airflow/dags/weather_pipeline_dag.py
[2026-04-24T09:08:40.739+0000] {processor.py:840} INFO - DAG(s) 'weather_data_pipeline' retrieved from /opt/airflow/dags/weather_pipeline_dag.py
[2026-04-24T09:08:41.528+0000] {logging_mixin.py:188} INFO - [2026-04-24T09:08:41.514+0000] {dag.py:3036} INFO - Sync 1 DAGs
[2026-04-24T09:08:42.283+0000] {logging_mixin.py:188} INFO - [2026-04-24T09:08:42.281+0000] {dag.py:3823} INFO - Setting next_dagrun for weather_data_pipeline to 2026-04-24 06:00:00+00:00, run_after=2026-04-25 06:00:00+00:00
[2026-04-24T09:08:43.214+0000] {processor.py:183} INFO - Processing /opt/airflow/dags/weather_pipeline_dag.py took 3.535 seconds
[2026-04-24T09:09:14.480+0000] {processor.py:161} INFO - Started process (PID=4999) to work on /opt/airflow/dags/weather_pipeline_dag.py
[2026-04-24T09:09:14.504+0000] {processor.py:830} INFO - Processing file /opt/airflow/dags/weather_pipeline_dag.py for tasks to queue
[2026-04-24T09:09:14.531+0000] {logging_mixin.py:188} INFO - [2026-04-24T09:09:14.517+0000] {dagbag.py:538} INFO - Filling up the DagBag from /opt/airflow/dags/weather_pipeline_dag.py
[2026-04-24T09:09:15.423+0000] {processor.py:840} INFO - DAG(s) 'weather_data_pipeline' retrieved from /opt/airflow/dags/weather_pipeline_dag.py
[2026-04-24T09:09:16.429+0000] {logging_mixin.py:188} INFO - [2026-04-24T09:09:16.416+0000] {dag.py:3036} INFO - Sync 1 DAGs
[2026-04-24T09:09:17.239+0000] {logging_mixin.py:188} INFO - [2026-04-24T09:09:17.237+0000] {dag.py:3823} INFO - Setting next_dagrun for weather_data_pipeline to 2026-04-24 06:00:00+00:00, run_after=2026-04-25 06:00:00+00:00
[2026-04-24T09:09:17.692+0000] {processor.py:183} INFO - Processing /opt/airflow/dags/weather_pipeline_dag.py took 3.299 seconds
[2026-04-24T09:09:49.008+0000] {processor.py:161} INFO - Started process (PID=5016) to work on /opt/airflow/dags/weather_pipeline_dag.py
[2026-04-24T09:09:49.020+0000] {processor.py:830} INFO - Processing file /opt/airflow/dags/weather_pipeline_dag.py for tasks to queue
[2026-04-24T09:09:49.027+0000] {logging_mixin.py:188} INFO - [2026-04-24T09:09:49.025+0000] {dagbag.py:538} INFO - Filling up the DagBag from /opt/airflow/dags/weather_pipeline_dag.py
[2026-04-24T09:09:49.232+0000] {processor.py:840} INFO - DAG(s) 'weather_data_pipeline' retrieved from /opt/airflow/dags/weather_pipeline_dag.py
[2026-04-24T09:09:49.494+0000] {logging_mixin.py:188} INFO - [2026-04-24T09:09:49.492+0000] {dag.py:3036} INFO - Sync 1 DAGs
[2026-04-24T09:09:49.710+0000] {logging_mixin.py:188} INFO - [2026-04-24T09:09:49.709+0000] {dag.py:3823} INFO - Setting next_dagrun for weather_data_pipeline to 2026-04-24 06:00:00+00:00, run_after=2026-04-25 06:00:00+00:00
[2026-04-24T09:09:49.865+0000] {processor.py:183} INFO - Processing /opt/airflow/dags/weather_pipeline_dag.py took 0.896 seconds
[2026-04-24T09:10:21.420+0000] {processor.py:161} INFO - Started process (PID=5028) to work on /opt/airflow/dags/weather_pipeline_dag.py
[2026-04-24T09:10:21.429+0000] {processor.py:830} INFO - Processing file /opt/airflow/dags/weather_pipeline_dag.py for tasks to queue
[2026-04-24T09:10:21.447+0000] {logging_mixin.py:188} INFO - [2026-04-24T09:10:21.444+0000] {dagbag.py:538} INFO - Filling up the DagBag from /opt/airflow/dags/weather_pipeline_dag.py
[2026-04-24T09:10:21.946+0000] {processor.py:840} INFO - DAG(s) 'weather_data_pipeline' retrieved from /opt/airflow/dags/weather_pipeline_dag.py
[2026-04-24T09:10:22.508+0000] {logging_mixin.py:188} INFO - [2026-04-24T09:10:22.495+0000] {dag.py:3036} INFO - Sync 1 DAGs
[2026-04-24T09:10:23.280+0000] {logging_mixin.py:188} INFO - [2026-04-24T09:10:23.278+0000] {dag.py:3823} INFO - Setting next_dagrun for weather_data_pipeline to 2026-04-24 06:00:00+00:00, run_after=2026-04-25 06:00:00+00:00
[2026-04-24T09:10:23.669+0000] {processor.py:183} INFO - Processing /opt/airflow/dags/weather_pipeline_dag.py took 2.324 seconds
[2026-04-24T09:10:55.279+0000] {processor.py:161} INFO - Started process (PID=5039) to work on /opt/airflow/dags/weather_pipeline_dag.py
[2026-04-24T09:10:55.291+0000] {processor.py:830} INFO - Processing file /opt/airflow/dags/weather_pipeline_dag.py for tasks to queue
[2026-04-24T09:10:55.299+0000] {logging_mixin.py:188} INFO - [2026-04-24T09:10:55.297+0000] {dagbag.py:538} INFO - Filling up the DagBag from /opt/airflow/dags/weather_pipeline_dag.py
[2026-04-24T09:10:55.669+0000] {processor.py:840} INFO - DAG(s) 'weather_data_pipeline' retrieved from /opt/airflow/dags/weather_pipeline_dag.py
[2026-04-24T09:10:56.018+0000] {logging_mixin.py:188} INFO - [2026-04-24T09:10:56.015+0000] {dag.py:3036} INFO - Sync 1 DAGs
[2026-04-24T09:10:56.195+0000] {logging_mixin.py:188} INFO - [2026-04-24T09:10:56.193+0000] {dag.py:3823} INFO - Setting next_dagrun for weather_data_pipeline to 2026-04-24 06:00:00+00:00, run_after=2026-04-25 06:00:00+00:00
[2026-04-24T09:10:56.332+0000] {processor.py:183} INFO - Processing /opt/airflow/dags/weather_pipeline_dag.py took 1.088 seconds
[2026-04-24T09:11:27.832+0000] {processor.py:161} INFO - Started process (PID=5050) to work on /opt/airflow/dags/weather_pipeline_dag.py
[2026-04-24T09:11:27.894+0000] {processor.py:830} INFO - Processing file /opt/airflow/dags/weather_pipeline_dag.py for tasks to queue
[2026-04-24T09:11:27.945+0000] {logging_mixin.py:188} INFO - [2026-04-24T09:11:27.930+0000] {dagbag.py:538} INFO - Filling up the DagBag from /opt/airflow/dags/weather_pipeline_dag.py
[2026-04-24T09:11:28.726+0000] {processor.py:840} INFO - DAG(s) 'weather_data_pipeline' retrieved from /opt/airflow/dags/weather_pipeline_dag.py
[2026-04-24T09:11:28.975+0000] {logging_mixin.py:188} INFO - [2026-04-24T09:11:28.973+0000] {dag.py:3036} INFO - Sync 1 DAGs
[2026-04-24T09:11:29.259+0000] {logging_mixin.py:188} INFO - [2026-04-24T09:11:29.255+0000] {dag.py:3823} INFO - Setting next_dagrun for weather_data_pipeline to 2026-04-24 06:00:00+00:00, run_after=2026-04-25 06:00:00+00:00
[2026-04-24T09:11:29.538+0000] {processor.py:183} INFO - Processing /opt/airflow/dags/weather_pipeline_dag.py took 1.784 seconds
[2026-04-24T09:12:00.194+0000] {processor.py:161} INFO - Started process (PID=5061) to work on /opt/airflow/dags/weather_pipeline_dag.py
[2026-04-24T09:12:00.203+0000] {processor.py:830} INFO - Processing file /opt/airflow/dags/weather_pipeline_dag.py for tasks to queue
[2026-04-24T09:12:00.210+0000] {logging_mixin.py:188} INFO - [2026-04-24T09:12:00.208+0000] {dagbag.py:538} INFO - Filling up the DagBag from /opt/airflow/dags/weather_pipeline_dag.py
[2026-04-24T09:12:00.422+0000] {processor.py:840} INFO - DAG(s) 'weather_data_pipeline' retrieved from /opt/airflow/dags/weather_pipeline_dag.py
[2026-04-24T09:12:00.626+0000] {logging_mixin.py:188} INFO - [2026-04-24T09:12:00.624+0000] {dag.py:3036} INFO - Sync 1 DAGs
[2026-04-24T09:12:00.789+0000] {logging_mixin.py:188} INFO - [2026-04-24T09:12:00.787+0000] {dag.py:3823} INFO - Setting next_dagrun for weather_data_pipeline to 2026-04-24 06:00:00+00:00, run_after=2026-04-25 06:00:00+00:00
[2026-04-24T09:12:00.937+0000] {processor.py:183} INFO - Processing /opt/airflow/dags/weather_pipeline_dag.py took 0.768 seconds
[2026-04-24T09:12:31.593+0000] {processor.py:161} INFO - Started process (PID=5072) to work on /opt/airflow/dags/weather_pipeline_dag.py
[2026-04-24T09:12:31.650+0000] {processor.py:830} INFO - Processing file /opt/airflow/dags/weather_pipeline_dag.py for tasks to queue
[2026-04-24T09:12:31.690+0000] {logging_mixin.py:188} INFO - [2026-04-24T09:12:31.687+0000] {dagbag.py:538} INFO - Filling up the DagBag from /opt/airflow/dags/weather_pipeline_dag.py
[2026-04-24T09:12:32.464+0000] {processor.py:840} INFO - DAG(s) 'weather_data_pipeline' retrieved from /opt/airflow/dags/weather_pipeline_dag.py
[2026-04-24T09:12:33.064+0000] {logging_mixin.py:188} INFO - [2026-04-24T09:12:33.062+0000] {dag.py:3036} INFO - Sync 1 DAGs
[2026-04-24T09:12:33.556+0000] {logging_mixin.py:188} INFO - [2026-04-24T09:12:33.554+0000] {dag.py:3823} INFO - Setting next_dagrun for weather_data_pipeline to 2026-04-24 06:00:00+00:00, run_after=2026-04-25 06:00:00+00:00
[2026-04-24T09:12:33.917+0000] {processor.py:183} INFO - Processing /opt/airflow/dags/weather_pipeline_dag.py took 2.441 seconds
[2026-04-24T09:13:05.003+0000] {processor.py:161} INFO - Started process (PID=5083) to work on /opt/airflow/dags/weather_pipeline_dag.py
[2026-04-24T09:13:05.020+0000] {processor.py:830} INFO - Processing file /opt/airflow/dags/weather_pipeline_dag.py for tasks to queue
[2026-04-24T09:13:05.035+0000] {logging_mixin.py:188} INFO - [2026-04-24T09:13:05.030+0000] {dagbag.py:538} INFO - Filling up the DagBag from /opt/airflow/dags/weather_pipeline_dag.py
[2026-04-24T09:13:05.441+0000] {processor.py:840} INFO - DAG(s) 'weather_data_pipeline' retrieved from /opt/airflow/dags/weather_pipeline_dag.py
[2026-04-24T09:13:06.138+0000] {logging_mixin.py:188} INFO - [2026-04-24T09:13:06.136+0000] {dag.py:3036} INFO - Sync 1 DAGs
[2026-04-24T09:13:06.951+0000] {logging_mixin.py:188} INFO - [2026-04-24T09:13:06.949+0000] {dag.py:3823} INFO - Setting next_dagrun for weather_data_pipeline to 2026-04-24 06:00:00+00:00, run_after=2026-04-25 06:00:00+00:00
[2026-04-24T09:13:07.257+0000] {processor.py:183} INFO - Processing /opt/airflow/dags/weather_pipeline_dag.py took 2.290 seconds
[2026-04-24T09:13:38.334+0000] {processor.py:161} INFO - Started process (PID=5101) to work on /opt/airflow/dags/weather_pipeline_dag.py
[2026-04-24T09:13:38.342+0000] {processor.py:830} INFO - Processing file /opt/airflow/dags/weather_pipeline_dag.py for tasks to queue
[2026-04-24T09:13:38.350+0000] {logging_mixin.py:188} INFO - [2026-04-24T09:13:38.348+0000] {dagbag.py:538} INFO - Filling up the DagBag from /opt/airflow/dags/weather_pipeline_dag.py
[2026-04-24T09:13:38.696+0000] {processor.py:840} INFO - DAG(s) 'weather_data_pipeline' retrieved from /opt/airflow/dags/weather_pipeline_dag.py
[2026-04-24T09:13:36.950+0000] {logging_mixin.py:188} INFO - [2026-04-24T09:13:36.948+0000] {dag.py:3036} INFO - Sync 1 DAGs
[2026-04-24T09:13:37.618+0000] {logging_mixin.py:188} INFO - [2026-04-24T09:13:37.616+0000] {dag.py:3823} INFO - Setting next_dagrun for weather_data_pipeline to 2026-04-24 06:00:00+00:00, run_after=2026-04-25 06:00:00+00:00
[2026-04-24T09:13:37.825+0000] {processor.py:183} INFO - Processing /opt/airflow/dags/weather_pipeline_dag.py took 1.885 seconds
[2026-04-24T09:14:08.575+0000] {processor.py:161} INFO - Started process (PID=5113) to work on /opt/airflow/dags/weather_pipeline_dag.py
[2026-04-24T09:14:08.593+0000] {processor.py:830} INFO - Processing file /opt/airflow/dags/weather_pipeline_dag.py for tasks to queue
[2026-04-24T09:14:08.605+0000] {logging_mixin.py:188} INFO - [2026-04-24T09:14:08.602+0000] {dagbag.py:538} INFO - Filling up the DagBag from /opt/airflow/dags/weather_pipeline_dag.py
[2026-04-24T09:14:08.961+0000] {processor.py:840} INFO - DAG(s) 'weather_data_pipeline' retrieved from /opt/airflow/dags/weather_pipeline_dag.py
[2026-04-24T09:14:09.465+0000] {logging_mixin.py:188} INFO - [2026-04-24T09:14:09.463+0000] {dag.py:3036} INFO - Sync 1 DAGs
[2026-04-24T09:14:09.923+0000] {logging_mixin.py:188} INFO - [2026-04-24T09:14:09.907+0000] {dag.py:3823} INFO - Setting next_dagrun for weather_data_pipeline to 2026-04-24 06:00:00+00:00, run_after=2026-04-25 06:00:00+00:00
[2026-04-24T09:14:10.284+0000] {processor.py:183} INFO - Processing /opt/airflow/dags/weather_pipeline_dag.py took 1.776 seconds
[2026-04-24T09:14:41.014+0000] {processor.py:161} INFO - Started process (PID=5124) to work on /opt/airflow/dags/weather_pipeline_dag.py
[2026-04-24T09:14:41.039+0000] {processor.py:830} INFO - Processing file /opt/airflow/dags/weather_pipeline_dag.py for tasks to queue
[2026-04-24T09:14:41.048+0000] {logging_mixin.py:188} INFO - [2026-04-24T09:14:41.045+0000] {dagbag.py:538} INFO - Filling up the DagBag from /opt/airflow/dags/weather_pipeline_dag.py
[2026-04-24T09:14:42.175+0000] {processor.py:840} INFO - DAG(s) 'weather_data_pipeline' retrieved from /opt/airflow/dags/weather_pipeline_dag.py
[2026-04-24T09:14:42.476+0000] {logging_mixin.py:188} INFO - [2026-04-24T09:14:42.470+0000] {dag.py:3036} INFO - Sync 1 DAGs
[2026-04-24T09:14:43.119+0000] {logging_mixin.py:188} INFO - [2026-04-24T09:14:43.113+0000] {dag.py:3823} INFO - Setting next_dagrun for weather_data_pipeline to 2026-04-24 06:00:00+00:00, run_after=2026-04-25 06:00:00+00:00
[2026-04-24T09:14:43.419+0000] {processor.py:183} INFO - Processing /opt/airflow/dags/weather_pipeline_dag.py took 2.442 seconds
[2026-04-24T09:15:14.675+0000] {processor.py:161} INFO - Started process (PID=5135) to work on /opt/airflow/dags/weather_pipeline_dag.py
[2026-04-24T09:15:14.682+0000] {processor.py:830} INFO - Processing file /opt/airflow/dags/weather_pipeline_dag.py for tasks to queue
[2026-04-24T09:15:14.700+0000] {logging_mixin.py:188} INFO - [2026-04-24T09:15:14.697+0000] {dagbag.py:538} INFO - Filling up the DagBag from /opt/airflow/dags/weather_pipeline_dag.py
[2026-04-24T09:15:14.929+0000] {processor.py:840} INFO - DAG(s) 'weather_data_pipeline' retrieved from /opt/airflow/dags/weather_pipeline_dag.py
[2026-04-24T09:15:15.390+0000] {logging_mixin.py:188} INFO - [2026-04-24T09:15:15.389+0000] {dag.py:3036} INFO - Sync 1 DAGs
[2026-04-24T09:15:15.812+0000] {logging_mixin.py:188} INFO - [2026-04-24T09:15:15.811+0000] {dag.py:3823} INFO - Setting next_dagrun for weather_data_pipeline to 2026-04-24 06:00:00+00:00, run_after=2026-04-25 06:00:00+00:00
[2026-04-24T09:15:15.962+0000] {processor.py:183} INFO - Processing /opt/airflow/dags/weather_pipeline_dag.py took 1.320 seconds
[2026-04-24T09:15:46.512+0000] {processor.py:161} INFO - Started process (PID=5146) to work on /opt/airflow/dags/weather_pipeline_dag.py
[2026-04-24T09:15:46.519+0000] {processor.py:830} INFO - Processing file /opt/airflow/dags/weather_pipeline_dag.py for tasks to queue
[2026-04-24T09:15:46.528+0000] {logging_mixin.py:188} INFO - [2026-04-24T09:15:46.526+0000] {dagbag.py:538} INFO - Filling up the DagBag from /opt/airflow/dags/weather_pipeline_dag.py
[2026-04-24T09:15:46.736+0000] {processor.py:840} INFO - DAG(s) 'weather_data_pipeline' retrieved from /opt/airflow/dags/weather_pipeline_dag.py
[2026-04-24T09:15:46.904+0000] {logging_mixin.py:188} INFO - [2026-04-24T09:15:46.902+0000] {dag.py:3036} INFO - Sync 1 DAGs
[2026-04-24T09:15:47.132+0000] {logging_mixin.py:188} INFO - [2026-04-24T09:15:47.130+0000] {dag.py:3823} INFO - Setting next_dagrun for weather_data_pipeline to 2026-04-24 06:00:00+00:00, run_after=2026-04-25 06:00:00+00:00
[2026-04-24T09:15:47.254+0000] {processor.py:183} INFO - Processing /opt/airflow/dags/weather_pipeline_dag.py took 0.771 seconds
[2026-04-24T09:16:17.640+0000] {processor.py:161} INFO - Started process (PID=5157) to work on /opt/airflow/dags/weather_pipeline_dag.py
[2026-04-24T09:16:17.648+0000] {processor.py:830} INFO - Processing file /opt/airflow/dags/weather_pipeline_dag.py for tasks to queue
[2026-04-24T09:16:17.656+0000] {logging_mixin.py:188} INFO - [2026-04-24T09:16:17.654+0000] {dagbag.py:538} INFO - Filling up the DagBag from /opt/airflow/dags/weather_pipeline_dag.py
[2026-04-24T09:16:18.000+0000] {processor.py:840} INFO - DAG(s) 'weather_data_pipeline' retrieved from /opt/airflow/dags/weather_pipeline_dag.py
[2026-04-24T09:16:18.191+0000] {logging_mixin.py:188} INFO - [2026-04-24T09:16:18.189+0000] {dag.py:3036} INFO - Sync 1 DAGs
[2026-04-24T09:16:18.465+0000] {logging_mixin.py:188} INFO - [2026-04-24T09:16:18.458+0000] {dag.py:3823} INFO - Setting next_dagrun for weather_data_pipeline to 2026-04-24 06:00:00+00:00, run_after=2026-04-25 06:00:00+00:00
[2026-04-24T09:16:18.816+0000] {processor.py:183} INFO - Processing /opt/airflow/dags/weather_pipeline_dag.py took 1.209 seconds
[2026-04-24T09:16:49.464+0000] {processor.py:161} INFO - Started process (PID=5169) to work on /opt/airflow/dags/weather_pipeline_dag.py
[2026-04-24T09:16:49.472+0000] {processor.py:830} INFO - Processing file /opt/airflow/dags/weather_pipeline_dag.py for tasks to queue
[2026-04-24T09:16:49.479+0000] {logging_mixin.py:188} INFO - [2026-04-24T09:16:49.477+0000] {dagbag.py:538} INFO - Filling up the DagBag from /opt/airflow/dags/weather_pipeline_dag.py
[2026-04-24T09:16:49.681+0000] {processor.py:840} INFO - DAG(s) 'weather_data_pipeline' retrieved from /opt/airflow/dags/weather_pipeline_dag.py
[2026-04-24T09:16:49.856+0000] {logging_mixin.py:188} INFO - [2026-04-24T09:16:49.855+0000] {dag.py:3036} INFO - Sync 1 DAGs
[2026-04-24T09:16:50.041+0000] {logging_mixin.py:188} INFO - [2026-04-24T09:16:50.039+0000] {dag.py:3823} INFO - Setting next_dagrun for weather_data_pipeline to 2026-04-24 06:00:00+00:00, run_after=2026-04-25 06:00:00+00:00
[2026-04-24T09:16:50.255+0000] {processor.py:183} INFO - Processing /opt/airflow/dags/weather_pipeline_dag.py took 0.814 seconds
[2026-04-24T09:17:21.549+0000] {processor.py:161} INFO - Started process (PID=5186) to work on /opt/airflow/dags/weather_pipeline_dag.py
[2026-04-24T09:17:21.576+0000] {processor.py:830} INFO - Processing file /opt/airflow/dags/weather_pipeline_dag.py for tasks to queue
[2026-04-24T09:17:21.599+0000] {logging_mixin.py:188} INFO - [2026-04-24T09:17:21.590+0000] {dagbag.py:538} INFO - Filling up the DagBag from /opt/airflow/dags/weather_pipeline_dag.py
[2026-04-24T09:17:22.228+0000] {processor.py:840} INFO - DAG(s) 'weather_data_pipeline' retrieved from /opt/airflow/dags/weather_pipeline_dag.py
[2026-04-24T09:17:22.686+0000] {logging_mixin.py:188} INFO - [2026-04-24T09:17:22.685+0000] {dag.py:3036} INFO - Sync 1 DAGs
[2026-04-24T09:17:22.897+0000] {logging_mixin.py:188} INFO - [2026-04-24T09:17:22.896+0000] {dag.py:3823} INFO - Setting next_dagrun for weather_data_pipeline to 2026-04-24 06:00:00+00:00, run_after=2026-04-25 06:00:00+00:00
[2026-04-24T09:17:23.124+0000] {processor.py:183} INFO - Processing /opt/airflow/dags/weather_pipeline_dag.py took 1.633 seconds
[2026-04-24T09:17:53.607+0000] {processor.py:161} INFO - Started process (PID=5197) to work on /opt/airflow/dags/weather_pipeline_dag.py
[2026-04-24T09:17:53.614+0000] {processor.py:830} INFO - Processing file /opt/airflow/dags/weather_pipeline_dag.py for tasks to queue
[2026-04-24T09:17:53.621+0000] {logging_mixin.py:188} INFO - [2026-04-24T09:17:53.619+0000] {dagbag.py:538} INFO - Filling up the DagBag from /opt/airflow/dags/weather_pipeline_dag.py
[2026-04-24T09:17:53.806+0000] {processor.py:840} INFO - DAG(s) 'weather_data_pipeline' retrieved from /opt/airflow/dags/weather_pipeline_dag.py
[2026-04-24T09:17:53.971+0000] {logging_mixin.py:188} INFO - [2026-04-24T09:17:53.970+0000] {dag.py:3036} INFO - Sync 1 DAGs
[2026-04-24T09:17:54.128+0000] {logging_mixin.py:188} INFO - [2026-04-24T09:17:54.126+0000] {dag.py:3823} INFO - Setting next_dagrun for weather_data_pipeline to 2026-04-24 06:00:00+00:00, run_after=2026-04-25 06:00:00+00:00
[2026-04-24T09:17:54.268+0000] {processor.py:183} INFO - Processing /opt/airflow/dags/weather_pipeline_dag.py took 0.685 seconds
[2026-04-24T09:18:24.626+0000] {processor.py:161} INFO - Started process (PID=5208) to work on /opt/airflow/dags/weather_pipeline_dag.py
[2026-04-24T09:18:24.636+0000] {processor.py:830} INFO - Processing file /opt/airflow/dags/weather_pipeline_dag.py for tasks to queue
[2026-04-24T09:18:24.646+0000] {logging_mixin.py:188} INFO - [2026-04-24T09:18:24.643+0000] {dagbag.py:538} INFO - Filling up the DagBag from /opt/airflow/dags/weather_pipeline_dag.py
[2026-04-24T09:18:24.976+0000] {processor.py:840} INFO - DAG(s) 'weather_data_pipeline' retrieved from /opt/airflow/dags/weather_pipeline_dag.py
[2026-04-24T09:18:25.653+0000] {logging_mixin.py:188} INFO - [2026-04-24T09:18:25.651+0000] {dag.py:3036} INFO - Sync 1 DAGs
[2026-04-24T09:18:25.899+0000] {logging_mixin.py:188} INFO - [2026-04-24T09:18:25.898+0000] {dag.py:3823} INFO - Setting next_dagrun for weather_data_pipeline to 2026-04-24 06:00:00+00:00, run_after=2026-04-25 06:00:00+00:00
[2026-04-24T09:18:26.018+0000] {processor.py:183} INFO - Processing /opt/airflow/dags/weather_pipeline_dag.py took 1.423 seconds
[2026-04-24T09:18:56.719+0000] {processor.py:161} INFO - Started process (PID=5219) to work on /opt/airflow/dags/weather_pipeline_dag.py
[2026-04-24T09:18:56.727+0000] {processor.py:830} INFO - Processing file /opt/airflow/dags/weather_pipeline_dag.py for tasks to queue
[2026-04-24T09:18:56.736+0000] {logging_mixin.py:188} INFO - [2026-04-24T09:18:56.734+0000] {dagbag.py:538} INFO - Filling up the DagBag from /opt/airflow/dags/weather_pipeline_dag.py
[2026-04-24T09:18:56.962+0000] {processor.py:840} INFO - DAG(s) 'weather_data_pipeline' retrieved from /opt/airflow/dags/weather_pipeline_dag.py
[2026-04-24T09:18:57.150+0000] {logging_mixin.py:188} INFO - [2026-04-24T09:18:57.148+0000] {dag.py:3036} INFO - Sync 1 DAGs
[2026-04-24T09:18:57.387+0000] {logging_mixin.py:188} INFO - [2026-04-24T09:18:57.379+0000] {dag.py:3823} INFO - Setting next_dagrun for weather_data_pipeline to 2026-04-24 06:00:00+00:00, run_after=2026-04-25 06:00:00+00:00
[2026-04-24T09:18:57.627+0000] {processor.py:183} INFO - Processing /opt/airflow/dags/weather_pipeline_dag.py took 0.956 seconds
[2026-04-24T09:19:29.238+0000] {processor.py:161} INFO - Started process (PID=5231) to work on /opt/airflow/dags/weather_pipeline_dag.py
[2026-04-24T09:19:29.266+0000] {processor.py:830} INFO - Processing file /opt/airflow/dags/weather_pipeline_dag.py for tasks to queue
[2026-04-24T09:19:29.284+0000] {logging_mixin.py:188} INFO - [2026-04-24T09:19:29.281+0000] {dagbag.py:538} INFO - Filling up the DagBag from /opt/airflow/dags/weather_pipeline_dag.py
[2026-04-24T09:19:30.060+0000] {processor.py:840} INFO - DAG(s) 'weather_data_pipeline' retrieved from /opt/airflow/dags/weather_pipeline_dag.py
[2026-04-24T09:19:30.357+0000] {logging_mixin.py:188} INFO - [2026-04-24T09:19:30.356+0000] {dag.py:3036} INFO - Sync 1 DAGs
[2026-04-24T09:19:30.553+0000] {logging_mixin.py:188} INFO - [2026-04-24T09:19:30.551+0000] {dag.py:3823} INFO - Setting next_dagrun for weather_data_pipeline to 2026-04-24 06:00:00+00:00, run_after=2026-04-25 06:00:00+00:00
[2026-04-24T09:19:30.729+0000] {processor.py:183} INFO - Processing /opt/airflow/dags/weather_pipeline_dag.py took 1.568 seconds
[2026-04-24T09:20:01.764+0000] {processor.py:161} INFO - Started process (PID=5242) to work on /opt/airflow/dags/weather_pipeline_dag.py
[2026-04-24T09:20:01.771+0000] {processor.py:830} INFO - Processing file /opt/airflow/dags/weather_pipeline_dag.py for tasks to queue
[2026-04-24T09:20:01.779+0000] {logging_mixin.py:188} INFO - [2026-04-24T09:20:01.777+0000] {dagbag.py:538} INFO - Filling up the DagBag from /opt/airflow/dags/weather_pipeline_dag.py
[2026-04-24T09:20:02.125+0000] {processor.py:840} INFO - DAG(s) 'weather_data_pipeline' retrieved from /opt/airflow/dags/weather_pipeline_dag.py
[2026-04-24T09:20:02.766+0000] {logging_mixin.py:188} INFO - [2026-04-24T09:20:02.764+0000] {dag.py:3036} INFO - Sync 1 DAGs
[2026-04-24T09:20:03.360+0000] {logging_mixin.py:188} INFO - [2026-04-24T09:20:03.357+0000] {dag.py:3823} INFO - Setting next_dagrun for weather_data_pipeline to 2026-04-24 06:00:00+00:00, run_after=2026-04-25 06:00:00+00:00
[2026-04-24T09:20:04.143+0000] {processor.py:183} INFO - Processing /opt/airflow/dags/weather_pipeline_dag.py took 2.403 seconds
[2026-04-24T09:20:35.357+0000] {processor.py:161} INFO - Started process (PID=5254) to work on /opt/airflow/dags/weather_pipeline_dag.py
[2026-04-24T09:20:35.374+0000] {processor.py:830} INFO - Processing file /opt/airflow/dags/weather_pipeline_dag.py for tasks to queue
[2026-04-24T09:20:35.393+0000] {logging_mixin.py:188} INFO - [2026-04-24T09:20:35.381+0000] {dagbag.py:538} INFO - Filling up the DagBag from /opt/airflow/dags/weather_pipeline_dag.py
[2026-04-24T09:20:36.127+0000] {processor.py:840} INFO - DAG(s) 'weather_data_pipeline' retrieved from /opt/airflow/dags/weather_pipeline_dag.py
[2026-04-24T09:20:36.588+0000] {logging_mixin.py:188} INFO - [2026-04-24T09:20:36.586+0000] {dag.py:3036} INFO - Sync 1 DAGs
[2026-04-24T09:20:37.196+0000] {logging_mixin.py:188} INFO - [2026-04-24T09:20:37.194+0000] {dag.py:3823} INFO - Setting next_dagrun for weather_data_pipeline to 2026-04-24 06:00:00+00:00, run_after=2026-04-25 06:00:00+00:00
[2026-04-24T09:20:37.579+0000] {processor.py:183} INFO - Processing /opt/airflow/dags/weather_pipeline_dag.py took 2.282 seconds
[2026-04-24T09:21:08.713+0000] {processor.py:161} INFO - Started process (PID=5271) to work on /opt/airflow/dags/weather_pipeline_dag.py
[2026-04-24T09:21:08.722+0000] {processor.py:830} INFO - Processing file /opt/airflow/dags/weather_pipeline_dag.py for tasks to queue
[2026-04-24T09:21:08.732+0000] {logging_mixin.py:188} INFO - [2026-04-24T09:21:08.730+0000] {dagbag.py:538} INFO - Filling up the DagBag from /opt/airflow/dags/weather_pipeline_dag.py
[2026-04-24T09:21:08.990+0000] {processor.py:840} INFO - DAG(s) 'weather_data_pipeline' retrieved from /opt/airflow/dags/weather_pipeline_dag.py
[2026-04-24T09:21:09.226+0000] {logging_mixin.py:188} INFO - [2026-04-24T09:21:09.224+0000] {dag.py:3036} INFO - Sync 1 DAGs
[2026-04-24T09:21:09.431+0000] {logging_mixin.py:188} INFO - [2026-04-24T09:21:09.430+0000] {dag.py:3823} INFO - Setting next_dagrun for weather_data_pipeline to 2026-04-24 06:00:00+00:00, run_after=2026-04-25 06:00:00+00:00
[2026-04-24T09:21:09.627+0000] {processor.py:183} INFO - Processing /opt/airflow/dags/weather_pipeline_dag.py took 1.012 seconds
[2026-04-24T09:21:40.125+0000] {processor.py:161} INFO - Started process (PID=5282) to work on /opt/airflow/dags/weather_pipeline_dag.py
[2026-04-24T09:21:40.131+0000] {processor.py:830} INFO - Processing file /opt/airflow/dags/weather_pipeline_dag.py for tasks to queue
[2026-04-24T09:21:40.138+0000] {logging_mixin.py:188} INFO - [2026-04-24T09:21:40.136+0000] {dagbag.py:538} INFO - Filling up the DagBag from /opt/airflow/dags/weather_pipeline_dag.py
[2026-04-24T09:21:40.317+0000] {processor.py:840} INFO - DAG(s) 'weather_data_pipeline' retrieved from /opt/airflow/dags/weather_pipeline_dag.py
[2026-04-24T09:21:40.475+0000] {logging_mixin.py:188} INFO - [2026-04-24T09:21:40.473+0000] {dag.py:3036} INFO - Sync 1 DAGs
[2026-04-24T09:21:40.757+0000] {logging_mixin.py:188} INFO - [2026-04-24T09:21:40.752+0000] {dag.py:3823} INFO - Setting next_dagrun for weather_data_pipeline to 2026-04-24 06:00:00+00:00, run_after=2026-04-25 06:00:00+00:00
[2026-04-24T09:21:40.931+0000] {processor.py:183} INFO - Processing /opt/airflow/dags/weather_pipeline_dag.py took 0.827 seconds
[2026-04-24T09:22:11.378+0000] {processor.py:161} INFO - Started process (PID=5293) to work on /opt/airflow/dags/weather_pipeline_dag.py
[2026-04-24T09:22:11.399+0000] {processor.py:830} INFO - Processing file /opt/airflow/dags/weather_pipeline_dag.py for tasks to queue
[2026-04-24T09:22:11.415+0000] {logging_mixin.py:188} INFO - [2026-04-24T09:22:11.409+0000] {dagbag.py:538} INFO - Filling up the DagBag from /opt/airflow/dags/weather_pipeline_dag.py
[2026-04-24T09:22:11.616+0000] {processor.py:840} INFO - DAG(s) 'weather_data_pipeline' retrieved from /opt/airflow/dags/weather_pipeline_dag.py
[2026-04-24T09:22:11.924+0000] {logging_mixin.py:188} INFO - [2026-04-24T09:22:11.913+0000] {dag.py:3036} INFO - Sync 1 DAGs
[2026-04-24T09:22:12.358+0000] {logging_mixin.py:188} INFO - [2026-04-24T09:22:12.345+0000] {dag.py:3823} INFO - Setting next_dagrun for weather_data_pipeline to 2026-04-24 06:00:00+00:00, run_after=2026-04-25 06:00:00+00:00
[2026-04-24T09:22:12.833+0000] {processor.py:183} INFO - Processing /opt/airflow/dags/weather_pipeline_dag.py took 1.496 seconds
[2026-04-24T09:22:44.362+0000] {processor.py:161} INFO - Started process (PID=5304) to work on /opt/airflow/dags/weather_pipeline_dag.py
[2026-04-24T09:22:44.393+0000] {processor.py:830} INFO - Processing file /opt/airflow/dags/weather_pipeline_dag.py for tasks to queue
[2026-04-24T09:22:44.412+0000] {logging_mixin.py:188} INFO - [2026-04-24T09:22:44.401+0000] {dagbag.py:538} INFO - Filling up the DagBag from /opt/airflow/dags/weather_pipeline_dag.py
[2026-04-24T09:22:44.793+0000] {processor.py:840} INFO - DAG(s) 'weather_data_pipeline' retrieved from /opt/airflow/dags/weather_pipeline_dag.py
[2026-04-24T09:22:45.344+0000] {logging_mixin.py:188} INFO - [2026-04-24T09:22:45.342+0000] {dag.py:3036} INFO - Sync 1 DAGs
[2026-04-24T09:22:45.883+0000] {logging_mixin.py:188} INFO - [2026-04-24T09:22:45.881+0000] {dag.py:3823} INFO - Setting next_dagrun for weather_data_pipeline to 2026-04-24 06:00:00+00:00, run_after=2026-04-25 06:00:00+00:00
[2026-04-24T09:22:46.154+0000] {processor.py:183} INFO - Processing /opt/airflow/dags/weather_pipeline_dag.py took 1.864 seconds
[2026-04-24T09:23:16.992+0000] {processor.py:161} INFO - Started process (PID=5316) to work on /opt/airflow/dags/weather_pipeline_dag.py
[2026-04-24T09:23:17.006+0000] {processor.py:830} INFO - Processing file /opt/airflow/dags/weather_pipeline_dag.py for tasks to queue
[2026-04-24T09:23:17.026+0000] {logging_mixin.py:188} INFO - [2026-04-24T09:23:17.023+0000] {dagbag.py:538} INFO - Filling up the DagBag from /opt/airflow/dags/weather_pipeline_dag.py
[2026-04-24T09:23:19.970+0000] {processor.py:840} INFO - DAG(s) 'weather_data_pipeline' retrieved from /opt/airflow/dags/weather_pipeline_dag.py
[2026-04-24T09:23:20.595+0000] {logging_mixin.py:188} INFO - [2026-04-24T09:23:20.593+0000] {dag.py:3036} INFO - Sync 1 DAGs
[2026-04-24T09:23:19.175+0000] {logging_mixin.py:188} INFO - [2026-04-24T09:23:19.173+0000] {dag.py:3823} INFO - Setting next_dagrun for weather_data_pipeline to 2026-04-24 06:00:00+00:00, run_after=2026-04-25 06:00:00+00:00
[2026-04-24T09:23:19.730+0000] {processor.py:183} INFO - Processing /opt/airflow/dags/weather_pipeline_dag.py took 4.960 seconds
[2026-04-24T09:23:50.500+0000] {processor.py:161} INFO - Started process (PID=5327) to work on /opt/airflow/dags/weather_pipeline_dag.py
[2026-04-24T09:23:50.508+0000] {processor.py:830} INFO - Processing file /opt/airflow/dags/weather_pipeline_dag.py for tasks to queue
[2026-04-24T09:23:50.515+0000] {logging_mixin.py:188} INFO - [2026-04-24T09:23:50.512+0000] {dagbag.py:538} INFO - Filling up the DagBag from /opt/airflow/dags/weather_pipeline_dag.py
[2026-04-24T09:23:50.703+0000] {processor.py:840} INFO - DAG(s) 'weather_data_pipeline' retrieved from /opt/airflow/dags/weather_pipeline_dag.py
[2026-04-24T09:23:51.099+0000] {logging_mixin.py:188} INFO - [2026-04-24T09:23:51.096+0000] {dag.py:3036} INFO - Sync 1 DAGs
[2026-04-24T09:23:51.827+0000] {logging_mixin.py:188} INFO - [2026-04-24T09:23:51.823+0000] {dag.py:3823} INFO - Setting next_dagrun for weather_data_pipeline to 2026-04-24 06:00:00+00:00, run_after=2026-04-25 06:00:00+00:00
[2026-04-24T09:23:52.184+0000] {processor.py:183} INFO - Processing /opt/airflow/dags/weather_pipeline_dag.py took 1.710 seconds
[2026-04-24T09:24:23.361+0000] {processor.py:161} INFO - Started process (PID=5338) to work on /opt/airflow/dags/weather_pipeline_dag.py
[2026-04-24T09:24:23.371+0000] {processor.py:830} INFO - Processing file /opt/airflow/dags/weather_pipeline_dag.py for tasks to queue
[2026-04-24T09:24:23.385+0000] {logging_mixin.py:188} INFO - [2026-04-24T09:24:23.382+0000] {dagbag.py:538} INFO - Filling up the DagBag from /opt/airflow/dags/weather_pipeline_dag.py
[2026-04-24T09:24:23.848+0000] {processor.py:840} INFO - DAG(s) 'weather_data_pipeline' retrieved from /opt/airflow/dags/weather_pipeline_dag.py
[2026-04-24T09:24:24.848+0000] {logging_mixin.py:188} INFO - [2026-04-24T09:24:24.846+0000] {dag.py:3036} INFO - Sync 1 DAGs
[2026-04-24T09:24:25.127+0000] {logging_mixin.py:188} INFO - [2026-04-24T09:24:25.105+0000] {dag.py:3823} INFO - Setting next_dagrun for weather_data_pipeline to 2026-04-24 06:00:00+00:00, run_after=2026-04-25 06:00:00+00:00
[2026-04-24T09:24:25.324+0000] {processor.py:183} INFO - Processing /opt/airflow/dags/weather_pipeline_dag.py took 1.984 seconds
[2026-04-24T09:24:55.676+0000] {processor.py:161} INFO - Started process (PID=5350) to work on /opt/airflow/dags/weather_pipeline_dag.py
[2026-04-24T09:24:55.686+0000] {processor.py:830} INFO - Processing file /opt/airflow/dags/weather_pipeline_dag.py for tasks to queue
[2026-04-24T09:24:55.695+0000] {logging_mixin.py:188} INFO - [2026-04-24T09:24:55.692+0000] {dagbag.py:538} INFO - Filling up the DagBag from /opt/airflow/dags/weather_pipeline_dag.py
[2026-04-24T09:24:55.977+0000] {processor.py:840} INFO - DAG(s) 'weather_data_pipeline' retrieved from /opt/airflow/dags/weather_pipeline_dag.py
[2026-04-24T09:24:56.164+0000] {logging_mixin.py:188} INFO - [2026-04-24T09:24:56.162+0000] {dag.py:3036} INFO - Sync 1 DAGs
[2026-04-24T09:24:56.340+0000] {logging_mixin.py:188} INFO - [2026-04-24T09:24:56.338+0000] {dag.py:3823} INFO - Setting next_dagrun for weather_data_pipeline to 2026-04-24 06:00:00+00:00, run_after=2026-04-25 06:00:00+00:00
[2026-04-24T09:24:56.491+0000] {processor.py:183} INFO - Processing /opt/airflow/dags/weather_pipeline_dag.py took 0.834 seconds
[2026-04-24T09:25:27.349+0000] {processor.py:161} INFO - Started process (PID=5367) to work on /opt/airflow/dags/weather_pipeline_dag.py
[2026-04-24T09:25:27.359+0000] {processor.py:830} INFO - Processing file /opt/airflow/dags/weather_pipeline_dag.py for tasks to queue
[2026-04-24T09:25:27.374+0000] {logging_mixin.py:188} INFO - [2026-04-24T09:25:27.371+0000] {dagbag.py:538} INFO - Filling up the DagBag from /opt/airflow/dags/weather_pipeline_dag.py
[2026-04-24T09:25:27.792+0000] {processor.py:840} INFO - DAG(s) 'weather_data_pipeline' retrieved from /opt/airflow/dags/weather_pipeline_dag.py
[2026-04-24T09:25:27.974+0000] {logging_mixin.py:188} INFO - [2026-04-24T09:25:27.972+0000] {dag.py:3036} INFO - Sync 1 DAGs
[2026-04-24T09:25:28.238+0000] {logging_mixin.py:188} INFO - [2026-04-24T09:25:28.236+0000] {dag.py:3823} INFO - Setting next_dagrun for weather_data_pipeline to 2026-04-24 06:00:00+00:00, run_after=2026-04-25 06:00:00+00:00
[2026-04-24T09:25:28.390+0000] {processor.py:183} INFO - Processing /opt/airflow/dags/weather_pipeline_dag.py took 1.074 seconds
[2026-04-24T09:25:59.886+0000] {processor.py:161} INFO - Started process (PID=5379) to work on /opt/airflow/dags/weather_pipeline_dag.py
[2026-04-24T09:25:59.898+0000] {processor.py:830} INFO - Processing file /opt/airflow/dags/weather_pipeline_dag.py for tasks to queue
[2026-04-24T09:25:59.912+0000] {logging_mixin.py:188} INFO - [2026-04-24T09:25:59.906+0000] {dagbag.py:538} INFO - Filling up the DagBag from /opt/airflow/dags/weather_pipeline_dag.py
[2026-04-24T09:26:00.345+0000] {processor.py:840} INFO - DAG(s) 'weather_data_pipeline' retrieved from /opt/airflow/dags/weather_pipeline_dag.py
[2026-04-24T09:26:00.867+0000] {logging_mixin.py:188} INFO - [2026-04-24T09:26:00.865+0000] {dag.py:3036} INFO - Sync 1 DAGs
[2026-04-24T09:26:01.311+0000] {logging_mixin.py:188} INFO - [2026-04-24T09:26:01.310+0000] {dag.py:3823} INFO - Setting next_dagrun for weather_data_pipeline to 2026-04-24 06:00:00+00:00, run_after=2026-04-25 06:00:00+00:00
[2026-04-24T09:26:01.483+0000] {processor.py:183} INFO - Processing /opt/airflow/dags/weather_pipeline_dag.py took 1.660 seconds
[2026-04-24T09:26:32.078+0000] {processor.py:161} INFO - Started process (PID=5390) to work on /opt/airflow/dags/weather_pipeline_dag.py
[2026-04-24T09:26:32.099+0000] {processor.py:830} INFO - Processing file /opt/airflow/dags/weather_pipeline_dag.py for tasks to queue
[2026-04-24T09:26:32.108+0000] {logging_mixin.py:188} INFO - [2026-04-24T09:26:32.105+0000] {dagbag.py:538} INFO - Filling up the DagBag from /opt/airflow/dags/weather_pipeline_dag.py
[2026-04-24T09:26:32.530+0000] {processor.py:840} INFO - DAG(s) 'weather_data_pipeline' retrieved from /opt/airflow/dags/weather_pipeline_dag.py
[2026-04-24T09:26:32.991+0000] {logging_mixin.py:188} INFO - [2026-04-24T09:26:32.989+0000] {dag.py:3036} INFO - Sync 1 DAGs
[2026-04-24T09:26:33.622+0000] {logging_mixin.py:188} INFO - [2026-04-24T09:26:33.608+0000] {dag.py:3823} INFO - Setting next_dagrun for weather_data_pipeline to 2026-04-24 06:00:00+00:00, run_after=2026-04-25 06:00:00+00:00
[2026-04-24T09:26:34.054+0000] {processor.py:183} INFO - Processing /opt/airflow/dags/weather_pipeline_dag.py took 2.034 seconds
[2026-04-24T09:27:05.522+0000] {processor.py:161} INFO - Started process (PID=5401) to work on /opt/airflow/dags/weather_pipeline_dag.py
[2026-04-24T09:27:05.530+0000] {processor.py:830} INFO - Processing file /opt/airflow/dags/weather_pipeline_dag.py for tasks to queue
[2026-04-24T09:27:05.542+0000] {logging_mixin.py:188} INFO - [2026-04-24T09:27:05.539+0000] {dagbag.py:538} INFO - Filling up the DagBag from /opt/airflow/dags/weather_pipeline_dag.py
[2026-04-24T09:27:05.987+0000] {processor.py:840} INFO - DAG(s) 'weather_data_pipeline' retrieved from /opt/airflow/dags/weather_pipeline_dag.py
[2026-04-24T09:27:06.209+0000] {logging_mixin.py:188} INFO - [2026-04-24T09:27:06.208+0000] {dag.py:3036} INFO - Sync 1 DAGs
[2026-04-24T09:27:06.366+0000] {logging_mixin.py:188} INFO - [2026-04-24T09:27:06.361+0000] {dag.py:3823} INFO - Setting next_dagrun for weather_data_pipeline to 2026-04-24 06:00:00+00:00, run_after=2026-04-25 06:00:00+00:00
[2026-04-24T09:27:06.617+0000] {processor.py:183} INFO - Processing /opt/airflow/dags/weather_pipeline_dag.py took 1.122 seconds
[2026-04-24T09:27:37.142+0000] {processor.py:161} INFO - Started process (PID=5413) to work on /opt/airflow/dags/weather_pipeline_dag.py
[2026-04-24T09:27:37.151+0000] {processor.py:830} INFO - Processing file /opt/airflow/dags/weather_pipeline_dag.py for tasks to queue
[2026-04-24T09:27:37.159+0000] {logging_mixin.py:188} INFO - [2026-04-24T09:27:37.157+0000] {dagbag.py:538} INFO - Filling up the DagBag from /opt/airflow/dags/weather_pipeline_dag.py
[2026-04-24T09:27:37.410+0000] {processor.py:840} INFO - DAG(s) 'weather_data_pipeline' retrieved from /opt/airflow/dags/weather_pipeline_dag.py
[2026-04-24T09:27:37.626+0000] {logging_mixin.py:188} INFO - [2026-04-24T09:27:37.624+0000] {dag.py:3036} INFO - Sync 1 DAGs
[2026-04-24T09:27:37.808+0000] {logging_mixin.py:188} INFO - [2026-04-24T09:27:37.806+0000] {dag.py:3823} INFO - Setting next_dagrun for weather_data_pipeline to 2026-04-24 06:00:00+00:00, run_after=2026-04-25 06:00:00+00:00
[2026-04-24T09:27:37.932+0000] {processor.py:183} INFO - Processing /opt/airflow/dags/weather_pipeline_dag.py took 0.820 seconds
[2026-04-24T09:28:08.460+0000] {processor.py:161} INFO - Started process (PID=5424) to work on /opt/airflow/dags/weather_pipeline_dag.py
[2026-04-24T09:28:08.474+0000] {processor.py:830} INFO - Processing file /opt/airflow/dags/weather_pipeline_dag.py for tasks to queue
[2026-04-24T09:28:08.483+0000] {logging_mixin.py:188} INFO - [2026-04-24T09:28:08.480+0000] {dagbag.py:538} INFO - Filling up the DagBag from /opt/airflow/dags/weather_pipeline_dag.py
[2026-04-24T09:28:08.834+0000] {processor.py:840} INFO - DAG(s) 'weather_data_pipeline' retrieved from /opt/airflow/dags/weather_pipeline_dag.py
[2026-04-24T09:28:09.000+0000] {logging_mixin.py:188} INFO - [2026-04-24T09:28:08.999+0000] {dag.py:3036} INFO - Sync 1 DAGs
[2026-04-24T09:28:09.146+0000] {logging_mixin.py:188} INFO - [2026-04-24T09:28:09.144+0000] {dag.py:3823} INFO - Setting next_dagrun for weather_data_pipeline to 2026-04-24 06:00:00+00:00, run_after=2026-04-25 06:00:00+00:00
[2026-04-24T09:28:09.466+0000] {processor.py:183} INFO - Processing /opt/airflow/dags/weather_pipeline_dag.py took 1.047 seconds
[2026-04-24T09:28:40.657+0000] {processor.py:161} INFO - Started process (PID=5435) to work on /opt/airflow/dags/weather_pipeline_dag.py
[2026-04-24T09:28:40.664+0000] {processor.py:830} INFO - Processing file /opt/airflow/dags/weather_pipeline_dag.py for tasks to queue
[2026-04-24T09:28:40.672+0000] {logging_mixin.py:188} INFO - [2026-04-24T09:28:40.670+0000] {dagbag.py:538} INFO - Filling up the DagBag from /opt/airflow/dags/weather_pipeline_dag.py
[2026-04-24T09:28:40.856+0000] {processor.py:840} INFO - DAG(s) 'weather_data_pipeline' retrieved from /opt/airflow/dags/weather_pipeline_dag.py
[2026-04-24T09:28:41.127+0000] {logging_mixin.py:188} INFO - [2026-04-24T09:28:41.126+0000] {dag.py:3036} INFO - Sync 1 DAGs
[2026-04-24T09:28:41.321+0000] {logging_mixin.py:188} INFO - [2026-04-24T09:28:41.320+0000] {dag.py:3823} INFO - Setting next_dagrun for weather_data_pipeline to 2026-04-24 06:00:00+00:00, run_after=2026-04-25 06:00:00+00:00
[2026-04-24T09:28:41.489+0000] {processor.py:183} INFO - Processing /opt/airflow/dags/weather_pipeline_dag.py took 0.852 seconds
[2026-04-24T09:29:12.033+0000] {processor.py:161} INFO - Started process (PID=5446) to work on /opt/airflow/dags/weather_pipeline_dag.py
[2026-04-24T09:29:12.043+0000] {processor.py:830} INFO - Processing file /opt/airflow/dags/weather_pipeline_dag.py for tasks to queue
[2026-04-24T09:29:12.054+0000] {logging_mixin.py:188} INFO - [2026-04-24T09:29:12.049+0000] {dagbag.py:538} INFO - Filling up the DagBag from /opt/airflow/dags/weather_pipeline_dag.py
[2026-04-24T09:29:12.430+0000] {processor.py:840} INFO - DAG(s) 'weather_data_pipeline' retrieved from /opt/airflow/dags/weather_pipeline_dag.py
[2026-04-24T09:29:12.926+0000] {logging_mixin.py:188} INFO - [2026-04-24T09:29:12.912+0000] {dag.py:3036} INFO - Sync 1 DAGs
[2026-04-24T09:29:13.641+0000] {logging_mixin.py:188} INFO - [2026-04-24T09:29:13.639+0000] {dag.py:3823} INFO - Setting next_dagrun for weather_data_pipeline to 2026-04-24 06:00:00+00:00, run_after=2026-04-25 06:00:00+00:00
[2026-04-24T09:29:14.136+0000] {processor.py:183} INFO - Processing /opt/airflow/dags/weather_pipeline_dag.py took 2.117 seconds
[2026-04-24T09:29:45.164+0000] {processor.py:161} INFO - Started process (PID=5462) to work on /opt/airflow/dags/weather_pipeline_dag.py
[2026-04-24T09:29:45.220+0000] {processor.py:830} INFO - Processing file /opt/airflow/dags/weather_pipeline_dag.py for tasks to queue
[2026-04-24T09:29:45.269+0000] {logging_mixin.py:188} INFO - [2026-04-24T09:29:45.265+0000] {dagbag.py:538} INFO - Filling up the DagBag from /opt/airflow/dags/weather_pipeline_dag.py
[2026-04-24T09:29:45.914+0000] {processor.py:840} INFO - DAG(s) 'weather_data_pipeline' retrieved from /opt/airflow/dags/weather_pipeline_dag.py
[2026-04-24T09:29:46.670+0000] {logging_mixin.py:188} INFO - [2026-04-24T09:29:46.668+0000] {dag.py:3036} INFO - Sync 1 DAGs
[2026-04-24T09:29:47.010+0000] {logging_mixin.py:188} INFO - [2026-04-24T09:29:47.008+0000] {dag.py:3823} INFO - Setting next_dagrun for weather_data_pipeline to 2026-04-24 06:00:00+00:00, run_after=2026-04-25 06:00:00+00:00
[2026-04-24T09:29:47.283+0000] {processor.py:183} INFO - Processing /opt/airflow/dags/weather_pipeline_dag.py took 2.241 seconds
[2026-04-24T09:30:17.761+0000] {processor.py:161} INFO - Started process (PID=5473) to work on /opt/airflow/dags/weather_pipeline_dag.py
[2026-04-24T09:30:17.770+0000] {processor.py:830} INFO - Processing file /opt/airflow/dags/weather_pipeline_dag.py for tasks to queue
[2026-04-24T09:30:17.786+0000] {logging_mixin.py:188} INFO - [2026-04-24T09:30:17.782+0000] {dagbag.py:538} INFO - Filling up the DagBag from /opt/airflow/dags/weather_pipeline_dag.py
[2026-04-24T09:30:18.277+0000] {processor.py:840} INFO - DAG(s) 'weather_data_pipeline' retrieved from /opt/airflow/dags/weather_pipeline_dag.py
[2026-04-24T09:30:18.576+0000] {logging_mixin.py:188} INFO - [2026-04-24T09:30:18.572+0000] {dag.py:3036} INFO - Sync 1 DAGs
[2026-04-24T09:30:18.903+0000] {logging_mixin.py:188} INFO - [2026-04-24T09:30:18.901+0000] {dag.py:3823} INFO - Setting next_dagrun for weather_data_pipeline to 2026-04-24 06:00:00+00:00, run_after=2026-04-25 06:00:00+00:00
[2026-04-24T09:30:19.104+0000] {processor.py:183} INFO - Processing /opt/airflow/dags/weather_pipeline_dag.py took 1.387 seconds
[2026-04-24T09:30:50.462+0000] {processor.py:161} INFO - Started process (PID=5483) to work on /opt/airflow/dags/weather_pipeline_dag.py
[2026-04-24T09:30:50.471+0000] {processor.py:830} INFO - Processing file /opt/airflow/dags/weather_pipeline_dag.py for tasks to queue
[2026-04-24T09:30:50.483+0000] {logging_mixin.py:188} INFO - [2026-04-24T09:30:50.480+0000] {dagbag.py:538} INFO - Filling up the DagBag from /opt/airflow/dags/weather_pipeline_dag.py
[2026-04-24T09:30:50.785+0000] {processor.py:840} INFO - DAG(s) 'weather_data_pipeline' retrieved from /opt/airflow/dags/weather_pipeline_dag.py
[2026-04-24T09:30:51.070+0000] {logging_mixin.py:188} INFO - [2026-04-24T09:30:51.069+0000] {dag.py:3036} INFO - Sync 1 DAGs
[2026-04-24T09:30:51.247+0000] {logging_mixin.py:188} INFO - [2026-04-24T09:30:51.246+0000] {dag.py:3823} INFO - Setting next_dagrun for weather_data_pipeline to 2026-04-24 06:00:00+00:00, run_after=2026-04-25 06:00:00+00:00
[2026-04-24T09:30:51.381+0000] {processor.py:183} INFO - Processing /opt/airflow/dags/weather_pipeline_dag.py took 0.955 seconds
[2026-04-24T09:31:22.719+0000] {processor.py:161} INFO - Started process (PID=5494) to work on /opt/airflow/dags/weather_pipeline_dag.py
[2026-04-24T09:31:22.766+0000] {processor.py:830} INFO - Processing file /opt/airflow/dags/weather_pipeline_dag.py for tasks to queue
[2026-04-24T09:31:22.787+0000] {logging_mixin.py:188} INFO - [2026-04-24T09:31:22.784+0000] {dagbag.py:538} INFO - Filling up the DagBag from /opt/airflow/dags/weather_pipeline_dag.py
[2026-04-24T09:31:23.216+0000] {processor.py:840} INFO - DAG(s) 'weather_data_pipeline' retrieved from /opt/airflow/dags/weather_pipeline_dag.py
[2026-04-24T09:31:23.636+0000] {logging_mixin.py:188} INFO - [2026-04-24T09:31:23.634+0000] {dag.py:3036} INFO - Sync 1 DAGs
[2026-04-24T09:31:23.812+0000] {logging_mixin.py:188} INFO - [2026-04-24T09:31:23.811+0000] {dag.py:3823} INFO - Setting next_dagrun for weather_data_pipeline to 2026-04-24 06:00:00+00:00, run_after=2026-04-25 06:00:00+00:00
[2026-04-24T09:31:23.994+0000] {processor.py:183} INFO - Processing /opt/airflow/dags/weather_pipeline_dag.py took 1.348 seconds
[2026-04-24T09:31:55.204+0000] {processor.py:161} INFO - Started process (PID=5505) to work on /opt/airflow/dags/weather_pipeline_dag.py
[2026-04-24T09:31:55.235+0000] {processor.py:830} INFO - Processing file /opt/airflow/dags/weather_pipeline_dag.py for tasks to queue
[2026-04-24T09:31:55.253+0000] {logging_mixin.py:188} INFO - [2026-04-24T09:31:55.244+0000] {dagbag.py:538} INFO - Filling up the DagBag from /opt/airflow/dags/weather_pipeline_dag.py
[2026-04-24T09:31:56.043+0000] {processor.py:840} INFO - DAG(s) 'weather_data_pipeline' retrieved from /opt/airflow/dags/weather_pipeline_dag.py
[2026-04-24T09:31:56.470+0000] {logging_mixin.py:188} INFO - [2026-04-24T09:31:56.467+0000] {dag.py:3036} INFO - Sync 1 DAGs
[2026-04-24T09:31:56.724+0000] {logging_mixin.py:188} INFO - [2026-04-24T09:31:56.721+0000] {dag.py:3823} INFO - Setting next_dagrun for weather_data_pipeline to 2026-04-24 06:00:00+00:00, run_after=2026-04-25 06:00:00+00:00
[2026-04-24T09:31:56.985+0000] {processor.py:183} INFO - Processing /opt/airflow/dags/weather_pipeline_dag.py took 1.870 seconds
[2026-04-24T09:32:27.516+0000] {processor.py:161} INFO - Started process (PID=5517) to work on /opt/airflow/dags/weather_pipeline_dag.py
[2026-04-24T09:32:27.524+0000] {processor.py:830} INFO - Processing file /opt/airflow/dags/weather_pipeline_dag.py for tasks to queue
[2026-04-24T09:32:27.532+0000] {logging_mixin.py:188} INFO - [2026-04-24T09:32:27.529+0000] {dagbag.py:538} INFO - Filling up the DagBag from /opt/airflow/dags/weather_pipeline_dag.py
[2026-04-24T09:32:27.849+0000] {processor.py:840} INFO - DAG(s) 'weather_data_pipeline' retrieved from /opt/airflow/dags/weather_pipeline_dag.py
[2026-04-24T09:32:28.350+0000] {logging_mixin.py:188} INFO - [2026-04-24T09:32:28.348+0000] {dag.py:3036} INFO - Sync 1 DAGs
[2026-04-24T09:32:28.825+0000] {logging_mixin.py:188} INFO - [2026-04-24T09:32:28.822+0000] {dag.py:3823} INFO - Setting next_dagrun for weather_data_pipeline to 2026-04-24 06:00:00+00:00, run_after=2026-04-25 06:00:00+00:00
[2026-04-24T09:32:29.157+0000] {processor.py:183} INFO - Processing /opt/airflow/dags/weather_pipeline_dag.py took 1.668 seconds
[2026-04-24T09:32:59.926+0000] {processor.py:161} INFO - Started process (PID=5528) to work on /opt/airflow/dags/weather_pipeline_dag.py
[2026-04-24T09:32:59.939+0000] {processor.py:830} INFO - Processing file /opt/airflow/dags/weather_pipeline_dag.py for tasks to queue
[2026-04-24T09:32:59.948+0000] {logging_mixin.py:188} INFO - [2026-04-24T09:32:59.944+0000] {dagbag.py:538} INFO - Filling up the DagBag from /opt/airflow/dags/weather_pipeline_dag.py
[2026-04-24T09:33:00.256+0000] {processor.py:840} INFO - DAG(s) 'weather_data_pipeline' retrieved from /opt/airflow/dags/weather_pipeline_dag.py
[2026-04-24T09:33:00.444+0000] {logging_mixin.py:188} INFO - [2026-04-24T09:33:00.443+0000] {dag.py:3036} INFO - Sync 1 DAGs
[2026-04-24T09:33:00.602+0000] {logging_mixin.py:188} INFO - [2026-04-24T09:33:00.600+0000] {dag.py:3823} INFO - Setting next_dagrun for weather_data_pipeline to 2026-04-24 06:00:00+00:00, run_after=2026-04-25 06:00:00+00:00
[2026-04-24T09:33:00.778+0000] {processor.py:183} INFO - Processing /opt/airflow/dags/weather_pipeline_dag.py took 0.898 seconds
[2026-04-24T09:33:31.212+0000] {processor.py:161} INFO - Started process (PID=5544) to work on /opt/airflow/dags/weather_pipeline_dag.py
[2026-04-24T09:33:31.232+0000] {processor.py:830} INFO - Processing file /opt/airflow/dags/weather_pipeline_dag.py for tasks to queue
[2026-04-24T09:33:31.246+0000] {logging_mixin.py:188} INFO - [2026-04-24T09:33:31.243+0000] {dagbag.py:538} INFO - Filling up the DagBag from /opt/airflow/dags/weather_pipeline_dag.py
[2026-04-24T09:33:31.511+0000] {processor.py:840} INFO - DAG(s) 'weather_data_pipeline' retrieved from /opt/airflow/dags/weather_pipeline_dag.py
[2026-04-24T09:33:31.819+0000] {logging_mixin.py:188} INFO - [2026-04-24T09:33:31.818+0000] {dag.py:3036} INFO - Sync 1 DAGs
[2026-04-24T09:33:32.261+0000] {logging_mixin.py:188} INFO - [2026-04-24T09:33:32.260+0000] {dag.py:3823} INFO - Setting next_dagrun for weather_data_pipeline to 2026-04-24 06:00:00+00:00, run_after=2026-04-25 06:00:00+00:00
[2026-04-24T09:33:32.699+0000] {processor.py:183} INFO - Processing /opt/airflow/dags/weather_pipeline_dag.py took 1.536 seconds
[2026-04-24T09:34:03.910+0000] {processor.py:161} INFO - Started process (PID=5555) to work on /opt/airflow/dags/weather_pipeline_dag.py
[2026-04-24T09:34:03.937+0000] {processor.py:830} INFO - Processing file /opt/airflow/dags/weather_pipeline_dag.py for tasks to queue
[2026-04-24T09:34:03.948+0000] {logging_mixin.py:188} INFO - [2026-04-24T09:34:03.945+0000] {dagbag.py:538} INFO - Filling up the DagBag from /opt/airflow/dags/weather_pipeline_dag.py
[2026-04-24T09:34:04.615+0000] {processor.py:840} INFO - DAG(s) 'weather_data_pipeline' retrieved from /opt/airflow/dags/weather_pipeline_dag.py
[2026-04-24T09:34:05.385+0000] {logging_mixin.py:188} INFO - [2026-04-24T09:34:05.372+0000] {dag.py:3036} INFO - Sync 1 DAGs
[2026-04-24T09:34:05.993+0000] {logging_mixin.py:188} INFO - [2026-04-24T09:34:05.991+0000] {dag.py:3823} INFO - Setting next_dagrun for weather_data_pipeline to 2026-04-24 06:00:00+00:00, run_after=2026-04-25 06:00:00+00:00
[2026-04-24T09:34:06.358+0000] {processor.py:183} INFO - Processing /opt/airflow/dags/weather_pipeline_dag.py took 2.634 seconds
[2026-04-24T09:34:37.029+0000] {processor.py:161} INFO - Started process (PID=5566) to work on /opt/airflow/dags/weather_pipeline_dag.py
[2026-04-24T09:34:37.035+0000] {processor.py:830} INFO - Processing file /opt/airflow/dags/weather_pipeline_dag.py for tasks to queue
[2026-04-24T09:34:37.045+0000] {logging_mixin.py:188} INFO - [2026-04-24T09:34:37.043+0000] {dagbag.py:538} INFO - Filling up the DagBag from /opt/airflow/dags/weather_pipeline_dag.py
[2026-04-24T09:34:37.267+0000] {processor.py:840} INFO - DAG(s) 'weather_data_pipeline' retrieved from /opt/airflow/dags/weather_pipeline_dag.py
[2026-04-24T09:34:37.559+0000] {logging_mixin.py:188} INFO - [2026-04-24T09:34:37.557+0000] {dag.py:3036} INFO - Sync 1 DAGs
[2026-04-24T09:34:37.913+0000] {logging_mixin.py:188} INFO - [2026-04-24T09:34:37.911+0000] {dag.py:3823} INFO - Setting next_dagrun for weather_data_pipeline to 2026-04-24 06:00:00+00:00, run_after=2026-04-25 06:00:00+00:00
[2026-04-24T09:34:38.197+0000] {processor.py:183} INFO - Processing /opt/airflow/dags/weather_pipeline_dag.py took 1.199 seconds
[2026-04-24T09:35:08.687+0000] {processor.py:161} INFO - Started process (PID=5577) to work on /opt/airflow/dags/weather_pipeline_dag.py
[2026-04-24T09:35:08.701+0000] {processor.py:830} INFO - Processing file /opt/airflow/dags/weather_pipeline_dag.py for tasks to queue
[2026-04-24T09:35:08.712+0000] {logging_mixin.py:188} INFO - [2026-04-24T09:35:08.709+0000] {dagbag.py:538} INFO - Filling up the DagBag from /opt/airflow/dags/weather_pipeline_dag.py
[2026-04-24T09:35:09.294+0000] {processor.py:840} INFO - DAG(s) 'weather_data_pipeline' retrieved from /opt/airflow/dags/weather_pipeline_dag.py
[2026-04-24T09:35:09.530+0000] {logging_mixin.py:188} INFO - [2026-04-24T09:35:09.528+0000] {dag.py:3036} INFO - Sync 1 DAGs
[2026-04-24T09:35:09.802+0000] {logging_mixin.py:188} INFO - [2026-04-24T09:35:09.801+0000] {dag.py:3823} INFO - Setting next_dagrun for weather_data_pipeline to 2026-04-24 06:00:00+00:00, run_after=2026-04-25 06:00:00+00:00
[2026-04-24T09:35:09.966+0000] {processor.py:183} INFO - Processing /opt/airflow/dags/weather_pipeline_dag.py took 1.324 seconds
[2026-04-24T09:35:40.683+0000] {processor.py:161} INFO - Started process (PID=5589) to work on /opt/airflow/dags/weather_pipeline_dag.py
[2026-04-24T09:35:40.699+0000] {processor.py:830} INFO - Processing file /opt/airflow/dags/weather_pipeline_dag.py for tasks to queue
[2026-04-24T09:35:40.710+0000] {logging_mixin.py:188} INFO - [2026-04-24T09:35:40.706+0000] {dagbag.py:538} INFO - Filling up the DagBag from /opt/airflow/dags/weather_pipeline_dag.py
[2026-04-24T09:35:40.973+0000] {processor.py:840} INFO - DAG(s) 'weather_data_pipeline' retrieved from /opt/airflow/dags/weather_pipeline_dag.py
[2026-04-24T09:35:41.512+0000] {logging_mixin.py:188} INFO - [2026-04-24T09:35:41.510+0000] {dag.py:3036} INFO - Sync 1 DAGs
[2026-04-24T09:35:41.678+0000] {logging_mixin.py:188} INFO - [2026-04-24T09:35:41.677+0000] {dag.py:3823} INFO - Setting next_dagrun for weather_data_pipeline to 2026-04-24 06:00:00+00:00, run_after=2026-04-25 06:00:00+00:00
[2026-04-24T09:35:41.808+0000] {processor.py:183} INFO - Processing /opt/airflow/dags/weather_pipeline_dag.py took 1.182 seconds
[2026-04-24T09:36:12.953+0000] {processor.py:161} INFO - Started process (PID=5600) to work on /opt/airflow/dags/weather_pipeline_dag.py
[2026-04-24T09:36:12.960+0000] {processor.py:830} INFO - Processing file /opt/airflow/dags/weather_pipeline_dag.py for tasks to queue
[2026-04-24T09:36:12.968+0000] {logging_mixin.py:188} INFO - [2026-04-24T09:36:12.965+0000] {dagbag.py:538} INFO - Filling up the DagBag from /opt/airflow/dags/weather_pipeline_dag.py
[2026-04-24T09:36:13.263+0000] {processor.py:840} INFO - DAG(s) 'weather_data_pipeline' retrieved from /opt/airflow/dags/weather_pipeline_dag.py
[2026-04-24T09:36:13.638+0000] {logging_mixin.py:188} INFO - [2026-04-24T09:36:13.636+0000] {dag.py:3036} INFO - Sync 1 DAGs
[2026-04-24T09:36:14.364+0000] {logging_mixin.py:188} INFO - [2026-04-24T09:36:14.349+0000] {dag.py:3823} INFO - Setting next_dagrun for weather_data_pipeline to 2026-04-24 06:00:00+00:00, run_after=2026-04-25 06:00:00+00:00
[2026-04-24T09:36:14.792+0000] {processor.py:183} INFO - Processing /opt/airflow/dags/weather_pipeline_dag.py took 1.858 seconds
[2026-04-24T09:36:46.669+0000] {processor.py:161} INFO - Started process (PID=5617) to work on /opt/airflow/dags/weather_pipeline_dag.py
[2026-04-24T09:36:46.727+0000] {processor.py:830} INFO - Processing file /opt/airflow/dags/weather_pipeline_dag.py for tasks to queue
[2026-04-24T09:36:46.751+0000] {logging_mixin.py:188} INFO - [2026-04-24T09:36:46.748+0000] {dagbag.py:538} INFO - Filling up the DagBag from /opt/airflow/dags/weather_pipeline_dag.py
[2026-04-24T09:36:47.194+0000] {processor.py:840} INFO - DAG(s) 'weather_data_pipeline' retrieved from /opt/airflow/dags/weather_pipeline_dag.py
[2026-04-24T09:36:47.557+0000] {logging_mixin.py:188} INFO - [2026-04-24T09:36:47.553+0000] {dag.py:3036} INFO - Sync 1 DAGs
[2026-04-24T09:36:47.953+0000] {logging_mixin.py:188} INFO - [2026-04-24T09:36:47.951+0000] {dag.py:3823} INFO - Setting next_dagrun for weather_data_pipeline to 2026-04-24 06:00:00+00:00, run_after=2026-04-25 06:00:00+00:00
[2026-04-24T09:36:48.269+0000] {processor.py:183} INFO - Processing /opt/airflow/dags/weather_pipeline_dag.py took 1.690 seconds
[2026-04-24T09:37:19.080+0000] {processor.py:161} INFO - Started process (PID=5627) to work on /opt/airflow/dags/weather_pipeline_dag.py
[2026-04-24T09:37:19.098+0000] {processor.py:830} INFO - Processing file /opt/airflow/dags/weather_pipeline_dag.py for tasks to queue
[2026-04-24T09:37:19.113+0000] {logging_mixin.py:188} INFO - [2026-04-24T09:37:19.109+0000] {dagbag.py:538} INFO - Filling up the DagBag from /opt/airflow/dags/weather_pipeline_dag.py
[2026-04-24T09:37:19.416+0000] {processor.py:840} INFO - DAG(s) 'weather_data_pipeline' retrieved from /opt/airflow/dags/weather_pipeline_dag.py
[2026-04-24T09:37:19.629+0000] {logging_mixin.py:188} INFO - [2026-04-24T09:37:19.628+0000] {dag.py:3036} INFO - Sync 1 DAGs
[2026-04-24T09:37:19.781+0000] {logging_mixin.py:188} INFO - [2026-04-24T09:37:19.780+0000] {dag.py:3823} INFO - Setting next_dagrun for weather_data_pipeline to 2026-04-24 06:00:00+00:00, run_after=2026-04-25 06:00:00+00:00
[2026-04-24T09:37:20.049+0000] {processor.py:183} INFO - Processing /opt/airflow/dags/weather_pipeline_dag.py took 1.003 seconds
[2026-04-24T09:37:51.012+0000] {processor.py:161} INFO - Started process (PID=5639) to work on /opt/airflow/dags/weather_pipeline_dag.py
[2026-04-24T09:37:51.040+0000] {processor.py:830} INFO - Processing file /opt/airflow/dags/weather_pipeline_dag.py for tasks to queue
[2026-04-24T09:37:51.076+0000] {logging_mixin.py:188} INFO - [2026-04-24T09:37:51.060+0000] {dagbag.py:538} INFO - Filling up the DagBag from /opt/airflow/dags/weather_pipeline_dag.py
[2026-04-24T09:37:51.467+0000] {processor.py:840} INFO - DAG(s) 'weather_data_pipeline' retrieved from /opt/airflow/dags/weather_pipeline_dag.py
[2026-04-24T09:37:51.768+0000] {logging_mixin.py:188} INFO - [2026-04-24T09:37:51.766+0000] {dag.py:3036} INFO - Sync 1 DAGs
[2026-04-24T09:37:52.054+0000] {logging_mixin.py:188} INFO - [2026-04-24T09:37:52.051+0000] {dag.py:3823} INFO - Setting next_dagrun for weather_data_pipeline to 2026-04-24 06:00:00+00:00, run_after=2026-04-25 06:00:00+00:00
[2026-04-24T09:37:52.175+0000] {processor.py:183} INFO - Processing /opt/airflow/dags/weather_pipeline_dag.py took 1.282 seconds
[2026-04-24T09:38:22.917+0000] {processor.py:161} INFO - Started process (PID=5650) to work on /opt/airflow/dags/weather_pipeline_dag.py
[2026-04-24T09:38:22.927+0000] {processor.py:830} INFO - Processing file /opt/airflow/dags/weather_pipeline_dag.py for tasks to queue
[2026-04-24T09:38:22.940+0000] {logging_mixin.py:188} INFO - [2026-04-24T09:38:22.933+0000] {dagbag.py:538} INFO - Filling up the DagBag from /opt/airflow/dags/weather_pipeline_dag.py
[2026-04-24T09:38:23.583+0000] {processor.py:840} INFO - DAG(s) 'weather_data_pipeline' retrieved from /opt/airflow/dags/weather_pipeline_dag.py
[2026-04-24T09:38:24.028+0000] {logging_mixin.py:188} INFO - [2026-04-24T09:38:24.019+0000] {dag.py:3036} INFO - Sync 1 DAGs
[2026-04-24T09:38:24.637+0000] {logging_mixin.py:188} INFO - [2026-04-24T09:38:24.635+0000] {dag.py:3823} INFO - Setting next_dagrun for weather_data_pipeline to 2026-04-24 06:00:00+00:00, run_after=2026-04-25 06:00:00+00:00
[2026-04-24T09:38:24.801+0000] {processor.py:183} INFO - Processing /opt/airflow/dags/weather_pipeline_dag.py took 1.918 seconds
[2026-04-24T09:38:55.251+0000] {processor.py:161} INFO - Started process (PID=5661) to work on /opt/airflow/dags/weather_pipeline_dag.py
[2026-04-24T09:38:55.264+0000] {processor.py:830} INFO - Processing file /opt/airflow/dags/weather_pipeline_dag.py for tasks to queue
[2026-04-24T09:38:55.276+0000] {logging_mixin.py:188} INFO - [2026-04-24T09:38:55.273+0000] {dagbag.py:538} INFO - Filling up the DagBag from /opt/airflow/dags/weather_pipeline_dag.py
[2026-04-24T09:38:55.670+0000] {processor.py:840} INFO - DAG(s) 'weather_data_pipeline' retrieved from /opt/airflow/dags/weather_pipeline_dag.py
[2026-04-24T09:38:56.471+0000] {logging_mixin.py:188} INFO - [2026-04-24T09:38:56.459+0000] {dag.py:3036} INFO - Sync 1 DAGs
[2026-04-24T09:38:57.168+0000] {logging_mixin.py:188} INFO - [2026-04-24T09:38:57.166+0000] {dag.py:3823} INFO - Setting next_dagrun for weather_data_pipeline to 2026-04-24 06:00:00+00:00, run_after=2026-04-25 06:00:00+00:00
[2026-04-24T09:38:57.566+0000] {processor.py:183} INFO - Processing /opt/airflow/dags/weather_pipeline_dag.py took 2.359 seconds
[2026-04-24T09:39:28.307+0000] {processor.py:161} INFO - Started process (PID=5672) to work on /opt/airflow/dags/weather_pipeline_dag.py
[2026-04-24T09:39:28.317+0000] {processor.py:830} INFO - Processing file /opt/airflow/dags/weather_pipeline_dag.py for tasks to queue
[2026-04-24T09:39:28.326+0000] {logging_mixin.py:188} INFO - [2026-04-24T09:39:28.323+0000] {dagbag.py:538} INFO - Filling up the DagBag from /opt/airflow/dags/weather_pipeline_dag.py
[2026-04-24T09:39:28.570+0000] {processor.py:840} INFO - DAG(s) 'weather_data_pipeline' retrieved from /opt/airflow/dags/weather_pipeline_dag.py
[2026-04-24T09:39:29.134+0000] {logging_mixin.py:188} INFO - [2026-04-24T09:39:29.123+0000] {dag.py:3036} INFO - Sync 1 DAGs
[2026-04-24T09:39:29.507+0000] {logging_mixin.py:188} INFO - [2026-04-24T09:39:29.506+0000] {dag.py:3823} INFO - Setting next_dagrun for weather_data_pipeline to 2026-04-24 06:00:00+00:00, run_after=2026-04-25 06:00:00+00:00
[2026-04-24T09:39:29.656+0000] {processor.py:183} INFO - Processing /opt/airflow/dags/weather_pipeline_dag.py took 1.378 seconds
[2026-04-24T09:40:00.503+0000] {processor.py:161} INFO - Started process (PID=5683) to work on /opt/airflow/dags/weather_pipeline_dag.py
[2026-04-24T09:40:00.511+0000] {processor.py:830} INFO - Processing file /opt/airflow/dags/weather_pipeline_dag.py for tasks to queue
[2026-04-24T09:40:00.518+0000] {logging_mixin.py:188} INFO - [2026-04-24T09:40:00.515+0000] {dagbag.py:538} INFO - Filling up the DagBag from /opt/airflow/dags/weather_pipeline_dag.py
[2026-04-24T09:40:00.813+0000] {processor.py:840} INFO - DAG(s) 'weather_data_pipeline' retrieved from /opt/airflow/dags/weather_pipeline_dag.py
[2026-04-24T09:40:01.083+0000] {logging_mixin.py:188} INFO - [2026-04-24T09:40:01.081+0000] {dag.py:3036} INFO - Sync 1 DAGs
[2026-04-24T09:40:01.389+0000] {logging_mixin.py:188} INFO - [2026-04-24T09:40:01.383+0000] {dag.py:3823} INFO - Setting next_dagrun for weather_data_pipeline to 2026-04-24 06:00:00+00:00, run_after=2026-04-25 06:00:00+00:00
[2026-04-24T09:40:01.724+0000] {processor.py:183} INFO - Processing /opt/airflow/dags/weather_pipeline_dag.py took 1.260 seconds
[2026-04-24T09:40:32.555+0000] {processor.py:161} INFO - Started process (PID=5694) to work on /opt/airflow/dags/weather_pipeline_dag.py
[2026-04-24T09:40:32.573+0000] {processor.py:830} INFO - Processing file /opt/airflow/dags/weather_pipeline_dag.py for tasks to queue
[2026-04-24T09:40:32.593+0000] {logging_mixin.py:188} INFO - [2026-04-24T09:40:32.591+0000] {dagbag.py:538} INFO - Filling up the DagBag from /opt/airflow/dags/weather_pipeline_dag.py
[2026-04-24T09:40:33.324+0000] {processor.py:840} INFO - DAG(s) 'weather_data_pipeline' retrieved from /opt/airflow/dags/weather_pipeline_dag.py
[2026-04-24T09:40:34.239+0000] {logging_mixin.py:188} INFO - [2026-04-24T09:40:34.237+0000] {dag.py:3036} INFO - Sync 1 DAGs
[2026-04-24T09:40:35.094+0000] {logging_mixin.py:188} INFO - [2026-04-24T09:40:35.078+0000] {dag.py:3823} INFO - Setting next_dagrun for weather_data_pipeline to 2026-04-24 06:00:00+00:00, run_after=2026-04-25 06:00:00+00:00
[2026-04-24T09:40:36.319+0000] {processor.py:183} INFO - Processing /opt/airflow/dags/weather_pipeline_dag.py took 3.838 seconds
[2026-04-24T09:41:08.959+0000] {processor.py:161} INFO - Started process (PID=5711) to work on /opt/airflow/dags/weather_pipeline_dag.py
[2026-04-24T09:41:08.985+0000] {processor.py:830} INFO - Processing file /opt/airflow/dags/weather_pipeline_dag.py for tasks to queue
[2026-04-24T09:41:09.015+0000] {logging_mixin.py:188} INFO - [2026-04-24T09:41:09.001+0000] {dagbag.py:538} INFO - Filling up the DagBag from /opt/airflow/dags/weather_pipeline_dag.py
[2026-04-24T09:41:09.518+0000] {processor.py:840} INFO - DAG(s) 'weather_data_pipeline' retrieved from /opt/airflow/dags/weather_pipeline_dag.py
[2026-04-24T09:41:10.409+0000] {logging_mixin.py:188} INFO - [2026-04-24T09:41:10.398+0000] {dag.py:3036} INFO - Sync 1 DAGs
[2026-04-24T09:41:11.011+0000] {logging_mixin.py:188} INFO - [2026-04-24T09:41:10.998+0000] {dag.py:3823} INFO - Setting next_dagrun for weather_data_pipeline to 2026-04-24 06:00:00+00:00, run_after=2026-04-25 06:00:00+00:00
[2026-04-24T09:41:11.517+0000] {processor.py:183} INFO - Processing /opt/airflow/dags/weather_pipeline_dag.py took 2.681 seconds
[2026-04-24T09:41:42.615+0000] {processor.py:161} INFO - Started process (PID=5722) to work on /opt/airflow/dags/weather_pipeline_dag.py
[2026-04-24T09:41:42.635+0000] {processor.py:830} INFO - Processing file /opt/airflow/dags/weather_pipeline_dag.py for tasks to queue
[2026-04-24T09:41:42.648+0000] {logging_mixin.py:188} INFO - [2026-04-24T09:41:42.643+0000] {dagbag.py:538} INFO - Filling up the DagBag from /opt/airflow/dags/weather_pipeline_dag.py
[2026-04-24T09:41:43.398+0000] {processor.py:840} INFO - DAG(s) 'weather_data_pipeline' retrieved from /opt/airflow/dags/weather_pipeline_dag.py
[2026-04-24T09:41:44.209+0000] {logging_mixin.py:188} INFO - [2026-04-24T09:41:44.206+0000] {dag.py:3036} INFO - Sync 1 DAGs
[2026-04-24T09:41:45.262+0000] {logging_mixin.py:188} INFO - [2026-04-24T09:41:45.260+0000] {dag.py:3823} INFO - Setting next_dagrun for weather_data_pipeline to 2026-04-24 06:00:00+00:00, run_after=2026-04-25 06:00:00+00:00
[2026-04-24T09:41:45.731+0000] {processor.py:183} INFO - Processing /opt/airflow/dags/weather_pipeline_dag.py took 3.218 seconds
[2026-04-24T09:42:15.189+0000] {processor.py:161} INFO - Started process (PID=5732) to work on /opt/airflow/dags/weather_pipeline_dag.py
[2026-04-24T09:42:15.214+0000] {processor.py:830} INFO - Processing file /opt/airflow/dags/weather_pipeline_dag.py for tasks to queue
[2026-04-24T09:42:15.245+0000] {logging_mixin.py:188} INFO - [2026-04-24T09:42:15.242+0000] {dagbag.py:538} INFO - Filling up the DagBag from /opt/airflow/dags/weather_pipeline_dag.py
[2026-04-24T09:42:15.773+0000] {processor.py:840} INFO - DAG(s) 'weather_data_pipeline' retrieved from /opt/airflow/dags/weather_pipeline_dag.py
[2026-04-24T09:42:16.242+0000] {logging_mixin.py:188} INFO - [2026-04-24T09:42:16.238+0000] {dag.py:3036} INFO - Sync 1 DAGs
[2026-04-24T09:42:16.621+0000] {logging_mixin.py:188} INFO - [2026-04-24T09:42:16.619+0000] {dag.py:3823} INFO - Setting next_dagrun for weather_data_pipeline to 2026-04-24 06:00:00+00:00, run_after=2026-04-25 06:00:00+00:00
[2026-04-24T09:42:16.853+0000] {processor.py:183} INFO - Processing /opt/airflow/dags/weather_pipeline_dag.py took 1.846 seconds
[2026-04-24T09:42:47.572+0000] {processor.py:161} INFO - Started process (PID=5744) to work on /opt/airflow/dags/weather_pipeline_dag.py
[2026-04-24T09:42:47.579+0000] {processor.py:830} INFO - Processing file /opt/airflow/dags/weather_pipeline_dag.py for tasks to queue
[2026-04-24T09:42:47.586+0000] {logging_mixin.py:188} INFO - [2026-04-24T09:42:47.584+0000] {dagbag.py:538} INFO - Filling up the DagBag from /opt/airflow/dags/weather_pipeline_dag.py
[2026-04-24T09:42:47.805+0000] {processor.py:840} INFO - DAG(s) 'weather_data_pipeline' retrieved from /opt/airflow/dags/weather_pipeline_dag.py
[2026-04-24T09:42:48.061+0000] {logging_mixin.py:188} INFO - [2026-04-24T09:42:48.059+0000] {dag.py:3036} INFO - Sync 1 DAGs
[2026-04-24T09:42:48.306+0000] {logging_mixin.py:188} INFO - [2026-04-24T09:42:48.304+0000] {dag.py:3823} INFO - Setting next_dagrun for weather_data_pipeline to 2026-04-24 06:00:00+00:00, run_after=2026-04-25 06:00:00+00:00
[2026-04-24T09:42:48.471+0000] {processor.py:183} INFO - Processing /opt/airflow/dags/weather_pipeline_dag.py took 0.965 seconds
[2026-04-24T09:43:19.175+0000] {processor.py:161} INFO - Started process (PID=5755) to work on /opt/airflow/dags/weather_pipeline_dag.py
[2026-04-24T09:43:19.182+0000] {processor.py:830} INFO - Processing file /opt/airflow/dags/weather_pipeline_dag.py for tasks to queue
[2026-04-24T09:43:19.190+0000] {logging_mixin.py:188} INFO - [2026-04-24T09:43:19.188+0000] {dagbag.py:538} INFO - Filling up the DagBag from /opt/airflow/dags/weather_pipeline_dag.py
[2026-04-24T09:43:19.510+0000] {processor.py:840} INFO - DAG(s) 'weather_data_pipeline' retrieved from /opt/airflow/dags/weather_pipeline_dag.py
[2026-04-24T09:43:19.801+0000] {logging_mixin.py:188} INFO - [2026-04-24T09:43:19.800+0000] {dag.py:3036} INFO - Sync 1 DAGs
[2026-04-24T09:43:20.171+0000] {logging_mixin.py:188} INFO - [2026-04-24T09:43:20.169+0000] {dag.py:3823} INFO - Setting next_dagrun for weather_data_pipeline to 2026-04-24 06:00:00+00:00, run_after=2026-04-25 06:00:00+00:00
[2026-04-24T09:43:20.529+0000] {processor.py:183} INFO - Processing /opt/airflow/dags/weather_pipeline_dag.py took 1.427 seconds
[2026-04-24T09:43:51.795+0000] {processor.py:161} INFO - Started process (PID=5765) to work on /opt/airflow/dags/weather_pipeline_dag.py
[2026-04-24T09:43:51.802+0000] {processor.py:830} INFO - Processing file /opt/airflow/dags/weather_pipeline_dag.py for tasks to queue
[2026-04-24T09:43:51.809+0000] {logging_mixin.py:188} INFO - [2026-04-24T09:43:51.807+0000] {dagbag.py:538} INFO - Filling up the DagBag from /opt/airflow/dags/weather_pipeline_dag.py
[2026-04-24T09:43:52.095+0000] {processor.py:840} INFO - DAG(s) 'weather_data_pipeline' retrieved from /opt/airflow/dags/weather_pipeline_dag.py
[2026-04-24T09:43:52.338+0000] {logging_mixin.py:188} INFO - [2026-04-24T09:43:52.336+0000] {dag.py:3036} INFO - Sync 1 DAGs
[2026-04-24T09:43:52.552+0000] {logging_mixin.py:188} INFO - [2026-04-24T09:43:52.550+0000] {dag.py:3823} INFO - Setting next_dagrun for weather_data_pipeline to 2026-04-24 06:00:00+00:00, run_after=2026-04-25 06:00:00+00:00
[2026-04-24T09:43:52.684+0000] {processor.py:183} INFO - Processing /opt/airflow/dags/weather_pipeline_dag.py took 0.914 seconds
[2026-04-24T09:44:23.239+0000] {processor.py:161} INFO - Started process (PID=5776) to work on /opt/airflow/dags/weather_pipeline_dag.py
[2026-04-24T09:44:23.249+0000] {processor.py:830} INFO - Processing file /opt/airflow/dags/weather_pipeline_dag.py for tasks to queue
[2026-04-24T09:44:23.261+0000] {logging_mixin.py:188} INFO - [2026-04-24T09:44:23.257+0000] {dagbag.py:538} INFO - Filling up the DagBag from /opt/airflow/dags/weather_pipeline_dag.py
[2026-04-24T09:44:23.792+0000] {processor.py:840} INFO - DAG(s) 'weather_data_pipeline' retrieved from /opt/airflow/dags/weather_pipeline_dag.py
[2026-04-24T09:44:24.327+0000] {logging_mixin.py:188} INFO - [2026-04-24T09:44:24.325+0000] {dag.py:3036} INFO - Sync 1 DAGs
[2026-04-24T09:44:24.957+0000] {logging_mixin.py:188} INFO - [2026-04-24T09:44:24.955+0000] {dag.py:3823} INFO - Setting next_dagrun for weather_data_pipeline to 2026-04-24 06:00:00+00:00, run_after=2026-04-25 06:00:00+00:00
[2026-04-24T09:44:25.221+0000] {processor.py:183} INFO - Processing /opt/airflow/dags/weather_pipeline_dag.py took 2.022 seconds
[2026-04-24T09:44:56.243+0000] {processor.py:161} INFO - Started process (PID=5792) to work on /opt/airflow/dags/weather_pipeline_dag.py
[2026-04-24T09:44:56.279+0000] {processor.py:830} INFO - Processing file /opt/airflow/dags/weather_pipeline_dag.py for tasks to queue
[2026-04-24T09:44:56.316+0000] {logging_mixin.py:188} INFO - [2026-04-24T09:44:56.300+0000] {dagbag.py:538} INFO - Filling up the DagBag from /opt/airflow/dags/weather_pipeline_dag.py
[2026-04-24T09:44:57.184+0000] {processor.py:840} INFO - DAG(s) 'weather_data_pipeline' retrieved from /opt/airflow/dags/weather_pipeline_dag.py
[2026-04-24T09:44:57.599+0000] {logging_mixin.py:188} INFO - [2026-04-24T09:44:57.598+0000] {dag.py:3036} INFO - Sync 1 DAGs
[2026-04-24T09:44:57.875+0000] {logging_mixin.py:188} INFO - [2026-04-24T09:44:57.871+0000] {dag.py:3823} INFO - Setting next_dagrun for weather_data_pipeline to 2026-04-24 06:00:00+00:00, run_after=2026-04-25 06:00:00+00:00
[2026-04-24T09:44:58.197+0000] {processor.py:183} INFO - Processing /opt/airflow/dags/weather_pipeline_dag.py took 2.065 seconds
[2026-04-24T09:45:28.636+0000] {processor.py:161} INFO - Started process (PID=5803) to work on /opt/airflow/dags/weather_pipeline_dag.py
[2026-04-24T09:45:28.644+0000] {processor.py:830} INFO - Processing file /opt/airflow/dags/weather_pipeline_dag.py for tasks to queue
[2026-04-24T09:45:28.654+0000] {logging_mixin.py:188} INFO - [2026-04-24T09:45:28.651+0000] {dagbag.py:538} INFO - Filling up the DagBag from /opt/airflow/dags/weather_pipeline_dag.py
[2026-04-24T09:45:28.840+0000] {processor.py:840} INFO - DAG(s) 'weather_data_pipeline' retrieved from /opt/airflow/dags/weather_pipeline_dag.py
[2026-04-24T09:45:29.000+0000] {logging_mixin.py:188} INFO - [2026-04-24T09:45:28.999+0000] {dag.py:3036} INFO - Sync 1 DAGs
[2026-04-24T09:45:29.187+0000] {logging_mixin.py:188} INFO - [2026-04-24T09:45:29.186+0000] {dag.py:3823} INFO - Setting next_dagrun for weather_data_pipeline to 2026-04-24 06:00:00+00:00, run_after=2026-04-25 06:00:00+00:00
[2026-04-24T09:45:29.309+0000] {processor.py:183} INFO - Processing /opt/airflow/dags/weather_pipeline_dag.py took 0.708 seconds
[2026-04-24T09:45:59.596+0000] {processor.py:161} INFO - Started process (PID=5815) to work on /opt/airflow/dags/weather_pipeline_dag.py
[2026-04-24T09:45:59.604+0000] {processor.py:830} INFO - Processing file /opt/airflow/dags/weather_pipeline_dag.py for tasks to queue
[2026-04-24T09:45:59.611+0000] {logging_mixin.py:188} INFO - [2026-04-24T09:45:59.608+0000] {dagbag.py:538} INFO - Filling up the DagBag from /opt/airflow/dags/weather_pipeline_dag.py
[2026-04-24T09:45:59.913+0000] {processor.py:840} INFO - DAG(s) 'weather_data_pipeline' retrieved from /opt/airflow/dags/weather_pipeline_dag.py
[2026-04-24T09:46:00.424+0000] {logging_mixin.py:188} INFO - [2026-04-24T09:46:00.423+0000] {dag.py:3036} INFO - Sync 1 DAGs
[2026-04-24T09:46:01.085+0000] {logging_mixin.py:188} INFO - [2026-04-24T09:46:01.082+0000] {dag.py:3823} INFO - Setting next_dagrun for weather_data_pipeline to 2026-04-24 06:00:00+00:00, run_after=2026-04-25 06:00:00+00:00
[2026-04-24T09:46:01.400+0000] {processor.py:183} INFO - Processing /opt/airflow/dags/weather_pipeline_dag.py took 1.843 seconds
[2026-04-24T09:46:32.465+0000] {processor.py:161} INFO - Started process (PID=5826) to work on /opt/airflow/dags/weather_pipeline_dag.py
[2026-04-24T09:46:32.498+0000] {processor.py:830} INFO - Processing file /opt/airflow/dags/weather_pipeline_dag.py for tasks to queue
[2026-04-24T09:46:32.519+0000] {logging_mixin.py:188} INFO - [2026-04-24T09:46:32.516+0000] {dagbag.py:538} INFO - Filling up the DagBag from /opt/airflow/dags/weather_pipeline_dag.py
[2026-04-24T09:46:33.245+0000] {processor.py:840} INFO - DAG(s) 'weather_data_pipeline' retrieved from /opt/airflow/dags/weather_pipeline_dag.py
[2026-04-24T09:46:33.992+0000] {logging_mixin.py:188} INFO - [2026-04-24T09:46:33.990+0000] {dag.py:3036} INFO - Sync 1 DAGs
[2026-04-24T09:46:34.794+0000] {logging_mixin.py:188} INFO - [2026-04-24T09:46:34.778+0000] {dag.py:3823} INFO - Setting next_dagrun for weather_data_pipeline to 2026-04-24 06:00:00+00:00, run_after=2026-04-25 06:00:00+00:00
[2026-04-24T09:46:35.369+0000] {processor.py:183} INFO - Processing /opt/airflow/dags/weather_pipeline_dag.py took 3.018 seconds
[2026-04-24T09:47:06.556+0000] {processor.py:161} INFO - Started process (PID=5837) to work on /opt/airflow/dags/weather_pipeline_dag.py
[2026-04-24T09:47:06.563+0000] {processor.py:830} INFO - Processing file /opt/airflow/dags/weather_pipeline_dag.py for tasks to queue
[2026-04-24T09:47:06.572+0000] {logging_mixin.py:188} INFO - [2026-04-24T09:47:06.569+0000] {dagbag.py:538} INFO - Filling up the DagBag from /opt/airflow/dags/weather_pipeline_dag.py
[2026-04-24T09:47:06.794+0000] {processor.py:840} INFO - DAG(s) 'weather_data_pipeline' retrieved from /opt/airflow/dags/weather_pipeline_dag.py
[2026-04-24T09:47:06.984+0000] {logging_mixin.py:188} INFO - [2026-04-24T09:47:06.982+0000] {dag.py:3036} INFO - Sync 1 DAGs
[2026-04-24T09:47:07.142+0000] {logging_mixin.py:188} INFO - [2026-04-24T09:47:07.141+0000] {dag.py:3823} INFO - Setting next_dagrun for weather_data_pipeline to 2026-04-24 06:00:00+00:00, run_after=2026-04-25 06:00:00+00:00
[2026-04-24T09:47:07.437+0000] {processor.py:183} INFO - Processing /opt/airflow/dags/weather_pipeline_dag.py took 0.901 seconds
[2026-04-24T09:47:38.076+0000] {processor.py:161} INFO - Started process (PID=5849) to work on /opt/airflow/dags/weather_pipeline_dag.py
[2026-04-24T09:47:38.099+0000] {processor.py:830} INFO - Processing file /opt/airflow/dags/weather_pipeline_dag.py for tasks to queue
[2026-04-24T09:47:38.119+0000] {logging_mixin.py:188} INFO - [2026-04-24T09:47:38.106+0000] {dagbag.py:538} INFO - Filling up the DagBag from /opt/airflow/dags/weather_pipeline_dag.py
[2026-04-24T09:47:38.617+0000] {processor.py:840} INFO - DAG(s) 'weather_data_pipeline' retrieved from /opt/airflow/dags/weather_pipeline_dag.py
[2026-04-24T09:47:39.057+0000] {logging_mixin.py:188} INFO - [2026-04-24T09:47:39.055+0000] {dag.py:3036} INFO - Sync 1 DAGs
[2026-04-24T09:47:39.323+0000] {logging_mixin.py:188} INFO - [2026-04-24T09:47:39.321+0000] {dag.py:3823} INFO - Setting next_dagrun for weather_data_pipeline to 2026-04-24 06:00:00+00:00, run_after=2026-04-25 06:00:00+00:00
[2026-04-24T09:47:39.634+0000] {processor.py:183} INFO - Processing /opt/airflow/dags/weather_pipeline_dag.py took 1.628 seconds
[2026-04-24T09:48:10.948+0000] {processor.py:161} INFO - Started process (PID=5861) to work on /opt/airflow/dags/weather_pipeline_dag.py
[2026-04-24T09:48:10.957+0000] {processor.py:830} INFO - Processing file /opt/airflow/dags/weather_pipeline_dag.py for tasks to queue
[2026-04-24T09:48:10.972+0000] {logging_mixin.py:188} INFO - [2026-04-24T09:48:10.964+0000] {dagbag.py:538} INFO - Filling up the DagBag from /opt/airflow/dags/weather_pipeline_dag.py
[2026-04-24T09:48:11.281+0000] {processor.py:840} INFO - DAG(s) 'weather_data_pipeline' retrieved from /opt/airflow/dags/weather_pipeline_dag.py
[2026-04-24T09:48:11.948+0000] {logging_mixin.py:188} INFO - [2026-04-24T09:48:11.937+0000] {dag.py:3036} INFO - Sync 1 DAGs
[2026-04-24T09:48:12.705+0000] {logging_mixin.py:188} INFO - [2026-04-24T09:48:12.703+0000] {dag.py:3823} INFO - Setting next_dagrun for weather_data_pipeline to 2026-04-24 06:00:00+00:00, run_after=2026-04-25 06:00:00+00:00
[2026-04-24T09:48:13.637+0000] {processor.py:183} INFO - Processing /opt/airflow/dags/weather_pipeline_dag.py took 2.730 seconds
[2026-04-24T09:48:44.404+0000] {processor.py:161} INFO - Started process (PID=5878) to work on /opt/airflow/dags/weather_pipeline_dag.py
[2026-04-24T09:48:44.120+0000] {processor.py:830} INFO - Processing file /opt/airflow/dags/weather_pipeline_dag.py for tasks to queue
[2026-04-24T09:48:44.130+0000] {logging_mixin.py:188} INFO - [2026-04-24T09:48:44.127+0000] {dagbag.py:538} INFO - Filling up the DagBag from /opt/airflow/dags/weather_pipeline_dag.py
[2026-04-24T09:48:42.370+0000] {processor.py:840} INFO - DAG(s) 'weather_data_pipeline' retrieved from /opt/airflow/dags/weather_pipeline_dag.py
[2026-04-24T09:48:43.289+0000] {logging_mixin.py:188} INFO - [2026-04-24T09:48:43.275+0000] {dag.py:3036} INFO - Sync 1 DAGs
[2026-04-24T09:48:43.947+0000] {logging_mixin.py:188} INFO - [2026-04-24T09:48:43.945+0000] {dag.py:3823} INFO - Setting next_dagrun for weather_data_pipeline to 2026-04-24 06:00:00+00:00, run_after=2026-04-25 06:00:00+00:00
[2026-04-24T09:48:44.237+0000] {processor.py:183} INFO - Processing /opt/airflow/dags/weather_pipeline_dag.py took 2.324 seconds
[2026-04-24T09:49:16.062+0000] {processor.py:161} INFO - Started process (PID=5890) to work on /opt/airflow/dags/weather_pipeline_dag.py
[2026-04-24T09:49:16.094+0000] {processor.py:830} INFO - Processing file /opt/airflow/dags/weather_pipeline_dag.py for tasks to queue
[2026-04-24T09:49:16.139+0000] {logging_mixin.py:188} INFO - [2026-04-24T09:49:16.129+0000] {dagbag.py:538} INFO - Filling up the DagBag from /opt/airflow/dags/weather_pipeline_dag.py
[2026-04-24T09:49:17.491+0000] {processor.py:840} INFO - DAG(s) 'weather_data_pipeline' retrieved from /opt/airflow/dags/weather_pipeline_dag.py
[2026-04-24T09:49:18.201+0000] {logging_mixin.py:188} INFO - [2026-04-24T09:49:18.189+0000] {dag.py:3036} INFO - Sync 1 DAGs
[2026-04-24T09:49:18.890+0000] {logging_mixin.py:188} INFO - [2026-04-24T09:49:18.887+0000] {dag.py:3823} INFO - Setting next_dagrun for weather_data_pipeline to 2026-04-24 06:00:00+00:00, run_after=2026-04-25 06:00:00+00:00
[2026-04-24T09:49:19.294+0000] {processor.py:183} INFO - Processing /opt/airflow/dags/weather_pipeline_dag.py took 3.318 seconds
[2026-04-24T09:49:50.668+0000] {processor.py:161} INFO - Started process (PID=5901) to work on /opt/airflow/dags/weather_pipeline_dag.py
[2026-04-24T09:49:50.691+0000] {processor.py:830} INFO - Processing file /opt/airflow/dags/weather_pipeline_dag.py for tasks to queue
[2026-04-24T09:49:50.719+0000] {logging_mixin.py:188} INFO - [2026-04-24T09:49:50.706+0000] {dagbag.py:538} INFO - Filling up the DagBag from /opt/airflow/dags/weather_pipeline_dag.py
[2026-04-24T09:49:51.298+0000] {processor.py:840} INFO - DAG(s) 'weather_data_pipeline' retrieved from /opt/airflow/dags/weather_pipeline_dag.py
[2026-04-24T09:49:52.082+0000] {logging_mixin.py:188} INFO - [2026-04-24T09:49:52.080+0000] {dag.py:3036} INFO - Sync 1 DAGs
[2026-04-24T09:49:52.575+0000] {logging_mixin.py:188} INFO - [2026-04-24T09:49:52.573+0000] {dag.py:3823} INFO - Setting next_dagrun for weather_data_pipeline to 2026-04-24 06:00:00+00:00, run_after=2026-04-25 06:00:00+00:00
[2026-04-24T09:49:53.085+0000] {processor.py:183} INFO - Processing /opt/airflow/dags/weather_pipeline_dag.py took 2.490 seconds
[2026-04-24T09:50:25.875+0000] {processor.py:161} INFO - Started process (PID=5912) to work on /opt/airflow/dags/weather_pipeline_dag.py
[2026-04-24T09:50:25.933+0000] {processor.py:830} INFO - Processing file /opt/airflow/dags/weather_pipeline_dag.py for tasks to queue
[2026-04-24T09:50:26.061+0000] {logging_mixin.py:188} INFO - [2026-04-24T09:50:26.004+0000] {dagbag.py:538} INFO - Filling up the DagBag from /opt/airflow/dags/weather_pipeline_dag.py
[2026-04-24T09:50:28.391+0000] {processor.py:840} INFO - DAG(s) 'weather_data_pipeline' retrieved from /opt/airflow/dags/weather_pipeline_dag.py
[2026-04-24T09:50:29.166+0000] {logging_mixin.py:188} INFO - [2026-04-24T09:50:29.164+0000] {dag.py:3036} INFO - Sync 1 DAGs
[2026-04-24T09:50:29.801+0000] {logging_mixin.py:188} INFO - [2026-04-24T09:50:29.799+0000] {dag.py:3823} INFO - Setting next_dagrun for weather_data_pipeline to 2026-04-24 06:00:00+00:00, run_after=2026-04-25 06:00:00+00:00
[2026-04-24T09:50:30.409+0000] {processor.py:183} INFO - Processing /opt/airflow/dags/weather_pipeline_dag.py took 4.639 seconds
[2026-04-24T09:51:01.236+0000] {processor.py:161} INFO - Started process (PID=5924) to work on /opt/airflow/dags/weather_pipeline_dag.py
[2026-04-24T09:51:01.268+0000] {processor.py:830} INFO - Processing file /opt/airflow/dags/weather_pipeline_dag.py for tasks to queue
[2026-04-24T09:51:01.291+0000] {logging_mixin.py:188} INFO - [2026-04-24T09:51:01.276+0000] {dagbag.py:538} INFO - Filling up the DagBag from /opt/airflow/dags/weather_pipeline_dag.py
[2026-04-24T09:51:01.861+0000] {processor.py:840} INFO - DAG(s) 'weather_data_pipeline' retrieved from /opt/airflow/dags/weather_pipeline_dag.py
[2026-04-24T09:51:02.337+0000] {logging_mixin.py:188} INFO - [2026-04-24T09:51:02.335+0000] {dag.py:3036} INFO - Sync 1 DAGs
[2026-04-24T09:51:02.864+0000] {logging_mixin.py:188} INFO - [2026-04-24T09:51:02.862+0000] {dag.py:3823} INFO - Setting next_dagrun for weather_data_pipeline to 2026-04-24 06:00:00+00:00, run_after=2026-04-25 06:00:00+00:00
[2026-04-24T09:51:03.027+0000] {processor.py:183} INFO - Processing /opt/airflow/dags/weather_pipeline_dag.py took 2.047 seconds
[2026-04-24T09:51:33.517+0000] {processor.py:161} INFO - Started process (PID=5941) to work on /opt/airflow/dags/weather_pipeline_dag.py
[2026-04-24T09:51:33.526+0000] {processor.py:830} INFO - Processing file /opt/airflow/dags/weather_pipeline_dag.py for tasks to queue
[2026-04-24T09:51:33.537+0000] {logging_mixin.py:188} INFO - [2026-04-24T09:51:33.534+0000] {dagbag.py:538} INFO - Filling up the DagBag from /opt/airflow/dags/weather_pipeline_dag.py
[2026-04-24T09:51:33.976+0000] {processor.py:840} INFO - DAG(s) 'weather_data_pipeline' retrieved from /opt/airflow/dags/weather_pipeline_dag.py
[2026-04-24T09:51:34.556+0000] {logging_mixin.py:188} INFO - [2026-04-24T09:51:34.554+0000] {dag.py:3036} INFO - Sync 1 DAGs
[2026-04-24T09:51:34.757+0000] {logging_mixin.py:188} INFO - [2026-04-24T09:51:34.755+0000] {dag.py:3823} INFO - Setting next_dagrun for weather_data_pipeline to 2026-04-24 06:00:00+00:00, run_after=2026-04-25 06:00:00+00:00
[2026-04-24T09:51:34.940+0000] {processor.py:183} INFO - Processing /opt/airflow/dags/weather_pipeline_dag.py took 1.469 seconds
[2026-04-24T09:52:05.574+0000] {processor.py:161} INFO - Started process (PID=5952) to work on /opt/airflow/dags/weather_pipeline_dag.py
[2026-04-24T09:52:05.581+0000] {processor.py:830} INFO - Processing file /opt/airflow/dags/weather_pipeline_dag.py for tasks to queue
[2026-04-24T09:52:05.588+0000] {logging_mixin.py:188} INFO - [2026-04-24T09:52:05.586+0000] {dagbag.py:538} INFO - Filling up the DagBag from /opt/airflow/dags/weather_pipeline_dag.py
[2026-04-24T09:52:05.918+0000] {processor.py:840} INFO - DAG(s) 'weather_data_pipeline' retrieved from /opt/airflow/dags/weather_pipeline_dag.py
[2026-04-24T09:52:06.322+0000] {logging_mixin.py:188} INFO - [2026-04-24T09:52:06.320+0000] {dag.py:3036} INFO - Sync 1 DAGs
[2026-04-24T09:52:06.865+0000] {logging_mixin.py:188} INFO - [2026-04-24T09:52:06.851+0000] {dag.py:3823} INFO - Setting next_dagrun for weather_data_pipeline to 2026-04-24 06:00:00+00:00, run_after=2026-04-25 06:00:00+00:00
[2026-04-24T09:52:07.241+0000] {processor.py:183} INFO - Processing /opt/airflow/dags/weather_pipeline_dag.py took 1.689 seconds
[2026-04-24T09:52:37.936+0000] {processor.py:161} INFO - Started process (PID=5963) to work on /opt/airflow/dags/weather_pipeline_dag.py
[2026-04-24T09:52:37.973+0000] {processor.py:830} INFO - Processing file /opt/airflow/dags/weather_pipeline_dag.py for tasks to queue
[2026-04-24T09:52:37.993+0000] {logging_mixin.py:188} INFO - [2026-04-24T09:52:37.990+0000] {dagbag.py:538} INFO - Filling up the DagBag from /opt/airflow/dags/weather_pipeline_dag.py
[2026-04-24T09:52:39.296+0000] {processor.py:840} INFO - DAG(s) 'weather_data_pipeline' retrieved from /opt/airflow/dags/weather_pipeline_dag.py
[2026-04-24T09:52:40.251+0000] {logging_mixin.py:188} INFO - [2026-04-24T09:52:40.249+0000] {dag.py:3036} INFO - Sync 1 DAGs
[2026-04-24T09:52:41.408+0000] {logging_mixin.py:188} INFO - [2026-04-24T09:52:41.407+0000] {dag.py:3823} INFO - Setting next_dagrun for weather_data_pipeline to 2026-04-24 06:00:00+00:00, run_after=2026-04-25 06:00:00+00:00
[2026-04-24T09:52:41.960+0000] {processor.py:183} INFO - Processing /opt/airflow/dags/weather_pipeline_dag.py took 4.107 seconds
[2026-04-24T09:53:12.659+0000] {processor.py:161} INFO - Started process (PID=5974) to work on /opt/airflow/dags/weather_pipeline_dag.py
[2026-04-24T09:53:12.681+0000] {processor.py:830} INFO - Processing file /opt/airflow/dags/weather_pipeline_dag.py for tasks to queue
[2026-04-24T09:53:12.691+0000] {logging_mixin.py:188} INFO - [2026-04-24T09:53:12.687+0000] {dagbag.py:538} INFO - Filling up the DagBag from /opt/airflow/dags/weather_pipeline_dag.py
[2026-04-24T09:53:13.058+0000] {processor.py:840} INFO - DAG(s) 'weather_data_pipeline' retrieved from /opt/airflow/dags/weather_pipeline_dag.py
[2026-04-24T09:53:13.578+0000] {logging_mixin.py:188} INFO - [2026-04-24T09:53:13.576+0000] {dag.py:3036} INFO - Sync 1 DAGs
[2026-04-24T09:53:14.446+0000] {logging_mixin.py:188} INFO - [2026-04-24T09:53:14.444+0000] {dag.py:3823} INFO - Setting next_dagrun for weather_data_pipeline to 2026-04-24 06:00:00+00:00, run_after=2026-04-25 06:00:00+00:00
[2026-04-24T09:53:14.957+0000] {processor.py:183} INFO - Processing /opt/airflow/dags/weather_pipeline_dag.py took 2.378 seconds
[2026-04-24T09:53:46.038+0000] {processor.py:161} INFO - Started process (PID=5985) to work on /opt/airflow/dags/weather_pipeline_dag.py
[2026-04-24T09:53:46.076+0000] {processor.py:830} INFO - Processing file /opt/airflow/dags/weather_pipeline_dag.py for tasks to queue
[2026-04-24T09:53:46.087+0000] {logging_mixin.py:188} INFO - [2026-04-24T09:53:46.084+0000] {dagbag.py:538} INFO - Filling up the DagBag from /opt/airflow/dags/weather_pipeline_dag.py
[2026-04-24T09:53:46.388+0000] {processor.py:840} INFO - DAG(s) 'weather_data_pipeline' retrieved from /opt/airflow/dags/weather_pipeline_dag.py
[2026-04-24T09:53:46.764+0000] {logging_mixin.py:188} INFO - [2026-04-24T09:53:46.761+0000] {dag.py:3036} INFO - Sync 1 DAGs
[2026-04-24T09:53:46.987+0000] {logging_mixin.py:188} INFO - [2026-04-24T09:53:46.986+0000] {dag.py:3823} INFO - Setting next_dagrun for weather_data_pipeline to 2026-04-24 06:00:00+00:00, run_after=2026-04-25 06:00:00+00:00
[2026-04-24T09:53:47.131+0000] {processor.py:183} INFO - Processing /opt/airflow/dags/weather_pipeline_dag.py took 1.179 seconds
[2026-04-24T09:54:15.653+0000] {processor.py:161} INFO - Started process (PID=5996) to work on /opt/airflow/dags/weather_pipeline_dag.py
[2026-04-24T09:54:15.674+0000] {processor.py:830} INFO - Processing file /opt/airflow/dags/weather_pipeline_dag.py for tasks to queue
[2026-04-24T09:54:15.712+0000] {logging_mixin.py:188} INFO - [2026-04-24T09:54:15.709+0000] {dagbag.py:538} INFO - Filling up the DagBag from /opt/airflow/dags/weather_pipeline_dag.py
[2026-04-24T09:54:16.105+0000] {processor.py:840} INFO - DAG(s) 'weather_data_pipeline' retrieved from /opt/airflow/dags/weather_pipeline_dag.py
[2026-04-24T09:54:17.243+0000] {logging_mixin.py:188} INFO - [2026-04-24T09:54:17.241+0000] {dag.py:3036} INFO - Sync 1 DAGs
[2026-04-24T09:54:17.806+0000] {logging_mixin.py:188} INFO - [2026-04-24T09:54:17.803+0000] {dag.py:3823} INFO - Setting next_dagrun for weather_data_pipeline to 2026-04-24 06:00:00+00:00, run_after=2026-04-25 06:00:00+00:00
[2026-04-24T09:54:18.094+0000] {processor.py:183} INFO - Processing /opt/airflow/dags/weather_pipeline_dag.py took 2.542 seconds
[2026-04-24T09:54:50.025+0000] {processor.py:161} INFO - Started process (PID=6007) to work on /opt/airflow/dags/weather_pipeline_dag.py
[2026-04-24T09:54:50.042+0000] {processor.py:830} INFO - Processing file /opt/airflow/dags/weather_pipeline_dag.py for tasks to queue
[2026-04-24T09:54:50.061+0000] {logging_mixin.py:188} INFO - [2026-04-24T09:54:50.049+0000] {dagbag.py:538} INFO - Filling up the DagBag from /opt/airflow/dags/weather_pipeline_dag.py
[2026-04-24T09:54:52.551+0000] {processor.py:840} INFO - DAG(s) 'weather_data_pipeline' retrieved from /opt/airflow/dags/weather_pipeline_dag.py
[2026-04-24T09:54:53.545+0000] {logging_mixin.py:188} INFO - [2026-04-24T09:54:53.542+0000] {dag.py:3036} INFO - Sync 1 DAGs
[2026-04-24T09:54:54.306+0000] {logging_mixin.py:188} INFO - [2026-04-24T09:54:54.293+0000] {dag.py:3823} INFO - Setting next_dagrun for weather_data_pipeline to 2026-04-24 06:00:00+00:00, run_after=2026-04-25 06:00:00+00:00
[2026-04-24T09:54:54.726+0000] {processor.py:183} INFO - Processing /opt/airflow/dags/weather_pipeline_dag.py took 4.772 seconds
[2026-04-24T09:55:26.579+0000] {processor.py:161} INFO - Started process (PID=6018) to work on /opt/airflow/dags/weather_pipeline_dag.py
[2026-04-24T09:55:26.609+0000] {processor.py:830} INFO - Processing file /opt/airflow/dags/weather_pipeline_dag.py for tasks to queue
[2026-04-24T09:55:26.631+0000] {logging_mixin.py:188} INFO - [2026-04-24T09:55:26.626+0000] {dagbag.py:538} INFO - Filling up the DagBag from /opt/airflow/dags/weather_pipeline_dag.py
[2026-04-24T09:55:27.032+0000] {processor.py:840} INFO - DAG(s) 'weather_data_pipeline' retrieved from /opt/airflow/dags/weather_pipeline_dag.py
[2026-04-24T09:55:27.486+0000] {logging_mixin.py:188} INFO - [2026-04-24T09:55:27.474+0000] {dag.py:3036} INFO - Sync 1 DAGs
[2026-04-24T09:55:27.821+0000] {logging_mixin.py:188} INFO - [2026-04-24T09:55:27.819+0000] {dag.py:3823} INFO - Setting next_dagrun for weather_data_pipeline to 2026-04-24 06:00:00+00:00, run_after=2026-04-25 06:00:00+00:00
[2026-04-24T09:55:28.215+0000] {processor.py:183} INFO - Processing /opt/airflow/dags/weather_pipeline_dag.py took 1.778 seconds
[2026-04-24T09:56:00.253+0000] {processor.py:161} INFO - Started process (PID=6036) to work on /opt/airflow/dags/weather_pipeline_dag.py
[2026-04-24T09:56:00.284+0000] {processor.py:830} INFO - Processing file /opt/airflow/dags/weather_pipeline_dag.py for tasks to queue
[2026-04-24T09:56:00.304+0000] {logging_mixin.py:188} INFO - [2026-04-24T09:56:00.301+0000] {dagbag.py:538} INFO - Filling up the DagBag from /opt/airflow/dags/weather_pipeline_dag.py
[2026-04-24T09:56:02.326+0000] {processor.py:840} INFO - DAG(s) 'weather_data_pipeline' retrieved from /opt/airflow/dags/weather_pipeline_dag.py
[2026-04-24T09:56:03.044+0000] {logging_mixin.py:188} INFO - [2026-04-24T09:56:03.042+0000] {dag.py:3036} INFO - Sync 1 DAGs
[2026-04-24T09:56:03.822+0000] {logging_mixin.py:188} INFO - [2026-04-24T09:56:03.820+0000] {dag.py:3823} INFO - Setting next_dagrun for weather_data_pipeline to 2026-04-24 06:00:00+00:00, run_after=2026-04-25 06:00:00+00:00
[2026-04-24T09:56:04.285+0000] {processor.py:183} INFO - Processing /opt/airflow/dags/weather_pipeline_dag.py took 4.094 seconds
[2026-04-24T09:56:35.589+0000] {processor.py:161} INFO - Started process (PID=6048) to work on /opt/airflow/dags/weather_pipeline_dag.py
[2026-04-24T09:56:35.609+0000] {processor.py:830} INFO - Processing file /opt/airflow/dags/weather_pipeline_dag.py for tasks to queue
[2026-04-24T09:56:35.633+0000] {logging_mixin.py:188} INFO - [2026-04-24T09:56:35.625+0000] {dagbag.py:538} INFO - Filling up the DagBag from /opt/airflow/dags/weather_pipeline_dag.py
[2026-04-24T09:56:34.011+0000] {processor.py:840} INFO - DAG(s) 'weather_data_pipeline' retrieved from /opt/airflow/dags/weather_pipeline_dag.py
[2026-04-24T09:56:34.810+0000] {logging_mixin.py:188} INFO - [2026-04-24T09:56:34.796+0000] {dag.py:3036} INFO - Sync 1 DAGs
[2026-04-24T09:56:35.446+0000] {logging_mixin.py:188} INFO - [2026-04-24T09:56:35.443+0000] {dag.py:3823} INFO - Setting next_dagrun for weather_data_pipeline to 2026-04-24 06:00:00+00:00, run_after=2026-04-25 06:00:00+00:00
[2026-04-24T09:56:35.922+0000] {processor.py:183} INFO - Processing /opt/airflow/dags/weather_pipeline_dag.py took 2.802 seconds
[2026-04-24T09:57:06.851+0000] {processor.py:161} INFO - Started process (PID=6059) to work on /opt/airflow/dags/weather_pipeline_dag.py
[2026-04-24T09:57:06.858+0000] {processor.py:830} INFO - Processing file /opt/airflow/dags/weather_pipeline_dag.py for tasks to queue
[2026-04-24T09:57:06.866+0000] {logging_mixin.py:188} INFO - [2026-04-24T09:57:06.864+0000] {dagbag.py:538} INFO - Filling up the DagBag from /opt/airflow/dags/weather_pipeline_dag.py
[2026-04-24T09:57:07.278+0000] {processor.py:840} INFO - DAG(s) 'weather_data_pipeline' retrieved from /opt/airflow/dags/weather_pipeline_dag.py
[2026-04-24T09:57:07.498+0000] {logging_mixin.py:188} INFO - [2026-04-24T09:57:07.497+0000] {dag.py:3036} INFO - Sync 1 DAGs
[2026-04-24T09:57:08.013+0000] {logging_mixin.py:188} INFO - [2026-04-24T09:57:08.011+0000] {dag.py:3823} INFO - Setting next_dagrun for weather_data_pipeline to 2026-04-24 06:00:00+00:00, run_after=2026-04-25 06:00:00+00:00
[2026-04-24T09:57:08.140+0000] {processor.py:183} INFO - Processing /opt/airflow/dags/weather_pipeline_dag.py took 1.312 seconds
[2026-04-24T09:57:39.366+0000] {processor.py:161} INFO - Started process (PID=6070) to work on /opt/airflow/dags/weather_pipeline_dag.py
[2026-04-24T09:57:39.391+0000] {processor.py:830} INFO - Processing file /opt/airflow/dags/weather_pipeline_dag.py for tasks to queue
[2026-04-24T09:57:39.415+0000] {logging_mixin.py:188} INFO - [2026-04-24T09:57:39.405+0000] {dagbag.py:538} INFO - Filling up the DagBag from /opt/airflow/dags/weather_pipeline_dag.py
[2026-04-24T09:57:39.929+0000] {processor.py:840} INFO - DAG(s) 'weather_data_pipeline' retrieved from /opt/airflow/dags/weather_pipeline_dag.py
[2026-04-24T09:57:40.636+0000] {logging_mixin.py:188} INFO - [2026-04-24T09:57:40.634+0000] {dag.py:3036} INFO - Sync 1 DAGs
[2026-04-24T09:57:40.842+0000] {logging_mixin.py:188} INFO - [2026-04-24T09:57:40.841+0000] {dag.py:3823} INFO - Setting next_dagrun for weather_data_pipeline to 2026-04-24 06:00:00+00:00, run_after=2026-04-25 06:00:00+00:00
[2026-04-24T09:57:41.023+0000] {processor.py:183} INFO - Processing /opt/airflow/dags/weather_pipeline_dag.py took 1.745 seconds
[2026-04-24T09:58:12.223+0000] {processor.py:161} INFO - Started process (PID=6081) to work on /opt/airflow/dags/weather_pipeline_dag.py
[2026-04-24T09:58:12.232+0000] {processor.py:830} INFO - Processing file /opt/airflow/dags/weather_pipeline_dag.py for tasks to queue
[2026-04-24T09:58:12.241+0000] {logging_mixin.py:188} INFO - [2026-04-24T09:58:12.238+0000] {dagbag.py:538} INFO - Filling up the DagBag from /opt/airflow/dags/weather_pipeline_dag.py
[2026-04-24T09:58:12.529+0000] {processor.py:840} INFO - DAG(s) 'weather_data_pipeline' retrieved from /opt/airflow/dags/weather_pipeline_dag.py
[2026-04-24T09:58:12.776+0000] {logging_mixin.py:188} INFO - [2026-04-24T09:58:12.775+0000] {dag.py:3036} INFO - Sync 1 DAGs
[2026-04-24T09:58:12.996+0000] {logging_mixin.py:188} INFO - [2026-04-24T09:58:12.994+0000] {dag.py:3823} INFO - Setting next_dagrun for weather_data_pipeline to 2026-04-24 06:00:00+00:00, run_after=2026-04-25 06:00:00+00:00
[2026-04-24T09:58:13.140+0000] {processor.py:183} INFO - Processing /opt/airflow/dags/weather_pipeline_dag.py took 0.943 seconds
[2026-04-24T09:58:47.149+0000] {processor.py:161} INFO - Started process (PID=6092) to work on /opt/airflow/dags/weather_pipeline_dag.py
[2026-04-24T09:58:47.172+0000] {processor.py:830} INFO - Processing file /opt/airflow/dags/weather_pipeline_dag.py for tasks to queue
[2026-04-24T09:58:47.191+0000] {logging_mixin.py:188} INFO - [2026-04-24T09:58:47.187+0000] {dagbag.py:538} INFO - Filling up the DagBag from /opt/airflow/dags/weather_pipeline_dag.py
[2026-04-24T09:58:49.027+0000] {processor.py:840} INFO - DAG(s) 'weather_data_pipeline' retrieved from /opt/airflow/dags/weather_pipeline_dag.py
[2026-04-24T09:58:50.103+0000] {logging_mixin.py:188} INFO - [2026-04-24T09:58:50.100+0000] {dag.py:3036} INFO - Sync 1 DAGs
[2026-04-24T09:58:50.815+0000] {logging_mixin.py:188} INFO - [2026-04-24T09:58:50.813+0000] {dag.py:3823} INFO - Setting next_dagrun for weather_data_pipeline to 2026-04-24 06:00:00+00:00, run_after=2026-04-25 06:00:00+00:00
[2026-04-24T09:58:51.421+0000] {processor.py:183} INFO - Processing /opt/airflow/dags/weather_pipeline_dag.py took 4.342 seconds
