[2026-04-24T05:08:29.142+0000] {manager.py:469} INFO - Processing files using up to 2 processes at a time 
[2026-04-24T05:08:29.160+0000] {manager.py:470} INFO - Process each file at most once every 30 seconds
[2026-04-24T05:08:29.185+0000] {manager.py:471} INFO - Checking for new files in /opt/airflow/dags every 300 seconds
[2026-04-24T05:08:29.207+0000] {manager.py:738} INFO - Searching for files in /opt/airflow/dags
[2026-04-24T05:08:29.841+0000] {manager.py:741} INFO - There are 1 files in /opt/airflow/dags
[2026-04-24T05:08:34.247+0000] {manager.py:879} INFO - 
================================================================================
DAG File Processing Stats

File Path                                    PID  Runtime      # DAGs    # Errors  Last Runtime    Last Run
-----------------------------------------  -----  ---------  --------  ----------  --------------  ----------
/opt/airflow/dags/weather_pipeline_dag.py    278  1.96s             0           0
================================================================================
[2026-04-24T05:09:02.319+0000] {manager.py:879} INFO - 
================================================================================
DAG File Processing Stats

File Path                                  PID    Runtime      # DAGs    # Errors  Last Runtime    Last Run
-----------------------------------------  -----  ---------  --------  ----------  --------------  -------------------
/opt/airflow/dags/weather_pipeline_dag.py                           1           0  18.34s          2026-04-24T05:08:50
================================================================================
[2026-04-24T05:09:30.262+0000] {manager.py:879} INFO - 
================================================================================
DAG File Processing Stats

File Path                                  PID    Runtime      # DAGs    # Errors  Last Runtime    Last Run
-----------------------------------------  -----  ---------  --------  ----------  --------------  -------------------
/opt/airflow/dags/weather_pipeline_dag.py                           1           0  2.64s           2026-04-24T05:09:23
================================================================================
[2026-04-24T05:09:57.931+0000] {manager.py:879} INFO - 
================================================================================
DAG File Processing Stats

File Path                                    PID  Runtime      # DAGs    # Errors  Last Runtime    Last Run
-----------------------------------------  -----  ---------  --------  ----------  --------------  -------------------
/opt/airflow/dags/weather_pipeline_dag.py    305  2.51s             1           0  2.64s           2026-04-24T05:09:23
================================================================================
[2026-04-24T05:10:26.114+0000] {manager.py:879} INFO - 
================================================================================
DAG File Processing Stats

File Path                                  PID    Runtime      # DAGs    # Errors  Last Runtime    Last Run
-----------------------------------------  -----  ---------  --------  ----------  --------------  -------------------
/opt/airflow/dags/weather_pipeline_dag.py                           1           0  4.44s           2026-04-24T05:09:59
================================================================================
[2026-04-24T05:10:54.238+0000] {manager.py:879} INFO - 
================================================================================
DAG File Processing Stats

File Path                                  PID    Runtime      # DAGs    # Errors  Last Runtime    Last Run
-----------------------------------------  -----  ---------  --------  ----------  --------------  -------------------
/opt/airflow/dags/weather_pipeline_dag.py                           1           0  1.42s           2026-04-24T05:10:31
================================================================================
[2026-04-24T05:11:21.723+0000] {manager.py:879} INFO - 
================================================================================
DAG File Processing Stats

File Path                                  PID    Runtime      # DAGs    # Errors  Last Runtime    Last Run
-----------------------------------------  -----  ---------  --------  ----------  --------------  -------------------
/opt/airflow/dags/weather_pipeline_dag.py                           1           0  1.60s           2026-04-24T05:11:04
================================================================================
[2026-04-24T05:11:49.172+0000] {manager.py:879} INFO - 
================================================================================
DAG File Processing Stats

File Path                                  PID    Runtime      # DAGs    # Errors  Last Runtime    Last Run
-----------------------------------------  -----  ---------  --------  ----------  --------------  -------------------
/opt/airflow/dags/weather_pipeline_dag.py                           1           0  3.13s           2026-04-24T05:11:37
================================================================================
[2026-04-24T05:12:16.748+0000] {manager.py:879} INFO - 
================================================================================
DAG File Processing Stats

File Path                                  PID    Runtime      # DAGs    # Errors  Last Runtime    Last Run
-----------------------------------------  -----  ---------  --------  ----------  --------------  -------------------
/opt/airflow/dags/weather_pipeline_dag.py                           1           0  2.45s           2026-04-24T05:12:10
================================================================================
[2026-04-24T05:12:44.002+0000] {manager.py:879} INFO - 
================================================================================
DAG File Processing Stats

File Path                                  PID    Runtime      # DAGs    # Errors  Last Runtime    Last Run
-----------------------------------------  -----  ---------  --------  ----------  --------------  -------------------
/opt/airflow/dags/weather_pipeline_dag.py                           1           0  2.30s           2026-04-24T05:12:43
================================================================================
[2026-04-24T05:13:11.959+0000] {manager.py:879} INFO - 
================================================================================
DAG File Processing Stats

File Path                                  PID    Runtime      # DAGs    # Errors  Last Runtime    Last Run
-----------------------------------------  -----  ---------  --------  ----------  --------------  -------------------
/opt/airflow/dags/weather_pipeline_dag.py                           1           0  2.30s           2026-04-24T05:12:43
================================================================================
[2026-04-24T05:13:29.218+0000] {manager.py:738} INFO - Searching for files in /opt/airflow/dags
[2026-04-24T05:13:27.049+0000] {manager.py:741} INFO - There are 1 files in /opt/airflow/dags
[2026-04-24T05:13:39.995+0000] {manager.py:879} INFO - 
================================================================================
DAG File Processing Stats

File Path                                  PID    Runtime      # DAGs    # Errors  Last Runtime    Last Run
-----------------------------------------  -----  ---------  --------  ----------  --------------  -------------------
/opt/airflow/dags/weather_pipeline_dag.py                           1           0  3.04s           2026-04-24T05:13:17
================================================================================
[2026-04-24T05:14:07.330+0000] {manager.py:879} INFO - 
================================================================================
DAG File Processing Stats

File Path                                  PID    Runtime      # DAGs    # Errors  Last Runtime    Last Run
-----------------------------------------  -----  ---------  --------  ----------  --------------  -------------------
/opt/airflow/dags/weather_pipeline_dag.py                           1           0  2.12s           2026-04-24T05:13:50
================================================================================
[2026-04-24T05:14:34.763+0000] {manager.py:879} INFO - 
================================================================================
DAG File Processing Stats

File Path                                  PID    Runtime      # DAGs    # Errors  Last Runtime    Last Run
-----------------------------------------  -----  ---------  --------  ----------  --------------  -------------------
/opt/airflow/dags/weather_pipeline_dag.py                           1           0  1.50s           2026-04-24T05:14:22
================================================================================
[2026-04-24T05:15:02.040+0000] {manager.py:879} INFO - 
================================================================================
DAG File Processing Stats

File Path                                  PID    Runtime      # DAGs    # Errors  Last Runtime    Last Run
-----------------------------------------  -----  ---------  --------  ----------  --------------  -------------------
/opt/airflow/dags/weather_pipeline_dag.py                           1           0  3.96s           2026-04-24T05:14:56
================================================================================
[2026-04-24T05:15:29.456+0000] {manager.py:879} INFO - 
================================================================================
DAG File Processing Stats

File Path                                  PID    Runtime      # DAGs    # Errors  Last Runtime    Last Run
-----------------------------------------  -----  ---------  --------  ----------  --------------  -------------------
/opt/airflow/dags/weather_pipeline_dag.py                           1           0  1.69s           2026-04-24T05:15:29
================================================================================
[2026-04-24T05:15:57.276+0000] {manager.py:879} INFO - 
================================================================================
DAG File Processing Stats

File Path                                  PID    Runtime      # DAGs    # Errors  Last Runtime    Last Run
-----------------------------------------  -----  ---------  --------  ----------  --------------  -------------------
/opt/airflow/dags/weather_pipeline_dag.py                           1           0  1.69s           2026-04-24T05:15:29
================================================================================
[2026-04-24T05:16:24.578+0000] {manager.py:879} INFO - 
================================================================================
DAG File Processing Stats

File Path                                  PID    Runtime      # DAGs    # Errors  Last Runtime    Last Run
-----------------------------------------  -----  ---------  --------  ----------  --------------  -------------------
/opt/airflow/dags/weather_pipeline_dag.py                           1           0  2.06s           2026-04-24T05:16:01
================================================================================
[2026-04-24T05:16:52.226+0000] {manager.py:879} INFO - 
================================================================================
DAG File Processing Stats

File Path                                  PID    Runtime      # DAGs    # Errors  Last Runtime    Last Run
-----------------------------------------  -----  ---------  --------  ----------  --------------  -------------------
/opt/airflow/dags/weather_pipeline_dag.py                           1           0  2.78s           2026-04-24T05:16:34
================================================================================
[2026-04-24T05:17:19.672+0000] {manager.py:879} INFO - 
================================================================================
DAG File Processing Stats

File Path                                  PID    Runtime      # DAGs    # Errors  Last Runtime    Last Run
-----------------------------------------  -----  ---------  --------  ----------  --------------  -------------------
/opt/airflow/dags/weather_pipeline_dag.py                           1           0  1.84s           2026-04-24T05:17:06
================================================================================
[2026-04-24T05:17:47.527+0000] {manager.py:879} INFO - 
================================================================================
DAG File Processing Stats

File Path                                  PID    Runtime      # DAGs    # Errors  Last Runtime    Last Run
-----------------------------------------  -----  ---------  --------  ----------  --------------  -------------------
/opt/airflow/dags/weather_pipeline_dag.py                           1           0  3.16s           2026-04-24T05:17:40
================================================================================
[2026-04-24T05:18:15.085+0000] {manager.py:879} INFO - 
================================================================================
DAG File Processing Stats

File Path                                  PID    Runtime      # DAGs    # Errors  Last Runtime    Last Run
-----------------------------------------  -----  ---------  --------  ----------  --------------  -------------------
/opt/airflow/dags/weather_pipeline_dag.py                           1           0  1.49s           2026-04-24T05:18:12
================================================================================
[2026-04-24T05:18:29.406+0000] {manager.py:738} INFO - Searching for files in /opt/airflow/dags
[2026-04-24T05:18:29.552+0000] {manager.py:741} INFO - There are 1 files in /opt/airflow/dags
[2026-04-24T05:18:42.900+0000] {manager.py:879} INFO - 
================================================================================
DAG File Processing Stats

File Path                                  PID    Runtime      # DAGs    # Errors  Last Runtime    Last Run
-----------------------------------------  -----  ---------  --------  ----------  --------------  -------------------
/opt/airflow/dags/weather_pipeline_dag.py                           1           0  1.49s           2026-04-24T05:18:12
================================================================================
[2026-04-24T05:19:10.481+0000] {manager.py:879} INFO - 
================================================================================
DAG File Processing Stats

File Path                                  PID    Runtime      # DAGs    # Errors  Last Runtime    Last Run
-----------------------------------------  -----  ---------  --------  ----------  --------------  -------------------
/opt/airflow/dags/weather_pipeline_dag.py                           1           0  2.05s           2026-04-24T05:18:45
================================================================================
[2026-04-24T05:19:38.447+0000] {manager.py:879} INFO - 
================================================================================
DAG File Processing Stats

File Path                                  PID    Runtime      # DAGs    # Errors  Last Runtime    Last Run
-----------------------------------------  -----  ---------  --------  ----------  --------------  -------------------
/opt/airflow/dags/weather_pipeline_dag.py                           1           0  7.18s           2026-04-24T05:19:23
================================================================================
[2026-04-24T05:20:06.094+0000] {manager.py:879} INFO - 
================================================================================
DAG File Processing Stats

File Path                                  PID    Runtime      # DAGs    # Errors  Last Runtime    Last Run
-----------------------------------------  -----  ---------  --------  ----------  --------------  -------------------
/opt/airflow/dags/weather_pipeline_dag.py                           1           0  1.63s           2026-04-24T05:19:55
================================================================================
[2026-04-24T05:20:33.691+0000] {manager.py:879} INFO - 
================================================================================
DAG File Processing Stats

File Path                                  PID    Runtime      # DAGs    # Errors  Last Runtime    Last Run
-----------------------------------------  -----  ---------  --------  ----------  --------------  -------------------
/opt/airflow/dags/weather_pipeline_dag.py                           1           0  3.63s           2026-04-24T05:20:29
================================================================================
[2026-04-24T05:21:01.913+0000] {manager.py:879} INFO - 
================================================================================
DAG File Processing Stats

File Path                                  PID    Runtime      # DAGs    # Errors  Last Runtime    Last Run
-----------------------------------------  -----  ---------  --------  ----------  --------------  -------------------
/opt/airflow/dags/weather_pipeline_dag.py                           1           0  1.63s           2026-04-24T05:21:00
================================================================================
[2026-04-24T05:21:30.032+0000] {manager.py:879} INFO - 
================================================================================
DAG File Processing Stats

File Path                                  PID    Runtime      # DAGs    # Errors  Last Runtime    Last Run
-----------------------------------------  -----  ---------  --------  ----------  --------------  -------------------
/opt/airflow/dags/weather_pipeline_dag.py                           1           0  1.63s           2026-04-24T05:21:00
================================================================================
[2026-04-24T05:21:57.952+0000] {manager.py:879} INFO - 
================================================================================
DAG File Processing Stats

File Path                                  PID    Runtime      # DAGs    # Errors  Last Runtime    Last Run
-----------------------------------------  -----  ---------  --------  ----------  --------------  -------------------
/opt/airflow/dags/weather_pipeline_dag.py                           1           0  3.41s           2026-04-24T05:21:34
================================================================================
[2026-04-24T05:22:25.178+0000] {manager.py:879} INFO - 
================================================================================
DAG File Processing Stats

File Path                                  PID    Runtime      # DAGs    # Errors  Last Runtime    Last Run
-----------------------------------------  -----  ---------  --------  ----------  --------------  -------------------
/opt/airflow/dags/weather_pipeline_dag.py                           1           0  2.85s           2026-04-24T05:22:08
================================================================================
[2026-04-24T05:22:52.781+0000] {manager.py:879} INFO - 
================================================================================
DAG File Processing Stats

File Path                                  PID    Runtime      # DAGs    # Errors  Last Runtime    Last Run
-----------------------------------------  -----  ---------  --------  ----------  --------------  -------------------
/opt/airflow/dags/weather_pipeline_dag.py                           1           0  1.06s           2026-04-24T05:22:40
================================================================================
[2026-04-24T05:23:20.324+0000] {manager.py:879} INFO - 
================================================================================
DAG File Processing Stats

File Path                                  PID    Runtime      # DAGs    # Errors  Last Runtime    Last Run
-----------------------------------------  -----  ---------  --------  ----------  --------------  -------------------
/opt/airflow/dags/weather_pipeline_dag.py                           1           0  2.66s           2026-04-24T05:23:13
================================================================================
[2026-04-24T05:23:29.619+0000] {manager.py:738} INFO - Searching for files in /opt/airflow/dags
[2026-04-24T05:23:29.923+0000] {manager.py:741} INFO - There are 1 files in /opt/airflow/dags
[2026-04-24T05:23:48.422+0000] {manager.py:879} INFO - 
================================================================================
DAG File Processing Stats

File Path                                  PID    Runtime      # DAGs    # Errors  Last Runtime    Last Run
-----------------------------------------  -----  ---------  --------  ----------  --------------  -------------------
/opt/airflow/dags/weather_pipeline_dag.py                           1           0  3.45s           2026-04-24T05:23:47
================================================================================
[2026-04-24T05:24:16.078+0000] {manager.py:879} INFO - 
================================================================================
DAG File Processing Stats

File Path                                  PID    Runtime      # DAGs    # Errors  Last Runtime    Last Run
-----------------------------------------  -----  ---------  --------  ----------  --------------  -------------------
/opt/airflow/dags/weather_pipeline_dag.py                           1           0  3.45s           2026-04-24T05:23:47
================================================================================
[2026-04-24T05:24:43.348+0000] {manager.py:879} INFO - 
================================================================================
DAG File Processing Stats

File Path                                  PID    Runtime      # DAGs    # Errors  Last Runtime    Last Run
-----------------------------------------  -----  ---------  --------  ----------  --------------  -------------------
/opt/airflow/dags/weather_pipeline_dag.py                           1           0  7.02s           2026-04-24T05:24:24
================================================================================
[2026-04-24T05:25:11.104+0000] {manager.py:879} INFO - 
================================================================================
DAG File Processing Stats

File Path                                  PID    Runtime      # DAGs    # Errors  Last Runtime    Last Run
-----------------------------------------  -----  ---------  --------  ----------  --------------  -------------------
/opt/airflow/dags/weather_pipeline_dag.py                           1           0  3.72s           2026-04-24T05:24:59
================================================================================
[2026-04-24T05:25:38.999+0000] {manager.py:879} INFO - 
================================================================================
DAG File Processing Stats

File Path                                  PID    Runtime      # DAGs    # Errors  Last Runtime    Last Run
-----------------------------------------  -----  ---------  --------  ----------  --------------  -------------------
/opt/airflow/dags/weather_pipeline_dag.py                           1           0  3.45s           2026-04-24T05:25:33
================================================================================
[2026-04-24T05:26:06.969+0000] {manager.py:879} INFO - 
================================================================================
DAG File Processing Stats

File Path                                    PID  Runtime      # DAGs    # Errors  Last Runtime    Last Run
-----------------------------------------  -----  ---------  --------  ----------  --------------  -------------------
/opt/airflow/dags/weather_pipeline_dag.py    651  2.49s             1           0  3.45s           2026-04-24T05:25:33
================================================================================
[2026-04-24T05:26:34.326+0000] {manager.py:879} INFO - 
================================================================================
DAG File Processing Stats

File Path                                  PID    Runtime      # DAGs    # Errors  Last Runtime    Last Run
-----------------------------------------  -----  ---------  --------  ----------  --------------  -------------------
/opt/airflow/dags/weather_pipeline_dag.py                           1           0  3.22s           2026-04-24T05:26:07
================================================================================
[2026-04-24T05:27:02.335+0000] {manager.py:879} INFO - 
================================================================================
DAG File Processing Stats

File Path                                  PID    Runtime      # DAGs    # Errors  Last Runtime    Last Run
-----------------------------------------  -----  ---------  --------  ----------  --------------  -------------------
/opt/airflow/dags/weather_pipeline_dag.py                           1           0  5.95s           2026-04-24T05:26:45
================================================================================
[2026-04-24T05:27:30.501+0000] {manager.py:879} INFO - 
================================================================================
DAG File Processing Stats

File Path                                  PID    Runtime      # DAGs    # Errors  Last Runtime    Last Run
-----------------------------------------  -----  ---------  --------  ----------  --------------  -------------------
/opt/airflow/dags/weather_pipeline_dag.py                           1           0  5.76s           2026-04-24T05:27:21
================================================================================
[2026-04-24T05:27:57.914+0000] {manager.py:879} INFO - 
================================================================================
DAG File Processing Stats

File Path                                  PID    Runtime      # DAGs    # Errors  Last Runtime    Last Run
-----------------------------------------  -----  ---------  --------  ----------  --------------  -------------------
/opt/airflow/dags/weather_pipeline_dag.py                           1           0  3.32s           2026-04-24T05:27:55
================================================================================
[2026-04-24T05:28:25.773+0000] {manager.py:879} INFO - 
================================================================================
DAG File Processing Stats

File Path                                  PID    Runtime      # DAGs    # Errors  Last Runtime    Last Run
-----------------------------------------  -----  ---------  --------  ----------  --------------  -------------------
/opt/airflow/dags/weather_pipeline_dag.py                           1           0  3.32s           2026-04-24T05:27:55
================================================================================
[2026-04-24T05:28:29.747+0000] {manager.py:738} INFO - Searching for files in /opt/airflow/dags
[2026-04-24T05:28:29.735+0000] {manager.py:741} INFO - There are 1 files in /opt/airflow/dags
[2026-04-24T05:28:53.926+0000] {manager.py:879} INFO - 
================================================================================
DAG File Processing Stats

File Path                                  PID    Runtime      # DAGs    # Errors  Last Runtime    Last Run
-----------------------------------------  -----  ---------  --------  ----------  --------------  -------------------
/opt/airflow/dags/weather_pipeline_dag.py                           1           0  4.29s           2026-04-24T05:28:30
================================================================================
[2026-04-24T05:29:21.304+0000] {manager.py:879} INFO - 
================================================================================
DAG File Processing Stats

File Path                                  PID    Runtime      # DAGs    # Errors  Last Runtime    Last Run
-----------------------------------------  -----  ---------  --------  ----------  --------------  -------------------
/opt/airflow/dags/weather_pipeline_dag.py                           1           0  4.64s           2026-04-24T05:29:07
================================================================================
[2026-04-24T05:29:48.951+0000] {manager.py:879} INFO - 
================================================================================
DAG File Processing Stats

File Path                                  PID    Runtime      # DAGs    # Errors  Last Runtime    Last Run
-----------------------------------------  -----  ---------  --------  ----------  --------------  -------------------
/opt/airflow/dags/weather_pipeline_dag.py                           1           0  5.50s           2026-04-24T05:29:43
================================================================================
[2026-04-24T05:30:16.284+0000] {manager.py:879} INFO - 
================================================================================
DAG File Processing Stats

File Path                                    PID  Runtime      # DAGs    # Errors  Last Runtime    Last Run
-----------------------------------------  -----  ---------  --------  ----------  --------------  -------------------
/opt/airflow/dags/weather_pipeline_dag.py    739  1.33s             1           0  5.50s           2026-04-24T05:29:43
================================================================================
[2026-04-24T05:30:43.691+0000] {manager.py:879} INFO - 
================================================================================
DAG File Processing Stats

File Path                                  PID    Runtime      # DAGs    # Errors  Last Runtime    Last Run
-----------------------------------------  -----  ---------  --------  ----------  --------------  -------------------
/opt/airflow/dags/weather_pipeline_dag.py                           1           0  5.83s           2026-04-24T05:30:20
================================================================================
[2026-04-24T05:31:11.480+0000] {manager.py:879} INFO - 
================================================================================
DAG File Processing Stats

File Path                                  PID    Runtime      # DAGs    # Errors  Last Runtime    Last Run
-----------------------------------------  -----  ---------  --------  ----------  --------------  -------------------
/opt/airflow/dags/weather_pipeline_dag.py                           1           0  3.82s           2026-04-24T05:30:55
================================================================================
[2026-04-24T05:31:39.494+0000] {manager.py:879} INFO - 
================================================================================
DAG File Processing Stats

File Path                                  PID    Runtime      # DAGs    # Errors  Last Runtime    Last Run
-----------------------------------------  -----  ---------  --------  ----------  --------------  -------------------
/opt/airflow/dags/weather_pipeline_dag.py                           1           0  3.69s           2026-04-24T05:31:29
================================================================================
[2026-04-24T05:32:07.363+0000] {manager.py:879} INFO - 
================================================================================
DAG File Processing Stats

File Path                                  PID    Runtime      # DAGs    # Errors  Last Runtime    Last Run
-----------------------------------------  -----  ---------  --------  ----------  --------------  -------------------
/opt/airflow/dags/weather_pipeline_dag.py                           1           0  1.10s           2026-04-24T05:32:01
================================================================================
[2026-04-24T05:32:35.440+0000] {manager.py:879} INFO - 
================================================================================
DAG File Processing Stats

File Path                                  PID    Runtime      # DAGs    # Errors  Last Runtime    Last Run
-----------------------------------------  -----  ---------  --------  ----------  --------------  -------------------
/opt/airflow/dags/weather_pipeline_dag.py                           1           0  2.56s           2026-04-24T05:32:34
================================================================================
[2026-04-24T05:33:02.930+0000] {manager.py:879} INFO - 
================================================================================
DAG File Processing Stats

File Path                                  PID    Runtime      # DAGs    # Errors  Last Runtime    Last Run
-----------------------------------------  -----  ---------  --------  ----------  --------------  -------------------
/opt/airflow/dags/weather_pipeline_dag.py                           1           0  2.56s           2026-04-24T05:32:34
================================================================================
[2026-04-24T05:33:29.799+0000] {manager.py:738} INFO - Searching for files in /opt/airflow/dags
[2026-04-24T05:33:30.147+0000] {manager.py:741} INFO - There are 1 files in /opt/airflow/dags
[2026-04-24T05:33:30.351+0000] {manager.py:879} INFO - 
================================================================================
DAG File Processing Stats

File Path                                  PID    Runtime      # DAGs    # Errors  Last Runtime    Last Run
-----------------------------------------  -----  ---------  --------  ----------  --------------  -------------------
/opt/airflow/dags/weather_pipeline_dag.py                           1           0  0.75s           2026-04-24T05:33:05
================================================================================
[2026-04-24T05:33:57.906+0000] {manager.py:879} INFO - 
================================================================================
DAG File Processing Stats

File Path                                  PID    Runtime      # DAGs    # Errors  Last Runtime    Last Run
-----------------------------------------  -----  ---------  --------  ----------  --------------  -------------------
/opt/airflow/dags/weather_pipeline_dag.py                           1           0  5.69s           2026-04-24T05:33:42
================================================================================
[2026-04-24T05:34:25.657+0000] {manager.py:879} INFO - 
================================================================================
DAG File Processing Stats

File Path                                  PID    Runtime      # DAGs    # Errors  Last Runtime    Last Run
-----------------------------------------  -----  ---------  --------  ----------  --------------  -------------------
/opt/airflow/dags/weather_pipeline_dag.py                           1           0  5.61s           2026-04-24T05:34:18
================================================================================
[2026-04-24T05:34:52.995+0000] {manager.py:879} INFO - 
================================================================================
DAG File Processing Stats

File Path                                  PID    Runtime      # DAGs    # Errors  Last Runtime    Last Run
-----------------------------------------  -----  ---------  --------  ----------  --------------  -------------------
/opt/airflow/dags/weather_pipeline_dag.py                           1           0  1.79s           2026-04-24T05:34:51
================================================================================
[2026-04-24T05:35:20.482+0000] {manager.py:879} INFO - 
================================================================================
DAG File Processing Stats

File Path                                  PID    Runtime      # DAGs    # Errors  Last Runtime    Last Run
-----------------------------------------  -----  ---------  --------  ----------  --------------  -------------------
/opt/airflow/dags/weather_pipeline_dag.py                           1           0  1.79s           2026-04-24T05:34:51
================================================================================
[2026-04-24T05:35:47.988+0000] {manager.py:879} INFO - 
================================================================================
DAG File Processing Stats

File Path                                  PID    Runtime      # DAGs    # Errors  Last Runtime    Last Run
-----------------------------------------  -----  ---------  --------  ----------  --------------  -------------------
/opt/airflow/dags/weather_pipeline_dag.py                           1           0  1.44s           2026-04-24T05:35:23
================================================================================
[2026-04-24T05:36:15.853+0000] {manager.py:879} INFO - 
================================================================================
DAG File Processing Stats

File Path                                  PID    Runtime      # DAGs    # Errors  Last Runtime    Last Run
-----------------------------------------  -----  ---------  --------  ----------  --------------  -------------------
/opt/airflow/dags/weather_pipeline_dag.py                           1           0  7.25s           2026-04-24T05:36:01
================================================================================
[2026-04-24T05:36:43.402+0000] {manager.py:879} INFO - 
================================================================================
DAG File Processing Stats

File Path                                  PID    Runtime      # DAGs    # Errors  Last Runtime    Last Run
-----------------------------------------  -----  ---------  --------  ----------  --------------  -------------------
/opt/airflow/dags/weather_pipeline_dag.py                           1           0  3.78s           2026-04-24T05:36:36
================================================================================
[2026-04-24T05:37:10.998+0000] {manager.py:879} INFO - 
================================================================================
DAG File Processing Stats

File Path                                  PID    Runtime      # DAGs    # Errors  Last Runtime    Last Run
-----------------------------------------  -----  ---------  --------  ----------  --------------  -------------------
/opt/airflow/dags/weather_pipeline_dag.py                           1           0  1.06s           2026-04-24T05:37:07
================================================================================
[2026-04-24T05:37:38.844+0000] {manager.py:879} INFO - 
================================================================================
DAG File Processing Stats

File Path                                    PID  Runtime      # DAGs    # Errors  Last Runtime    Last Run
-----------------------------------------  -----  ---------  --------  ----------  --------------  -------------------
/opt/airflow/dags/weather_pipeline_dag.py    894  0.07s             1           0  1.06s           2026-04-24T05:37:07
================================================================================
[2026-04-24T05:38:06.744+0000] {manager.py:879} INFO - 
================================================================================
DAG File Processing Stats

File Path                                  PID    Runtime      # DAGs    # Errors  Last Runtime    Last Run
-----------------------------------------  -----  ---------  --------  ----------  --------------  -------------------
/opt/airflow/dags/weather_pipeline_dag.py                           1           0  0.24s           2026-04-24T05:37:38
================================================================================
[2026-04-24T05:38:30.056+0000] {manager.py:738} INFO - Searching for files in /opt/airflow/dags
[2026-04-24T05:38:31.020+0000] {manager.py:741} INFO - There are 1 files in /opt/airflow/dags
[2026-04-24T05:38:34.396+0000] {manager.py:879} INFO - 
================================================================================
DAG File Processing Stats

File Path                                  PID    Runtime      # DAGs    # Errors  Last Runtime    Last Run
-----------------------------------------  -----  ---------  --------  ----------  --------------  -------------------
/opt/airflow/dags/weather_pipeline_dag.py                           1           0  1.60s           2026-04-24T05:38:10
================================================================================
[2026-04-24T05:39:02.060+0000] {manager.py:879} INFO - 
================================================================================
DAG File Processing Stats

File Path                                  PID    Runtime      # DAGs    # Errors  Last Runtime    Last Run
-----------------------------------------  -----  ---------  --------  ----------  --------------  -------------------
/opt/airflow/dags/weather_pipeline_dag.py                           1           0  4.43s           2026-04-24T05:38:46
================================================================================
[2026-04-24T05:39:29.417+0000] {manager.py:879} INFO - 
================================================================================
DAG File Processing Stats

File Path                                  PID    Runtime      # DAGs    # Errors  Last Runtime    Last Run
-----------------------------------------  -----  ---------  --------  ----------  --------------  -------------------
/opt/airflow/dags/weather_pipeline_dag.py                           1           0  1.18s           2026-04-24T05:39:18
================================================================================
[2026-04-24T05:39:54.579+0000] {manager.py:879} INFO - 
================================================================================
DAG File Processing Stats

File Path                                  PID    Runtime      # DAGs    # Errors  Last Runtime    Last Run
-----------------------------------------  -----  ---------  --------  ----------  --------------  -------------------
/opt/airflow/dags/weather_pipeline_dag.py                           1           0  1.51s           2026-04-24T05:39:50
================================================================================
[2026-04-24T05:40:22.344+0000] {manager.py:879} INFO - 
================================================================================
DAG File Processing Stats

File Path                                  PID    Runtime      # DAGs    # Errors  Last Runtime    Last Run
-----------------------------------------  -----  ---------  --------  ----------  --------------  -------------------
/opt/airflow/dags/weather_pipeline_dag.py                           1           0  2.01s           2026-04-24T05:40:22
================================================================================
[2026-04-24T05:40:49.861+0000] {manager.py:879} INFO - 
================================================================================
DAG File Processing Stats

File Path                                  PID    Runtime      # DAGs    # Errors  Last Runtime    Last Run
-----------------------------------------  -----  ---------  --------  ----------  --------------  -------------------
/opt/airflow/dags/weather_pipeline_dag.py                           1           0  2.01s           2026-04-24T05:40:22
================================================================================
[2026-04-24T05:41:18.120+0000] {manager.py:879} INFO - 
================================================================================
DAG File Processing Stats

File Path                                  PID    Runtime      # DAGs    # Errors  Last Runtime    Last Run
-----------------------------------------  -----  ---------  --------  ----------  --------------  -------------------
/opt/airflow/dags/weather_pipeline_dag.py                           1           0  2.05s           2026-04-24T05:40:55
================================================================================
[2026-04-24T05:41:45.659+0000] {manager.py:879} INFO - 
================================================================================
DAG File Processing Stats

File Path                                  PID    Runtime      # DAGs    # Errors  Last Runtime    Last Run
-----------------------------------------  -----  ---------  --------  ----------  --------------  -------------------
/opt/airflow/dags/weather_pipeline_dag.py                           1           0  2.90s           2026-04-24T05:41:28
================================================================================
[2026-04-24T05:42:13.552+0000] {manager.py:879} INFO - 
================================================================================
DAG File Processing Stats

File Path                                  PID    Runtime      # DAGs    # Errors  Last Runtime    Last Run
-----------------------------------------  -----  ---------  --------  ----------  --------------  -------------------
/opt/airflow/dags/weather_pipeline_dag.py                           1           0  2.67s           2026-04-24T05:42:02
================================================================================
[2026-04-24T05:42:41.394+0000] {manager.py:879} INFO - 
================================================================================
DAG File Processing Stats

File Path                                  PID    Runtime      # DAGs    # Errors  Last Runtime    Last Run
-----------------------------------------  -----  ---------  --------  ----------  --------------  -------------------
/opt/airflow/dags/weather_pipeline_dag.py                           1           0  1.19s           2026-04-24T05:42:33
================================================================================
[2026-04-24T05:43:09.285+0000] {manager.py:879} INFO - 
================================================================================
DAG File Processing Stats

File Path                                  PID    Runtime      # DAGs    # Errors  Last Runtime    Last Run
-----------------------------------------  -----  ---------  --------  ----------  --------------  -------------------
/opt/airflow/dags/weather_pipeline_dag.py                           1           0  1.11s           2026-04-24T05:43:05
================================================================================
[2026-04-24T05:43:30.061+0000] {manager.py:738} INFO - Searching for files in /opt/airflow/dags
[2026-04-24T05:43:30.254+0000] {manager.py:741} INFO - There are 1 files in /opt/airflow/dags
[2026-04-24T05:43:36.522+0000] {manager.py:879} INFO - 
================================================================================
DAG File Processing Stats

File Path                                    PID  Runtime      # DAGs    # Errors  Last Runtime    Last Run
-----------------------------------------  -----  ---------  --------  ----------  --------------  -------------------
/opt/airflow/dags/weather_pipeline_dag.py   1029  0.62s             1           0  1.11s           2026-04-24T05:43:05
================================================================================
[2026-04-24T05:44:04.460+0000] {manager.py:879} INFO - 
================================================================================
DAG File Processing Stats

File Path                                  PID    Runtime      # DAGs    # Errors  Last Runtime    Last Run
-----------------------------------------  -----  ---------  --------  ----------  --------------  -------------------
/opt/airflow/dags/weather_pipeline_dag.py                           1           0  1.24s           2026-04-24T05:43:37
================================================================================
[2026-04-24T05:44:32.040+0000] {manager.py:879} INFO - 
================================================================================
DAG File Processing Stats

File Path                                  PID    Runtime      # DAGs    # Errors  Last Runtime    Last Run
-----------------------------------------  -----  ---------  --------  ----------  --------------  -------------------
/opt/airflow/dags/weather_pipeline_dag.py                           1           0  2.77s           2026-04-24T05:44:10
================================================================================
[2026-04-24T05:44:59.647+0000] {manager.py:879} INFO - 
================================================================================
DAG File Processing Stats

File Path                                  PID    Runtime      # DAGs    # Errors  Last Runtime    Last Run
-----------------------------------------  -----  ---------  --------  ----------  --------------  -------------------
/opt/airflow/dags/weather_pipeline_dag.py                           1           0  3.65s           2026-04-24T05:44:44
================================================================================
[2026-04-24T05:45:27.499+0000] {manager.py:879} INFO - 
================================================================================
DAG File Processing Stats

File Path                                  PID    Runtime      # DAGs    # Errors  Last Runtime    Last Run
-----------------------------------------  -----  ---------  --------  ----------  --------------  -------------------
/opt/airflow/dags/weather_pipeline_dag.py                           1           0  6.77s           2026-04-24T05:45:22
================================================================================
[2026-04-24T05:45:55.295+0000] {manager.py:879} INFO - 
================================================================================
DAG File Processing Stats

File Path                                    PID  Runtime      # DAGs    # Errors  Last Runtime    Last Run
-----------------------------------------  -----  ---------  --------  ----------  --------------  -------------------
/opt/airflow/dags/weather_pipeline_dag.py   1080  2.27s             1           0  6.77s           2026-04-24T05:45:22
================================================================================
[2026-04-24T05:46:23.570+0000] {manager.py:879} INFO - 
================================================================================
DAG File Processing Stats

File Path                                  PID    Runtime      # DAGs    # Errors  Last Runtime    Last Run
-----------------------------------------  -----  ---------  --------  ----------  --------------  -------------------
/opt/airflow/dags/weather_pipeline_dag.py                           1           0  3.90s           2026-04-24T05:45:56
================================================================================
[2026-04-24T05:46:50.882+0000] {manager.py:879} INFO - 
================================================================================
DAG File Processing Stats

File Path                                  PID    Runtime      # DAGs    # Errors  Last Runtime    Last Run
-----------------------------------------  -----  ---------  --------  ----------  --------------  -------------------
/opt/airflow/dags/weather_pipeline_dag.py                           1           0  1.34s           2026-04-24T05:46:29
================================================================================
[2026-04-24T05:47:18.409+0000] {manager.py:879} INFO - 
================================================================================
DAG File Processing Stats

File Path                                  PID    Runtime      # DAGs    # Errors  Last Runtime    Last Run
-----------------------------------------  -----  ---------  --------  ----------  --------------  -------------------
/opt/airflow/dags/weather_pipeline_dag.py                           1           0  2.66s           2026-04-24T05:47:02
================================================================================
[2026-04-24T05:47:45.784+0000] {manager.py:879} INFO - 
================================================================================
DAG File Processing Stats

File Path                                  PID    Runtime      # DAGs    # Errors  Last Runtime    Last Run
-----------------------------------------  -----  ---------  --------  ----------  --------------  -------------------
/opt/airflow/dags/weather_pipeline_dag.py                           1           0  2.66s           2026-04-24T05:47:36
================================================================================
[2026-04-24T05:48:13.617+0000] {manager.py:879} INFO - 
================================================================================
DAG File Processing Stats

File Path                                    PID  Runtime      # DAGs    # Errors  Last Runtime    Last Run
-----------------------------------------  -----  ---------  --------  ----------  --------------  -------------------
/opt/airflow/dags/weather_pipeline_dag.py   1131  5.91s             1           0  2.66s           2026-04-24T05:47:36
================================================================================
[2026-04-24T05:48:30.343+0000] {manager.py:738} INFO - Searching for files in /opt/airflow/dags
[2026-04-24T05:48:30.494+0000] {manager.py:741} INFO - There are 1 files in /opt/airflow/dags
[2026-04-24T05:48:41.663+0000] {manager.py:879} INFO - 
================================================================================
DAG File Processing Stats

File Path                                  PID    Runtime      # DAGs    # Errors  Last Runtime    Last Run
-----------------------------------------  -----  ---------  --------  ----------  --------------  -------------------
/opt/airflow/dags/weather_pipeline_dag.py                           1           0  7.12s           2026-04-24T05:48:14
================================================================================
[2026-04-24T05:49:09.905+0000] {manager.py:879} INFO - 
================================================================================
DAG File Processing Stats

File Path                                  PID    Runtime      # DAGs    # Errors  Last Runtime    Last Run
-----------------------------------------  -----  ---------  --------  ----------  --------------  -------------------
/opt/airflow/dags/weather_pipeline_dag.py                           1           0  2.87s           2026-04-24T05:48:47
================================================================================
[2026-04-24T05:49:37.931+0000] {manager.py:879} INFO - 
================================================================================
DAG File Processing Stats

File Path                                  PID    Runtime      # DAGs    # Errors  Last Runtime    Last Run
-----------------------------------------  -----  ---------  --------  ----------  --------------  -------------------
/opt/airflow/dags/weather_pipeline_dag.py                           1           0  2.41s           2026-04-24T05:49:20
================================================================================
[2026-04-24T05:50:05.780+0000] {manager.py:879} INFO - 
================================================================================
DAG File Processing Stats

File Path                                  PID    Runtime      # DAGs    # Errors  Last Runtime    Last Run
-----------------------------------------  -----  ---------  --------  ----------  --------------  -------------------
/opt/airflow/dags/weather_pipeline_dag.py                           1           0  5.20s           2026-04-24T05:49:56
================================================================================
[2026-04-24T05:50:33.222+0000] {manager.py:879} INFO - 
================================================================================
DAG File Processing Stats

File Path                                  PID    Runtime      # DAGs    # Errors  Last Runtime    Last Run
-----------------------------------------  -----  ---------  --------  ----------  --------------  -------------------
/opt/airflow/dags/weather_pipeline_dag.py                           1           0  2.68s           2026-04-24T05:50:29
================================================================================
[2026-04-24T05:51:01.245+0000] {manager.py:879} INFO - 
================================================================================
DAG File Processing Stats

File Path                                    PID  Runtime      # DAGs    # Errors  Last Runtime    Last Run
-----------------------------------------  -----  ---------  --------  ----------  --------------  -------------------
/opt/airflow/dags/weather_pipeline_dag.py   1193  1.57s             1           0  2.68s           2026-04-24T05:50:29
================================================================================
[2026-04-24T05:51:28.950+0000] {manager.py:879} INFO - 
================================================================================
DAG File Processing Stats

File Path                                  PID    Runtime      # DAGs    # Errors  Last Runtime    Last Run
-----------------------------------------  -----  ---------  --------  ----------  --------------  -------------------
/opt/airflow/dags/weather_pipeline_dag.py                           1           0  4.38s           2026-04-24T05:51:04
================================================================================
[2026-04-24T05:51:56.585+0000] {manager.py:879} INFO - 
================================================================================
DAG File Processing Stats

File Path                                  PID    Runtime      # DAGs    # Errors  Last Runtime    Last Run
-----------------------------------------  -----  ---------  --------  ----------  --------------  -------------------
/opt/airflow/dags/weather_pipeline_dag.py                           1           0  2.53s           2026-04-24T05:51:37
================================================================================
[2026-04-24T05:52:23.731+0000] {manager.py:879} INFO - 
================================================================================
DAG File Processing Stats

File Path                                  PID    Runtime      # DAGs    # Errors  Last Runtime    Last Run
-----------------------------------------  -----  ---------  --------  ----------  --------------  -------------------
/opt/airflow/dags/weather_pipeline_dag.py                           1           0  1.13s           2026-04-24T05:52:09
================================================================================
[2026-04-24T05:52:51.580+0000] {manager.py:879} INFO - 
================================================================================
DAG File Processing Stats

File Path                                  PID    Runtime      # DAGs    # Errors  Last Runtime    Last Run
-----------------------------------------  -----  ---------  --------  ----------  --------------  -------------------
/opt/airflow/dags/weather_pipeline_dag.py                           1           0  -0.18s          2026-04-24T05:52:39
================================================================================
[2026-04-24T05:53:19.344+0000] {manager.py:879} INFO - 
================================================================================
DAG File Processing Stats

File Path                                    PID  Runtime      # DAGs    # Errors  Last Runtime    Last Run
-----------------------------------------  -----  ---------  --------  ----------  --------------  -------------------
/opt/airflow/dags/weather_pipeline_dag.py   1247  9.04s             1           0  -0.18s          2026-04-24T05:52:39
================================================================================
[2026-04-24T05:53:30.721+0000] {manager.py:738} INFO - Searching for files in /opt/airflow/dags
[2026-04-24T05:53:31.335+0000] {manager.py:741} INFO - There are 1 files in /opt/airflow/dags
[2026-04-24T05:53:47.679+0000] {manager.py:879} INFO - 
================================================================================
DAG File Processing Stats

File Path                                  PID    Runtime      # DAGs    # Errors  Last Runtime    Last Run
-----------------------------------------  -----  ---------  --------  ----------  --------------  -------------------
/opt/airflow/dags/weather_pipeline_dag.py                           1           0  10.91s          2026-04-24T05:53:21
================================================================================
[2026-04-24T05:54:15.630+0000] {manager.py:879} INFO - 
================================================================================
DAG File Processing Stats

File Path                                  PID    Runtime      # DAGs    # Errors  Last Runtime    Last Run
-----------------------------------------  -----  ---------  --------  ----------  --------------  -------------------
/opt/airflow/dags/weather_pipeline_dag.py                           1           0  2.24s           2026-04-24T05:53:53
================================================================================
[2026-04-24T05:54:43.106+0000] {manager.py:879} INFO - 
================================================================================
DAG File Processing Stats

File Path                                  PID    Runtime      # DAGs    # Errors  Last Runtime    Last Run
-----------------------------------------  -----  ---------  --------  ----------  --------------  -------------------
/opt/airflow/dags/weather_pipeline_dag.py                           1           0  1.49s           2026-04-24T05:54:25
================================================================================
[2026-04-24T05:55:10.314+0000] {manager.py:879} INFO - 
================================================================================
DAG File Processing Stats

File Path                                  PID    Runtime      # DAGs    # Errors  Last Runtime    Last Run
-----------------------------------------  -----  ---------  --------  ----------  --------------  -------------------
/opt/airflow/dags/weather_pipeline_dag.py                           1           0  2.26s           2026-04-24T05:54:58
================================================================================
[2026-04-24T05:55:37.864+0000] {manager.py:879} INFO - 
================================================================================
DAG File Processing Stats

File Path                                  PID    Runtime      # DAGs    # Errors  Last Runtime    Last Run
-----------------------------------------  -----  ---------  --------  ----------  --------------  -------------------
/opt/airflow/dags/weather_pipeline_dag.py                           1           0  2.11s           2026-04-24T05:55:30
================================================================================
[2026-04-24T05:56:06.080+0000] {manager.py:879} INFO - 
================================================================================
DAG File Processing Stats

File Path                                  PID    Runtime      # DAGs    # Errors  Last Runtime    Last Run
-----------------------------------------  -----  ---------  --------  ----------  --------------  -------------------
/opt/airflow/dags/weather_pipeline_dag.py                           1           0  2.24s           2026-04-24T05:56:03
================================================================================
[2026-04-24T05:56:33.583+0000] {manager.py:879} INFO - 
================================================================================
DAG File Processing Stats

File Path                                    PID  Runtime      # DAGs    # Errors  Last Runtime    Last Run
-----------------------------------------  -----  ---------  --------  ----------  --------------  -------------------
/opt/airflow/dags/weather_pipeline_dag.py   1330  0.04s             1           0  2.24s           2026-04-24T05:56:03
================================================================================
[2026-04-24T05:57:00.909+0000] {manager.py:879} INFO - 
================================================================================
DAG File Processing Stats

File Path                                  PID    Runtime      # DAGs    # Errors  Last Runtime    Last Run
-----------------------------------------  -----  ---------  --------  ----------  --------------  -------------------
/opt/airflow/dags/weather_pipeline_dag.py                           1           0  1.44s           2026-04-24T05:56:34
================================================================================
[2026-04-24T05:57:28.655+0000] {manager.py:879} INFO - 
================================================================================
DAG File Processing Stats

File Path                                  PID    Runtime      # DAGs    # Errors  Last Runtime    Last Run
-----------------------------------------  -----  ---------  --------  ----------  --------------  -------------------
/opt/airflow/dags/weather_pipeline_dag.py                           1           0  1.19s           2026-04-24T05:57:06
================================================================================
[2026-04-24T05:57:56.877+0000] {manager.py:879} INFO - 
================================================================================
DAG File Processing Stats

File Path                                  PID    Runtime      # DAGs    # Errors  Last Runtime    Last Run
-----------------------------------------  -----  ---------  --------  ----------  --------------  -------------------
/opt/airflow/dags/weather_pipeline_dag.py                           1           0  4.67s           2026-04-24T05:57:42
================================================================================
[2026-04-24T05:58:24.965+0000] {manager.py:879} INFO - 
================================================================================
DAG File Processing Stats

File Path                                  PID    Runtime      # DAGs    # Errors  Last Runtime    Last Run
-----------------------------------------  -----  ---------  --------  ----------  --------------  -------------------
/opt/airflow/dags/weather_pipeline_dag.py                           1           0  2.26s           2026-04-24T05:58:15
================================================================================
[2026-04-24T05:58:31.502+0000] {manager.py:738} INFO - Searching for files in /opt/airflow/dags
[2026-04-24T05:58:31.995+0000] {manager.py:741} INFO - There are 1 files in /opt/airflow/dags
[2026-04-24T05:58:52.704+0000] {manager.py:879} INFO - 
================================================================================
DAG File Processing Stats

File Path                                  PID    Runtime      # DAGs    # Errors  Last Runtime    Last Run
-----------------------------------------  -----  ---------  --------  ----------  --------------  -------------------
/opt/airflow/dags/weather_pipeline_dag.py                           1           0  1.33s           2026-04-24T05:58:47
================================================================================
[2026-04-24T05:59:19.850+0000] {manager.py:879} INFO - 
================================================================================
DAG File Processing Stats

File Path                                    PID  Runtime      # DAGs    # Errors  Last Runtime    Last Run
-----------------------------------------  -----  ---------  --------  ----------  --------------  -------------------
/opt/airflow/dags/weather_pipeline_dag.py   1392  1.56s             1           0  1.33s           2026-04-24T05:58:47
================================================================================
[2026-04-24T05:59:47.802+0000] {manager.py:879} INFO - 
================================================================================
DAG File Processing Stats

File Path                                  PID    Runtime      # DAGs    # Errors  Last Runtime    Last Run
-----------------------------------------  -----  ---------  --------  ----------  --------------  -------------------
/opt/airflow/dags/weather_pipeline_dag.py                           1           0  4.17s           2026-04-24T05:59:22
================================================================================
[2026-04-24T06:00:15.225+0000] {manager.py:879} INFO - 
================================================================================
DAG File Processing Stats

File Path                                  PID    Runtime      # DAGs    # Errors  Last Runtime    Last Run
-----------------------------------------  -----  ---------  --------  ----------  --------------  -------------------
/opt/airflow/dags/weather_pipeline_dag.py                           1           0  5.27s           2026-04-24T05:59:58
================================================================================
[2026-04-24T06:00:42.824+0000] {manager.py:879} INFO - 
================================================================================
DAG File Processing Stats

File Path                                  PID    Runtime      # DAGs    # Errors  Last Runtime    Last Run
-----------------------------------------  -----  ---------  --------  ----------  --------------  -------------------
/opt/airflow/dags/weather_pipeline_dag.py                           1           0  4.40s           2026-04-24T06:00:33
================================================================================
[2026-04-24T06:01:10.190+0000] {manager.py:879} INFO - 
================================================================================
DAG File Processing Stats

File Path                                  PID    Runtime      # DAGs    # Errors  Last Runtime    Last Run
-----------------------------------------  -----  ---------  --------  ----------  --------------  -------------------
/opt/airflow/dags/weather_pipeline_dag.py                           1           0  4.38s           2026-04-24T06:01:09
================================================================================
[2026-04-24T06:01:37.722+0000] {manager.py:879} INFO - 
================================================================================
DAG File Processing Stats

File Path                                  PID    Runtime      # DAGs    # Errors  Last Runtime    Last Run
-----------------------------------------  -----  ---------  --------  ----------  --------------  -------------------
/opt/airflow/dags/weather_pipeline_dag.py                           1           0  4.38s           2026-04-24T06:01:09
================================================================================
[2026-04-24T06:02:05.169+0000] {manager.py:879} INFO - 
================================================================================
DAG File Processing Stats

File Path                                  PID    Runtime      # DAGs    # Errors  Last Runtime    Last Run
-----------------------------------------  -----  ---------  --------  ----------  --------------  -------------------
/opt/airflow/dags/weather_pipeline_dag.py                           1           0  1.20s           2026-04-24T06:01:41
================================================================================
[2026-04-24T06:02:33.057+0000] {manager.py:879} INFO - 
================================================================================
DAG File Processing Stats

File Path                                  PID    Runtime      # DAGs    # Errors  Last Runtime    Last Run
-----------------------------------------  -----  ---------  --------  ----------  --------------  -------------------
/opt/airflow/dags/weather_pipeline_dag.py                           1           0  1.57s           2026-04-24T06:02:12
================================================================================
[2026-04-24T06:03:00.836+0000] {manager.py:879} INFO - 
================================================================================
DAG File Processing Stats

File Path                                  PID    Runtime      # DAGs    # Errors  Last Runtime    Last Run
-----------------------------------------  -----  ---------  --------  ----------  --------------  -------------------
/opt/airflow/dags/weather_pipeline_dag.py                           1           0  5.00s           2026-04-24T06:02:50
================================================================================
[2026-04-24T06:03:28.728+0000] {manager.py:879} INFO - 
================================================================================
DAG File Processing Stats

File Path                                  PID    Runtime      # DAGs    # Errors  Last Runtime    Last Run
-----------------------------------------  -----  ---------  --------  ----------  --------------  -------------------
/opt/airflow/dags/weather_pipeline_dag.py                           1           0  2.11s           2026-04-24T06:03:22
================================================================================
[2026-04-24T06:03:32.006+0000] {manager.py:738} INFO - Searching for files in /opt/airflow/dags
[2026-04-24T06:03:32.185+0000] {manager.py:741} INFO - There are 1 files in /opt/airflow/dags
[2026-04-24T06:03:56.245+0000] {manager.py:879} INFO - 
================================================================================
DAG File Processing Stats

File Path                                  PID    Runtime      # DAGs    # Errors  Last Runtime    Last Run
-----------------------------------------  -----  ---------  --------  ----------  --------------  -------------------
/opt/airflow/dags/weather_pipeline_dag.py                           1           0  1.48s           2026-04-24T06:03:54
================================================================================
[2026-04-24T06:04:23.629+0000] {manager.py:879} INFO - 
================================================================================
DAG File Processing Stats

File Path                                  PID    Runtime      # DAGs    # Errors  Last Runtime    Last Run
-----------------------------------------  -----  ---------  --------  ----------  --------------  -------------------
/opt/airflow/dags/weather_pipeline_dag.py                           1           0  1.48s           2026-04-24T06:03:54
================================================================================
[2026-04-24T06:04:51.510+0000] {manager.py:879} INFO - 
================================================================================
DAG File Processing Stats

File Path                                  PID    Runtime      # DAGs    # Errors  Last Runtime    Last Run
-----------------------------------------  -----  ---------  --------  ----------  --------------  -------------------
/opt/airflow/dags/weather_pipeline_dag.py                           1           0  1.01s           2026-04-24T06:04:25
================================================================================
[2026-04-24T06:05:19.395+0000] {manager.py:879} INFO - 
================================================================================
DAG File Processing Stats

File Path                                  PID    Runtime      # DAGs    # Errors  Last Runtime    Last Run
-----------------------------------------  -----  ---------  --------  ----------  --------------  -------------------
/opt/airflow/dags/weather_pipeline_dag.py                           1           0  1.04s           2026-04-24T06:04:57
================================================================================
[2026-04-24T06:05:47.764+0000] {manager.py:879} INFO - 
================================================================================
DAG File Processing Stats

File Path                                  PID    Runtime      # DAGs    # Errors  Last Runtime    Last Run
-----------------------------------------  -----  ---------  --------  ----------  --------------  -------------------
/opt/airflow/dags/weather_pipeline_dag.py                           1           0  4.79s           2026-04-24T06:05:32
================================================================================
[2026-04-24T06:06:15.693+0000] {manager.py:879} INFO - 
================================================================================
DAG File Processing Stats

File Path                                  PID    Runtime      # DAGs    # Errors  Last Runtime    Last Run
-----------------------------------------  -----  ---------  --------  ----------  --------------  -------------------
/opt/airflow/dags/weather_pipeline_dag.py                           1           0  6.75s           2026-04-24T06:06:10
================================================================================
[2026-04-24T06:06:43.783+0000] {manager.py:879} INFO - 
================================================================================
DAG File Processing Stats

File Path                                    PID  Runtime      # DAGs    # Errors  Last Runtime    Last Run
-----------------------------------------  -----  ---------  --------  ----------  --------------  -------------------
/opt/airflow/dags/weather_pipeline_dag.py   1552  2.20s             1           0  6.75s           2026-04-24T06:06:10
================================================================================
[2026-04-24T06:07:11.179+0000] {manager.py:879} INFO - 
================================================================================
DAG File Processing Stats

File Path                                  PID    Runtime      # DAGs    # Errors  Last Runtime    Last Run
-----------------------------------------  -----  ---------  --------  ----------  --------------  -------------------
/opt/airflow/dags/weather_pipeline_dag.py                           1           0  3.03s           2026-04-24T06:06:44
================================================================================
[2026-04-24T06:07:38.943+0000] {manager.py:879} INFO - 
================================================================================
DAG File Processing Stats

File Path                                  PID    Runtime      # DAGs    # Errors  Last Runtime    Last Run
-----------------------------------------  -----  ---------  --------  ----------  --------------  -------------------
/opt/airflow/dags/weather_pipeline_dag.py                           1           0  1.21s           2026-04-24T06:07:16
================================================================================
[2026-04-24T06:08:07.146+0000] {manager.py:879} INFO - 
================================================================================
DAG File Processing Stats

File Path                                  PID    Runtime      # DAGs    # Errors  Last Runtime    Last Run
-----------------------------------------  -----  ---------  --------  ----------  --------------  -------------------
/opt/airflow/dags/weather_pipeline_dag.py                           1           0  1.17s           2026-04-24T06:07:48
================================================================================
[2026-04-24T06:08:32.351+0000] {manager.py:738} INFO - Searching for files in /opt/airflow/dags
[2026-04-24T06:08:33.075+0000] {manager.py:741} INFO - There are 1 files in /opt/airflow/dags
[2026-04-24T06:08:34.552+0000] {manager.py:879} INFO - 
================================================================================
DAG File Processing Stats

File Path                                  PID    Runtime      # DAGs    # Errors  Last Runtime    Last Run
-----------------------------------------  -----  ---------  --------  ----------  --------------  -------------------
/opt/airflow/dags/weather_pipeline_dag.py                           1           0  9.66s           2026-04-24T06:08:28
================================================================================
[2026-04-24T06:09:02.716+0000] {manager.py:879} INFO - 
================================================================================
DAG File Processing Stats

File Path                                    PID  Runtime      # DAGs    # Errors  Last Runtime    Last Run
-----------------------------------------  -----  ---------  --------  ----------  --------------  -------------------
/opt/airflow/dags/weather_pipeline_dag.py   1602  3.39s             1           0  9.66s           2026-04-24T06:08:28
================================================================================
[2026-04-24T06:09:30.537+0000] {manager.py:879} INFO - 
================================================================================
DAG File Processing Stats

File Path                                  PID    Runtime      # DAGs    # Errors  Last Runtime    Last Run
-----------------------------------------  -----  ---------  --------  ----------  --------------  -------------------
/opt/airflow/dags/weather_pipeline_dag.py                           1           0  5.56s           2026-04-24T06:09:04
================================================================================
[2026-04-24T06:09:57.933+0000] {manager.py:879} INFO - 
================================================================================
DAG File Processing Stats

File Path                                  PID    Runtime      # DAGs    # Errors  Last Runtime    Last Run
-----------------------------------------  -----  ---------  --------  ----------  --------------  -------------------
/opt/airflow/dags/weather_pipeline_dag.py                           1           0  5.84s           2026-04-24T06:09:41
================================================================================
[2026-04-24T06:10:25.606+0000] {manager.py:879} INFO - 
================================================================================
DAG File Processing Stats

File Path                                  PID    Runtime      # DAGs    # Errors  Last Runtime    Last Run
-----------------------------------------  -----  ---------  --------  ----------  --------------  -------------------
/opt/airflow/dags/weather_pipeline_dag.py                           1           0  7.10s           2026-04-24T06:10:19
================================================================================
[2026-04-24T06:10:53.725+0000] {manager.py:879} INFO - 
================================================================================
DAG File Processing Stats

File Path                                    PID  Runtime      # DAGs    # Errors  Last Runtime    Last Run
-----------------------------------------  -----  ---------  --------  ----------  --------------  -------------------
/opt/airflow/dags/weather_pipeline_dag.py   1646  2.41s             1           0  7.10s           2026-04-24T06:10:19
================================================================================
[2026-04-24T06:11:21.555+0000] {manager.py:879} INFO - 
================================================================================
DAG File Processing Stats

File Path                                  PID    Runtime      # DAGs    # Errors  Last Runtime    Last Run
-----------------------------------------  -----  ---------  --------  ----------  --------------  -------------------
/opt/airflow/dags/weather_pipeline_dag.py                           1           0  7.33s           2026-04-24T06:10:58
================================================================================
[2026-04-24T06:11:48.897+0000] {manager.py:879} INFO - 
================================================================================
DAG File Processing Stats

File Path                                  PID    Runtime      # DAGs    # Errors  Last Runtime    Last Run
-----------------------------------------  -----  ---------  --------  ----------  --------------  -------------------
/opt/airflow/dags/weather_pipeline_dag.py                           1           0  5.29s           2026-04-24T06:11:35
================================================================================
[2026-04-24T06:12:16.386+0000] {manager.py:879} INFO - 
================================================================================
DAG File Processing Stats

File Path                                  PID    Runtime      # DAGs    # Errors  Last Runtime    Last Run
-----------------------------------------  -----  ---------  --------  ----------  --------------  -------------------
/opt/airflow/dags/weather_pipeline_dag.py                           1           0  9.25s           2026-04-24T06:12:15
================================================================================
[2026-04-24T06:12:43.782+0000] {manager.py:879} INFO - 
================================================================================
DAG File Processing Stats

File Path                                  PID    Runtime      # DAGs    # Errors  Last Runtime    Last Run
-----------------------------------------  -----  ---------  --------  ----------  --------------  -------------------
/opt/airflow/dags/weather_pipeline_dag.py                           1           0  9.25s           2026-04-24T06:12:15
================================================================================
[2026-04-24T06:13:11.603+0000] {manager.py:879} INFO - 
================================================================================
DAG File Processing Stats

File Path                                  PID    Runtime      # DAGs    # Errors  Last Runtime    Last Run
-----------------------------------------  -----  ---------  --------  ----------  --------------  -------------------
/opt/airflow/dags/weather_pipeline_dag.py                           1           0  6.53s           2026-04-24T06:12:52
================================================================================
[2026-04-24T06:13:32.367+0000] {manager.py:738} INFO - Searching for files in /opt/airflow/dags
[2026-04-24T06:13:34.184+0000] {manager.py:741} INFO - There are 1 files in /opt/airflow/dags
[2026-04-24T06:13:38.843+0000] {manager.py:879} INFO - 
================================================================================
DAG File Processing Stats

File Path                                  PID    Runtime      # DAGs    # Errors  Last Runtime    Last Run
-----------------------------------------  -----  ---------  --------  ----------  --------------  -------------------
/opt/airflow/dags/weather_pipeline_dag.py                           1           0  2.21s           2026-04-24T06:13:25
================================================================================
[2026-04-24T06:14:06.691+0000] {manager.py:879} INFO - 
================================================================================
DAG File Processing Stats

File Path                                  PID    Runtime      # DAGs    # Errors  Last Runtime    Last Run
-----------------------------------------  -----  ---------  --------  ----------  --------------  -------------------
/opt/airflow/dags/weather_pipeline_dag.py                           1           0  1.91s           2026-04-24T06:13:57
================================================================================
[2026-04-24T06:14:35.876+0000] {manager.py:879} INFO - 
================================================================================
DAG File Processing Stats

File Path                                  PID    Runtime      # DAGs    # Errors  Last Runtime    Last Run
-----------------------------------------  -----  ---------  --------  ----------  --------------  -------------------
/opt/airflow/dags/weather_pipeline_dag.py                           1           0  1.06s           2026-04-24T06:14:28
================================================================================
[2026-04-24T06:15:05.171+0000] {manager.py:879} INFO - 
================================================================================
DAG File Processing Stats

File Path                                  PID    Runtime      # DAGs    # Errors  Last Runtime    Last Run
-----------------------------------------  -----  ---------  --------  ----------  --------------  -------------------
/opt/airflow/dags/weather_pipeline_dag.py                           1           0  1.20s           2026-04-24T06:14:59
================================================================================
[2026-04-24T06:15:34.736+0000] {manager.py:879} INFO - 
================================================================================
DAG File Processing Stats

File Path                                  PID    Runtime      # DAGs    # Errors  Last Runtime    Last Run
-----------------------------------------  -----  ---------  --------  ----------  --------------  -------------------
/opt/airflow/dags/weather_pipeline_dag.py                           1           0  1.31s           2026-04-24T06:15:31
================================================================================
[2026-04-24T06:16:04.348+0000] {manager.py:879} INFO - 
================================================================================
DAG File Processing Stats

File Path                                    PID  Runtime      # DAGs    # Errors  Last Runtime    Last Run
-----------------------------------------  -----  ---------  --------  ----------  --------------  -------------------
/opt/airflow/dags/weather_pipeline_dag.py   1755  0.60s             1           0  1.31s           2026-04-24T06:15:31
================================================================================
[2026-04-24T06:16:33.965+0000] {manager.py:879} INFO - 
================================================================================
DAG File Processing Stats

File Path                                  PID    Runtime      # DAGs    # Errors  Last Runtime    Last Run
-----------------------------------------  -----  ---------  --------  ----------  --------------  -------------------
/opt/airflow/dags/weather_pipeline_dag.py                           1           0  7.60s           2026-04-24T06:16:11
================================================================================
[2026-04-24T06:17:00.835+0000] {manager.py:879} INFO - 
================================================================================
DAG File Processing Stats

File Path                                  PID    Runtime      # DAGs    # Errors  Last Runtime    Last Run
-----------------------------------------  -----  ---------  --------  ----------  --------------  -------------------
/opt/airflow/dags/weather_pipeline_dag.py                           1           0  4.02s           2026-04-24T06:16:45
================================================================================
[2026-04-24T06:17:32.135+0000] {manager.py:879} INFO - 
================================================================================
DAG File Processing Stats

File Path                                  PID    Runtime      # DAGs    # Errors  Last Runtime    Last Run
-----------------------------------------  -----  ---------  --------  ----------  --------------  -------------------
/opt/airflow/dags/weather_pipeline_dag.py                           1           0  1.14s           2026-04-24T06:17:17
================================================================================
[2026-04-24T06:17:57.934+0000] {manager.py:879} INFO - 
================================================================================
DAG File Processing Stats

File Path                                  PID    Runtime      # DAGs    # Errors  Last Runtime    Last Run
-----------------------------------------  -----  ---------  --------  ----------  --------------  -------------------
/opt/airflow/dags/weather_pipeline_dag.py                           1           0  3.71s           2026-04-24T06:17:51
================================================================================
[2026-04-24T06:18:29.015+0000] {manager.py:879} INFO - 
================================================================================
DAG File Processing Stats

File Path                                  PID    Runtime      # DAGs    # Errors  Last Runtime    Last Run
-----------------------------------------  -----  ---------  --------  ----------  --------------  -------------------
/opt/airflow/dags/weather_pipeline_dag.py                           1           0  2.10s           2026-04-24T06:18:24
================================================================================
[2026-04-24T06:18:32.612+0000] {manager.py:738} INFO - Searching for files in /opt/airflow/dags
[2026-04-24T06:18:34.444+0000] {manager.py:741} INFO - There are 1 files in /opt/airflow/dags
[2026-04-24T06:18:54.467+0000] {manager.py:879} INFO - 
================================================================================
DAG File Processing Stats

File Path                                  PID    Runtime      # DAGs    # Errors  Last Runtime    Last Run
-----------------------------------------  -----  ---------  --------  ----------  --------------  -------------------
/opt/airflow/dags/weather_pipeline_dag.py                           1           0  -0.44s          2026-04-24T06:18:54
================================================================================
[2026-04-24T06:19:25.854+0000] {manager.py:879} INFO - 
================================================================================
DAG File Processing Stats

File Path                                    PID  Runtime      # DAGs    # Errors  Last Runtime    Last Run
-----------------------------------------  -----  ---------  --------  ----------  --------------  -------------------
/opt/airflow/dags/weather_pipeline_dag.py   1827  1.14s             1           0  -0.44s          2026-04-24T06:18:54
================================================================================
[2026-04-24T06:19:52.032+0000] {manager.py:879} INFO - 
================================================================================
DAG File Processing Stats

File Path                                  PID    Runtime      # DAGs    # Errors  Last Runtime    Last Run
-----------------------------------------  -----  ---------  --------  ----------  --------------  -------------------
/opt/airflow/dags/weather_pipeline_dag.py                           1           0  2.55s           2026-04-24T06:19:27
================================================================================
[2026-04-24T06:20:20.404+0000] {manager.py:879} INFO - 
================================================================================
DAG File Processing Stats

File Path                                  PID    Runtime      # DAGs    # Errors  Last Runtime    Last Run
-----------------------------------------  -----  ---------  --------  ----------  --------------  -------------------
/opt/airflow/dags/weather_pipeline_dag.py                           1           0  7.55s           2026-04-24T06:20:05
================================================================================
[2026-04-24T06:20:48.081+0000] {manager.py:879} INFO - 
================================================================================
DAG File Processing Stats

File Path                                  PID    Runtime      # DAGs    # Errors  Last Runtime    Last Run
-----------------------------------------  -----  ---------  --------  ----------  --------------  -------------------
/opt/airflow/dags/weather_pipeline_dag.py                           1           0  2.63s           2026-04-24T06:20:38
================================================================================
[2026-04-24T06:21:16.205+0000] {manager.py:879} INFO - 
================================================================================
DAG File Processing Stats

File Path                                  PID    Runtime      # DAGs    # Errors  Last Runtime    Last Run
-----------------------------------------  -----  ---------  --------  ----------  --------------  -------------------
/opt/airflow/dags/weather_pipeline_dag.py                           1           0  1.47s           2026-04-24T06:21:10
================================================================================
[2026-04-24T06:21:43.836+0000] {manager.py:879} INFO - 
================================================================================
DAG File Processing Stats

File Path                                  PID    Runtime      # DAGs    # Errors  Last Runtime    Last Run
-----------------------------------------  -----  ---------  --------  ----------  --------------  -------------------
/opt/airflow/dags/weather_pipeline_dag.py                           1           0  1.20s           2026-04-24T06:21:42
================================================================================
[2026-04-24T06:22:11.341+0000] {manager.py:879} INFO - 
================================================================================
DAG File Processing Stats

File Path                                  PID    Runtime      # DAGs    # Errors  Last Runtime    Last Run
-----------------------------------------  -----  ---------  --------  ----------  --------------  -------------------
/opt/airflow/dags/weather_pipeline_dag.py                           1           0  1.20s           2026-04-24T06:21:42
================================================================================
[2026-04-24T06:22:39.188+0000] {manager.py:879} INFO - 
================================================================================
DAG File Processing Stats

File Path                                  PID    Runtime      # DAGs    # Errors  Last Runtime    Last Run
-----------------------------------------  -----  ---------  --------  ----------  --------------  -------------------
/opt/airflow/dags/weather_pipeline_dag.py                           1           0  5.00s           2026-04-24T06:22:18
================================================================================
[2026-04-24T06:23:06.774+0000] {manager.py:879} INFO - 
================================================================================
DAG File Processing Stats

File Path                                  PID    Runtime      # DAGs    # Errors  Last Runtime    Last Run
-----------------------------------------  -----  ---------  --------  ----------  --------------  -------------------
/opt/airflow/dags/weather_pipeline_dag.py                           1           0  1.30s           2026-04-24T06:22:50
================================================================================
[2026-04-24T06:23:32.942+0000] {manager.py:738} INFO - Searching for files in /opt/airflow/dags
[2026-04-24T06:23:33.405+0000] {manager.py:741} INFO - There are 1 files in /opt/airflow/dags
[2026-04-24T06:23:34.757+0000] {manager.py:879} INFO - 
================================================================================
DAG File Processing Stats

File Path                                  PID    Runtime      # DAGs    # Errors  Last Runtime    Last Run
-----------------------------------------  -----  ---------  --------  ----------  --------------  -------------------
/opt/airflow/dags/weather_pipeline_dag.py                           1           0  1.43s           2026-04-24T06:23:22
================================================================================
[2026-04-24T06:24:02.922+0000] {manager.py:879} INFO - 
================================================================================
DAG File Processing Stats

File Path                                  PID    Runtime      # DAGs    # Errors  Last Runtime    Last Run
-----------------------------------------  -----  ---------  --------  ----------  --------------  -------------------
/opt/airflow/dags/weather_pipeline_dag.py                           1           0  2.32s           2026-04-24T06:23:55
================================================================================
[2026-04-24T06:24:30.433+0000] {manager.py:879} INFO - 
================================================================================
DAG File Processing Stats

File Path                                  PID    Runtime      # DAGs    # Errors  Last Runtime    Last Run
-----------------------------------------  -----  ---------  --------  ----------  --------------  -------------------
/opt/airflow/dags/weather_pipeline_dag.py                           1           0  0.44s           2026-04-24T06:24:26
================================================================================
[2026-04-24T06:25:00.580+0000] {manager.py:879} INFO - 
================================================================================
DAG File Processing Stats

File Path                                  PID    Runtime      # DAGs    # Errors  Last Runtime    Last Run
-----------------------------------------  -----  ---------  --------  ----------  --------------  -------------------
/opt/airflow/dags/weather_pipeline_dag.py                           1           0  1.94s           2026-04-24T06:24:59
================================================================================
[2026-04-24T06:25:27.189+0000] {manager.py:879} INFO - 
================================================================================
DAG File Processing Stats

File Path                                  PID    Runtime      # DAGs    # Errors  Last Runtime    Last Run
-----------------------------------------  -----  ---------  --------  ----------  --------------  -------------------
/opt/airflow/dags/weather_pipeline_dag.py                           1           0  1.94s           2026-04-24T06:24:59
================================================================================
[2026-04-24T06:25:54.404+0000] {manager.py:879} INFO - 
================================================================================
DAG File Processing Stats

File Path                                  PID    Runtime      # DAGs    # Errors  Last Runtime    Last Run
-----------------------------------------  -----  ---------  --------  ----------  --------------  -------------------
/opt/airflow/dags/weather_pipeline_dag.py                           1           0  6.12s           2026-04-24T06:25:36
================================================================================
[2026-04-24T06:26:21.418+0000] {manager.py:879} INFO - 
================================================================================
DAG File Processing Stats

File Path                                  PID    Runtime      # DAGs    # Errors  Last Runtime    Last Run
-----------------------------------------  -----  ---------  --------  ----------  --------------  -------------------
/opt/airflow/dags/weather_pipeline_dag.py                           1           0  4.41s           2026-04-24T06:26:11
================================================================================
[2026-04-24T06:26:49.491+0000] {manager.py:879} INFO - 
================================================================================
DAG File Processing Stats

File Path                                  PID    Runtime      # DAGs    # Errors  Last Runtime    Last Run
-----------------------------------------  -----  ---------  --------  ----------  --------------  -------------------
/opt/airflow/dags/weather_pipeline_dag.py                           1           0  1.13s           2026-04-24T06:26:43
================================================================================
[2026-04-24T06:27:17.179+0000] {manager.py:879} INFO - 
================================================================================
DAG File Processing Stats

File Path                                  PID    Runtime      # DAGs    # Errors  Last Runtime    Last Run
-----------------------------------------  -----  ---------  --------  ----------  --------------  -------------------
/opt/airflow/dags/weather_pipeline_dag.py                           1           0  2.70s           2026-04-24T06:27:17
================================================================================
[2026-04-24T06:27:45.133+0000] {manager.py:879} INFO - 
================================================================================
DAG File Processing Stats

File Path                                  PID    Runtime      # DAGs    # Errors  Last Runtime    Last Run
-----------------------------------------  -----  ---------  --------  ----------  --------------  -------------------
/opt/airflow/dags/weather_pipeline_dag.py                           1           0  2.70s           2026-04-24T06:27:17
================================================================================
[2026-04-24T06:28:12.473+0000] {manager.py:879} INFO - 
================================================================================
DAG File Processing Stats

File Path                                  PID    Runtime      # DAGs    # Errors  Last Runtime    Last Run
-----------------------------------------  -----  ---------  --------  ----------  --------------  -------------------
/opt/airflow/dags/weather_pipeline_dag.py                           1           0  5.55s           2026-04-24T06:27:53
================================================================================
[2026-04-24T06:28:32.946+0000] {manager.py:738} INFO - Searching for files in /opt/airflow/dags
[2026-04-24T06:28:33.111+0000] {manager.py:741} INFO - There are 1 files in /opt/airflow/dags
[2026-04-24T06:28:39.911+0000] {manager.py:879} INFO - 
================================================================================
DAG File Processing Stats

File Path                                  PID    Runtime      # DAGs    # Errors  Last Runtime    Last Run
-----------------------------------------  -----  ---------  --------  ----------  --------------  -------------------
/opt/airflow/dags/weather_pipeline_dag.py                           1           0  1.19s           2026-04-24T06:28:24
================================================================================
[2026-04-24T06:29:07.389+0000] {manager.py:879} INFO - 
================================================================================
DAG File Processing Stats

File Path                                  PID    Runtime      # DAGs    # Errors  Last Runtime    Last Run
-----------------------------------------  -----  ---------  --------  ----------  --------------  -------------------
/opt/airflow/dags/weather_pipeline_dag.py                           1           0  1.83s           2026-04-24T06:28:57
================================================================================
[2026-04-24T06:29:34.843+0000] {manager.py:879} INFO - 
================================================================================
DAG File Processing Stats

File Path                                  PID    Runtime      # DAGs    # Errors  Last Runtime    Last Run
-----------------------------------------  -----  ---------  --------  ----------  --------------  -------------------
/opt/airflow/dags/weather_pipeline_dag.py                           1           0  -0.15s          2026-04-24T06:29:27
================================================================================
[2026-04-24T06:30:02.704+0000] {manager.py:879} INFO - 
================================================================================
DAG File Processing Stats

File Path                                  PID    Runtime      # DAGs    # Errors  Last Runtime    Last Run
-----------------------------------------  -----  ---------  --------  ----------  --------------  -------------------
/opt/airflow/dags/weather_pipeline_dag.py                           1           0  1.91s           2026-04-24T06:29:59
================================================================================
[2026-04-24T06:30:30.342+0000] {manager.py:879} INFO - 
================================================================================
DAG File Processing Stats

File Path                                    PID  Runtime      # DAGs    # Errors  Last Runtime    Last Run
-----------------------------------------  -----  ---------  --------  ----------  --------------  -------------------
/opt/airflow/dags/weather_pipeline_dag.py   2066  0.09s             1           0  1.91s           2026-04-24T06:29:59
================================================================================
[2026-04-24T06:30:57.753+0000] {manager.py:879} INFO - 
================================================================================
DAG File Processing Stats

File Path                                  PID    Runtime      # DAGs    # Errors  Last Runtime    Last Run
-----------------------------------------  -----  ---------  --------  ----------  --------------  -------------------
/opt/airflow/dags/weather_pipeline_dag.py                           1           0  4.64s           2026-04-24T06:30:34
================================================================================
[2026-04-24T06:31:25.514+0000] {manager.py:879} INFO - 
================================================================================
DAG File Processing Stats

File Path                                  PID    Runtime      # DAGs    # Errors  Last Runtime    Last Run
-----------------------------------------  -----  ---------  --------  ----------  --------------  -------------------
/opt/airflow/dags/weather_pipeline_dag.py                           1           0  0.96s           2026-04-24T06:31:05
================================================================================
[2026-04-24T06:31:53.068+0000] {manager.py:879} INFO - 
================================================================================
DAG File Processing Stats

File Path                                  PID    Runtime      # DAGs    # Errors  Last Runtime    Last Run
-----------------------------------------  -----  ---------  --------  ----------  --------------  -------------------
/opt/airflow/dags/weather_pipeline_dag.py                           1           0  3.58s           2026-04-24T06:31:39
================================================================================
[2026-04-24T06:32:21.424+0000] {manager.py:879} INFO - 
================================================================================
DAG File Processing Stats

File Path                                  PID    Runtime      # DAGs    # Errors  Last Runtime    Last Run
-----------------------------------------  -----  ---------  --------  ----------  --------------  -------------------
/opt/airflow/dags/weather_pipeline_dag.py                           1           0  0.83s           2026-04-24T06:32:11
================================================================================
[2026-04-24T06:32:48.969+0000] {manager.py:879} INFO - 
================================================================================
DAG File Processing Stats

File Path                                  PID    Runtime      # DAGs    # Errors  Last Runtime    Last Run
-----------------------------------------  -----  ---------  --------  ----------  --------------  -------------------
/opt/airflow/dags/weather_pipeline_dag.py                           1           0  4.82s           2026-04-24T06:32:46
================================================================================
[2026-04-24T06:33:16.427+0000] {manager.py:879} INFO - 
================================================================================
DAG File Processing Stats

File Path                                  PID    Runtime      # DAGs    # Errors  Last Runtime    Last Run
-----------------------------------------  -----  ---------  --------  ----------  --------------  -------------------
/opt/airflow/dags/weather_pipeline_dag.py                           1           0  4.82s           2026-04-24T06:32:46
================================================================================
[2026-04-24T06:33:33.294+0000] {manager.py:738} INFO - Searching for files in /opt/airflow/dags
[2026-04-24T06:33:33.565+0000] {manager.py:741} INFO - There are 1 files in /opt/airflow/dags
[2026-04-24T06:33:44.208+0000] {manager.py:879} INFO - 
================================================================================
DAG File Processing Stats

File Path                                  PID    Runtime      # DAGs    # Errors  Last Runtime    Last Run
-----------------------------------------  -----  ---------  --------  ----------  --------------  -------------------
/opt/airflow/dags/weather_pipeline_dag.py                           1           0  2.72s           2026-04-24T06:33:19
================================================================================
[2026-04-24T06:34:12.089+0000] {manager.py:879} INFO - 
================================================================================
DAG File Processing Stats

File Path                                  PID    Runtime      # DAGs    # Errors  Last Runtime    Last Run
-----------------------------------------  -----  ---------  --------  ----------  --------------  -------------------
/opt/airflow/dags/weather_pipeline_dag.py                           1           0  2.29s           2026-04-24T06:33:52
================================================================================
[2026-04-24T06:34:39.703+0000] {manager.py:879} INFO - 
================================================================================
DAG File Processing Stats

File Path                                  PID    Runtime      # DAGs    # Errors  Last Runtime    Last Run
-----------------------------------------  -----  ---------  --------  ----------  --------------  -------------------
/opt/airflow/dags/weather_pipeline_dag.py                           1           0  1.11s           2026-04-24T06:34:23
================================================================================
[2026-04-24T06:35:09.546+0000] {manager.py:879} INFO - 
================================================================================
DAG File Processing Stats

File Path                                  PID    Runtime      # DAGs    # Errors  Last Runtime    Last Run
-----------------------------------------  -----  ---------  --------  ----------  --------------  -------------------
/opt/airflow/dags/weather_pipeline_dag.py                           1           0  3.48s           2026-04-24T06:34:58
================================================================================
[2026-04-24T06:35:34.498+0000] {manager.py:879} INFO - 
================================================================================
DAG File Processing Stats

File Path                                  PID    Runtime      # DAGs    # Errors  Last Runtime    Last Run
-----------------------------------------  -----  ---------  --------  ----------  --------------  -------------------
/opt/airflow/dags/weather_pipeline_dag.py                           1           0  0.92s           2026-04-24T06:35:29
================================================================================
[2026-04-24T06:36:01.929+0000] {manager.py:879} INFO - 
================================================================================
DAG File Processing Stats

File Path                                  PID    Runtime      # DAGs    # Errors  Last Runtime    Last Run
-----------------------------------------  -----  ---------  --------  ----------  --------------  -------------------
/opt/airflow/dags/weather_pipeline_dag.py                           1           0  1.17s           2026-04-24T06:36:01
================================================================================
[2026-04-24T06:36:29.331+0000] {manager.py:879} INFO - 
================================================================================
DAG File Processing Stats

File Path                                  PID    Runtime      # DAGs    # Errors  Last Runtime    Last Run
-----------------------------------------  -----  ---------  --------  ----------  --------------  -------------------
/opt/airflow/dags/weather_pipeline_dag.py                           1           0  1.17s           2026-04-24T06:36:01
================================================================================
[2026-04-24T06:36:57.035+0000] {manager.py:879} INFO - 
================================================================================
DAG File Processing Stats

File Path                                  PID    Runtime      # DAGs    # Errors  Last Runtime    Last Run
-----------------------------------------  -----  ---------  --------  ----------  --------------  -------------------
/opt/airflow/dags/weather_pipeline_dag.py                           1           0  1.08s           2026-04-24T06:36:32
================================================================================
[2026-04-24T06:37:25.404+0000] {manager.py:879} INFO - 
================================================================================
DAG File Processing Stats

File Path                                  PID    Runtime      # DAGs    # Errors  Last Runtime    Last Run
-----------------------------------------  -----  ---------  --------  ----------  --------------  -------------------
/opt/airflow/dags/weather_pipeline_dag.py                           1           0  1.73s           2026-04-24T06:37:04
================================================================================
[2026-04-24T06:37:53.512+0000] {manager.py:879} INFO - 
================================================================================
DAG File Processing Stats

File Path                                  PID    Runtime      # DAGs    # Errors  Last Runtime    Last Run
-----------------------------------------  -----  ---------  --------  ----------  --------------  -------------------
/opt/airflow/dags/weather_pipeline_dag.py                           1           0  2.10s           2026-04-24T06:37:37
================================================================================
[2026-04-24T06:38:21.332+0000] {manager.py:879} INFO - 
================================================================================
DAG File Processing Stats

File Path                                  PID    Runtime      # DAGs    # Errors  Last Runtime    Last Run
-----------------------------------------  -----  ---------  --------  ----------  --------------  -------------------
/opt/airflow/dags/weather_pipeline_dag.py                           1           0  2.04s           2026-04-24T06:38:07
================================================================================
[2026-04-24T06:38:33.336+0000] {manager.py:738} INFO - Searching for files in /opt/airflow/dags
[2026-04-24T06:38:33.453+0000] {manager.py:741} INFO - There are 1 files in /opt/airflow/dags
[2026-04-24T06:38:48.668+0000] {manager.py:879} INFO - 
================================================================================
DAG File Processing Stats

File Path                                  PID    Runtime      # DAGs    # Errors  Last Runtime    Last Run
-----------------------------------------  -----  ---------  --------  ----------  --------------  -------------------
/opt/airflow/dags/weather_pipeline_dag.py                           1           0  1.01s           2026-04-24T06:38:39
================================================================================
[2026-04-24T06:39:16.001+0000] {manager.py:879} INFO - 
================================================================================
DAG File Processing Stats

File Path                                  PID    Runtime      # DAGs    # Errors  Last Runtime    Last Run
-----------------------------------------  -----  ---------  --------  ----------  --------------  -------------------
/opt/airflow/dags/weather_pipeline_dag.py                           1           0  1.27s           2026-04-24T06:39:11
================================================================================
[2026-04-24T06:39:43.419+0000] {manager.py:879} INFO - 
================================================================================
DAG File Processing Stats

File Path                                  PID    Runtime      # DAGs    # Errors  Last Runtime    Last Run
-----------------------------------------  -----  ---------  --------  ----------  --------------  -------------------
/opt/airflow/dags/weather_pipeline_dag.py                           1           0  1.16s           2026-04-24T06:39:42
================================================================================
[2026-04-24T06:40:11.322+0000] {manager.py:879} INFO - 
================================================================================
DAG File Processing Stats

File Path                                  PID    Runtime      # DAGs    # Errors  Last Runtime    Last Run
-----------------------------------------  -----  ---------  --------  ----------  --------------  -------------------
/opt/airflow/dags/weather_pipeline_dag.py                           1           0  1.16s           2026-04-24T06:39:42
================================================================================
[2026-04-24T06:40:39.254+0000] {manager.py:879} INFO - 
================================================================================
DAG File Processing Stats

File Path                                  PID    Runtime      # DAGs    # Errors  Last Runtime    Last Run
-----------------------------------------  -----  ---------  --------  ----------  --------------  -------------------
/opt/airflow/dags/weather_pipeline_dag.py                           1           0  3.93s           2026-04-24T06:40:16
================================================================================
[2026-04-24T06:41:06.744+0000] {manager.py:879} INFO - 
================================================================================
DAG File Processing Stats

File Path                                  PID    Runtime      # DAGs    # Errors  Last Runtime    Last Run
-----------------------------------------  -----  ---------  --------  ----------  --------------  -------------------
/opt/airflow/dags/weather_pipeline_dag.py                           1           0  5.86s           2026-04-24T06:40:53
================================================================================
[2026-04-24T06:41:34.809+0000] {manager.py:879} INFO - 
================================================================================
DAG File Processing Stats

File Path                                  PID    Runtime      # DAGs    # Errors  Last Runtime    Last Run
-----------------------------------------  -----  ---------  --------  ----------  --------------  -------------------
/opt/airflow/dags/weather_pipeline_dag.py                           1           0  2.94s           2026-04-24T06:41:27
================================================================================
[2026-04-24T06:42:02.398+0000] {manager.py:879} INFO - 
================================================================================
DAG File Processing Stats

File Path                                    PID  Runtime      # DAGs    # Errors  Last Runtime    Last Run
-----------------------------------------  -----  ---------  --------  ----------  --------------  -------------------
/opt/airflow/dags/weather_pipeline_dag.py   2314  3.51s             1           0  2.94s           2026-04-24T06:41:27
================================================================================
[2026-04-24T06:42:30.093+0000] {manager.py:879} INFO - 
================================================================================
DAG File Processing Stats

File Path                                  PID    Runtime      # DAGs    # Errors  Last Runtime    Last Run
-----------------------------------------  -----  ---------  --------  ----------  --------------  -------------------
/opt/airflow/dags/weather_pipeline_dag.py                           1           0  7.47s           2026-04-24T06:42:06
================================================================================
[2026-04-24T06:42:58.193+0000] {manager.py:879} INFO - 
================================================================================
DAG File Processing Stats

File Path                                  PID    Runtime      # DAGs    # Errors  Last Runtime    Last Run
-----------------------------------------  -----  ---------  --------  ----------  --------------  -------------------
/opt/airflow/dags/weather_pipeline_dag.py                           1           0  1.89s           2026-04-24T06:42:39
================================================================================
[2026-04-24T06:43:25.999+0000] {manager.py:879} INFO - 
================================================================================
DAG File Processing Stats

File Path                                  PID    Runtime      # DAGs    # Errors  Last Runtime    Last Run
-----------------------------------------  -----  ---------  --------  ----------  --------------  -------------------
/opt/airflow/dags/weather_pipeline_dag.py                           1           0  7.94s           2026-04-24T06:43:16
================================================================================
[2026-04-24T06:43:34.055+0000] {manager.py:738} INFO - Searching for files in /opt/airflow/dags
[2026-04-24T06:43:37.382+0000] {manager.py:741} INFO - There are 1 files in /opt/airflow/dags
[2026-04-24T06:43:53.814+0000] {manager.py:879} INFO - 
================================================================================
DAG File Processing Stats

File Path                                  PID    Runtime      # DAGs    # Errors  Last Runtime    Last Run
-----------------------------------------  -----  ---------  --------  ----------  --------------  -------------------
/opt/airflow/dags/weather_pipeline_dag.py                           1           0  3.92s           2026-04-24T06:43:50
================================================================================
[2026-04-24T06:44:22.316+0000] {manager.py:879} INFO - 
================================================================================
DAG File Processing Stats

File Path                                    PID  Runtime      # DAGs    # Errors  Last Runtime    Last Run
-----------------------------------------  -----  ---------  --------  ----------  --------------  -------------------
/opt/airflow/dags/weather_pipeline_dag.py   2364  0.09s             1           0  3.92s           2026-04-24T06:43:50
================================================================================
[2026-04-24T06:44:49.804+0000] {manager.py:879} INFO - 
================================================================================
DAG File Processing Stats

File Path                                  PID    Runtime      # DAGs    # Errors  Last Runtime    Last Run
-----------------------------------------  -----  ---------  --------  ----------  --------------  -------------------
/opt/airflow/dags/weather_pipeline_dag.py                           1           0  5.08s           2026-04-24T06:44:27
================================================================================
[2026-04-24T06:45:17.634+0000] {manager.py:879} INFO - 
================================================================================
DAG File Processing Stats

File Path                                  PID    Runtime      # DAGs    # Errors  Last Runtime    Last Run
-----------------------------------------  -----  ---------  --------  ----------  --------------  -------------------
/opt/airflow/dags/weather_pipeline_dag.py                           1           0  4.80s           2026-04-24T06:45:02
================================================================================
[2026-04-24T06:45:45.754+0000] {manager.py:879} INFO - 
================================================================================
DAG File Processing Stats

File Path                                  PID    Runtime      # DAGs    # Errors  Last Runtime    Last Run
-----------------------------------------  -----  ---------  --------  ----------  --------------  -------------------
/opt/airflow/dags/weather_pipeline_dag.py                           1           0  8.50s           2026-04-24T06:45:42
================================================================================
[2026-04-24T06:46:14.024+0000] {manager.py:879} INFO - 
================================================================================
DAG File Processing Stats

File Path                                    PID  Runtime      # DAGs    # Errors  Last Runtime    Last Run
-----------------------------------------  -----  ---------  --------  ----------  --------------  -------------------
/opt/airflow/dags/weather_pipeline_dag.py   2403  0.06s             1           0  8.50s           2026-04-24T06:45:42
================================================================================
[2026-04-24T06:46:41.329+0000] {manager.py:879} INFO - 
================================================================================
DAG File Processing Stats

File Path                                  PID    Runtime      # DAGs    # Errors  Last Runtime    Last Run
-----------------------------------------  -----  ---------  --------  ----------  --------------  -------------------
/opt/airflow/dags/weather_pipeline_dag.py                           1           0  6.36s           2026-04-24T06:46:20
================================================================================
[2026-04-24T06:47:08.823+0000] {manager.py:879} INFO - 
================================================================================
DAG File Processing Stats

File Path                                  PID    Runtime      # DAGs    # Errors  Last Runtime    Last Run
-----------------------------------------  -----  ---------  --------  ----------  --------------  -------------------
/opt/airflow/dags/weather_pipeline_dag.py                           1           0  6.99s           2026-04-24T06:46:58
================================================================================
[2026-04-24T06:47:36.343+0000] {manager.py:879} INFO - 
================================================================================
DAG File Processing Stats

File Path                                  PID    Runtime      # DAGs    # Errors  Last Runtime    Last Run
-----------------------------------------  -----  ---------  --------  ----------  --------------  -------------------
/opt/airflow/dags/weather_pipeline_dag.py                           1           0  5.11s           2026-04-24T06:47:34
================================================================================
[2026-04-24T06:48:03.938+0000] {manager.py:879} INFO - 
================================================================================
DAG File Processing Stats

File Path                                  PID    Runtime      # DAGs    # Errors  Last Runtime    Last Run
-----------------------------------------  -----  ---------  --------  ----------  --------------  -------------------
/opt/airflow/dags/weather_pipeline_dag.py                           1           0  5.11s           2026-04-24T06:47:34
================================================================================
[2026-04-24T06:48:31.680+0000] {manager.py:879} INFO - 
================================================================================
DAG File Processing Stats

File Path                                  PID    Runtime      # DAGs    # Errors  Last Runtime    Last Run
-----------------------------------------  -----  ---------  --------  ----------  --------------  -------------------
/opt/airflow/dags/weather_pipeline_dag.py                           1           0  11.58s          2026-04-24T06:48:17
================================================================================
[2026-04-24T06:48:34.389+0000] {manager.py:738} INFO - Searching for files in /opt/airflow/dags
[2026-04-24T06:48:36.637+0000] {manager.py:741} INFO - There are 1 files in /opt/airflow/dags
[2026-04-24T06:48:59.412+0000] {manager.py:879} INFO - 
================================================================================
DAG File Processing Stats

File Path                                    PID  Runtime      # DAGs    # Errors  Last Runtime    Last Run
-----------------------------------------  -----  ---------  --------  ----------  --------------  -------------------
/opt/airflow/dags/weather_pipeline_dag.py   2453  9.52s             1           0  11.58s          2026-04-24T06:48:17
================================================================================
[2026-04-24T06:49:26.940+0000] {manager.py:879} INFO - 
================================================================================
DAG File Processing Stats

File Path                                  PID    Runtime      # DAGs    # Errors  Last Runtime    Last Run
-----------------------------------------  -----  ---------  --------  ----------  --------------  -------------------
/opt/airflow/dags/weather_pipeline_dag.py                           1           0  9.75s           2026-04-24T06:48:59
================================================================================
[2026-04-24T06:49:54.917+0000] {manager.py:879} INFO - 
================================================================================
DAG File Processing Stats

File Path                                  PID    Runtime      # DAGs    # Errors  Last Runtime    Last Run
-----------------------------------------  -----  ---------  --------  ----------  --------------  -------------------
/opt/airflow/dags/weather_pipeline_dag.py                           1           0  8.50s           2026-04-24T06:49:39
================================================================================
[2026-04-24T06:50:23.261+0000] {manager.py:879} INFO - 
================================================================================
DAG File Processing Stats

File Path                                    PID  Runtime      # DAGs    # Errors  Last Runtime    Last Run
-----------------------------------------  -----  ---------  --------  ----------  --------------  -------------------
/opt/airflow/dags/weather_pipeline_dag.py   2480  11.03s            1           0  8.50s           2026-04-24T06:49:39
================================================================================
[2026-04-24T06:50:51.079+0000] {manager.py:879} INFO - 
================================================================================
DAG File Processing Stats

File Path                                  PID    Runtime      # DAGs    # Errors  Last Runtime    Last Run
-----------------------------------------  -----  ---------  --------  ----------  --------------  -------------------
/opt/airflow/dags/weather_pipeline_dag.py                           1           0  11.69s          2026-04-24T06:50:23
================================================================================
[2026-04-24T06:51:18.430+0000] {manager.py:879} INFO - 
================================================================================
DAG File Processing Stats

File Path                                  PID    Runtime      # DAGs    # Errors  Last Runtime    Last Run
-----------------------------------------  -----  ---------  --------  ----------  --------------  -------------------
/opt/airflow/dags/weather_pipeline_dag.py                           1           0  12.22s          2026-04-24T06:51:08
================================================================================
[2026-04-24T06:51:45.994+0000] {manager.py:879} INFO - 
================================================================================
DAG File Processing Stats

File Path                                  PID    Runtime      # DAGs    # Errors  Last Runtime    Last Run
-----------------------------------------  -----  ---------  --------  ----------  --------------  -------------------
/opt/airflow/dags/weather_pipeline_dag.py                           1           0  4.45s           2026-04-24T06:51:43
================================================================================
[2026-04-24T06:52:14.650+0000] {manager.py:879} INFO - 
================================================================================
DAG File Processing Stats

File Path                                    PID  Runtime      # DAGs    # Errors  Last Runtime    Last Run
-----------------------------------------  -----  ---------  --------  ----------  --------------  -------------------
/opt/airflow/dags/weather_pipeline_dag.py   2518  0.09s             1           0  4.45s           2026-04-24T06:51:43
================================================================================
[2026-04-24T06:52:42.321+0000] {manager.py:879} INFO - 
================================================================================
DAG File Processing Stats

File Path                                  PID    Runtime      # DAGs    # Errors  Last Runtime    Last Run
-----------------------------------------  -----  ---------  --------  ----------  --------------  -------------------
/opt/airflow/dags/weather_pipeline_dag.py                           1           0  3.18s           2026-04-24T06:52:17
================================================================================
[2026-04-24T06:53:10.533+0000] {manager.py:879} INFO - 
================================================================================
DAG File Processing Stats

File Path                                  PID    Runtime      # DAGs    # Errors  Last Runtime    Last Run
-----------------------------------------  -----  ---------  --------  ----------  --------------  -------------------
/opt/airflow/dags/weather_pipeline_dag.py                           1           0  10.52s          2026-04-24T06:52:59
================================================================================
[2026-04-24T06:53:34.603+0000] {manager.py:738} INFO - Searching for files in /opt/airflow/dags
[2026-04-24T06:53:37.009+0000] {manager.py:741} INFO - There are 1 files in /opt/airflow/dags
[2026-04-24T06:53:38.530+0000] {manager.py:879} INFO - 
================================================================================
DAG File Processing Stats

File Path                                  PID    Runtime      # DAGs    # Errors  Last Runtime    Last Run
-----------------------------------------  -----  ---------  --------  ----------  --------------  -------------------
/opt/airflow/dags/weather_pipeline_dag.py                           1           0  7.16s           2026-04-24T06:53:38
================================================================================
[2026-04-24T06:54:06.101+0000] {manager.py:879} INFO - 
================================================================================
DAG File Processing Stats

File Path                                  PID    Runtime      # DAGs    # Errors  Last Runtime    Last Run
-----------------------------------------  -----  ---------  --------  ----------  --------------  -------------------
/opt/airflow/dags/weather_pipeline_dag.py                           1           0  7.16s           2026-04-24T06:53:38
================================================================================
[2026-04-24T06:54:34.177+0000] {manager.py:879} INFO - 
================================================================================
DAG File Processing Stats

File Path                                  PID    Runtime      # DAGs    # Errors  Last Runtime    Last Run
-----------------------------------------  -----  ---------  --------  ----------  --------------  -------------------
/opt/airflow/dags/weather_pipeline_dag.py                           1           0  4.23s           2026-04-24T06:54:12
================================================================================
[2026-04-24T06:55:01.928+0000] {manager.py:879} INFO - 
================================================================================
DAG File Processing Stats

File Path                                  PID    Runtime      # DAGs    # Errors  Last Runtime    Last Run
-----------------------------------------  -----  ---------  --------  ----------  --------------  -------------------
/opt/airflow/dags/weather_pipeline_dag.py                           1           0  5.80s           2026-04-24T06:54:50
================================================================================
[2026-04-24T06:55:29.850+0000] {manager.py:879} INFO - 
================================================================================
DAG File Processing Stats

File Path                                  PID    Runtime      # DAGs    # Errors  Last Runtime    Last Run
-----------------------------------------  -----  ---------  --------  ----------  --------------  -------------------
/opt/airflow/dags/weather_pipeline_dag.py                           1           0  5.64s           2026-04-24T06:55:26
================================================================================
[2026-04-24T06:55:58.000+0000] {manager.py:879} INFO - 
================================================================================
DAG File Processing Stats

File Path                                    PID  Runtime      # DAGs    # Errors  Last Runtime    Last Run
-----------------------------------------  -----  ---------  --------  ----------  --------------  -------------------
/opt/airflow/dags/weather_pipeline_dag.py   2598  0.07s             1           0  5.64s           2026-04-24T06:55:26
================================================================================
[2026-04-24T06:56:25.582+0000] {manager.py:879} INFO - 
================================================================================
DAG File Processing Stats

File Path                                  PID    Runtime      # DAGs    # Errors  Last Runtime    Last Run
-----------------------------------------  -----  ---------  --------  ----------  --------------  -------------------
/opt/airflow/dags/weather_pipeline_dag.py                           1           0  0.44s           2026-04-24T06:55:58
================================================================================
[2026-04-24T06:56:53.174+0000] {manager.py:879} INFO - 
================================================================================
DAG File Processing Stats

File Path                                  PID    Runtime      # DAGs    # Errors  Last Runtime    Last Run
-----------------------------------------  -----  ---------  --------  ----------  --------------  -------------------
/opt/airflow/dags/weather_pipeline_dag.py                           1           0  4.45s           2026-04-24T06:56:33
================================================================================
[2026-04-24T06:57:20.927+0000] {manager.py:879} INFO - 
================================================================================
DAG File Processing Stats

File Path                                  PID    Runtime      # DAGs    # Errors  Last Runtime    Last Run
-----------------------------------------  -----  ---------  --------  ----------  --------------  -------------------
/opt/airflow/dags/weather_pipeline_dag.py                           1           0  3.69s           2026-04-24T06:57:07
================================================================================
[2026-04-24T06:57:45.801+0000] {manager.py:879} INFO - 
================================================================================
DAG File Processing Stats

File Path                                  PID    Runtime      # DAGs    # Errors  Last Runtime    Last Run
-----------------------------------------  -----  ---------  --------  ----------  --------------  -------------------
/opt/airflow/dags/weather_pipeline_dag.py                           1           0  3.89s           2026-04-24T06:57:41
================================================================================
[2026-04-24T06:58:13.114+0000] {manager.py:879} INFO - 
================================================================================
DAG File Processing Stats

File Path                                    PID  Runtime      # DAGs    # Errors  Last Runtime    Last Run
-----------------------------------------  -----  ---------  --------  ----------  --------------  -------------------
/opt/airflow/dags/weather_pipeline_dag.py   2648  0.61s             1           0  3.89s           2026-04-24T06:57:41
================================================================================
[2026-04-24T06:58:34.698+0000] {manager.py:738} INFO - Searching for files in /opt/airflow/dags
[2026-04-24T06:58:35.031+0000] {manager.py:741} INFO - There are 1 files in /opt/airflow/dags
[2026-04-24T06:58:41.046+0000] {manager.py:879} INFO - 
================================================================================
DAG File Processing Stats

File Path                                  PID    Runtime      # DAGs    # Errors  Last Runtime    Last Run
-----------------------------------------  -----  ---------  --------  ----------  --------------  -------------------
/opt/airflow/dags/weather_pipeline_dag.py                           1           0  1.40s           2026-04-24T06:58:13
================================================================================
[2026-04-24T06:59:09.215+0000] {manager.py:879} INFO - 
================================================================================
DAG File Processing Stats

File Path                                  PID    Runtime      # DAGs    # Errors  Last Runtime    Last Run
-----------------------------------------  -----  ---------  --------  ----------  --------------  -------------------
/opt/airflow/dags/weather_pipeline_dag.py                           1           0  8.94s           2026-04-24T06:58:53
================================================================================
[2026-04-24T06:59:36.765+0000] {manager.py:879} INFO - 
================================================================================
DAG File Processing Stats

File Path                                  PID    Runtime      # DAGs    # Errors  Last Runtime    Last Run
-----------------------------------------  -----  ---------  --------  ----------  --------------  -------------------
/opt/airflow/dags/weather_pipeline_dag.py                           1           0  3.91s           2026-04-24T06:59:27
================================================================================
[2026-04-24T07:00:04.251+0000] {manager.py:879} INFO - 
================================================================================
DAG File Processing Stats

File Path                                  PID    Runtime      # DAGs    # Errors  Last Runtime    Last Run
-----------------------------------------  -----  ---------  --------  ----------  --------------  -------------------
/opt/airflow/dags/weather_pipeline_dag.py                           1           0  3.59s           2026-04-24T07:00:01
================================================================================
[2026-04-24T07:00:31.758+0000] {manager.py:879} INFO - 
================================================================================
DAG File Processing Stats

File Path                                    PID  Runtime      # DAGs    # Errors  Last Runtime    Last Run
-----------------------------------------  -----  ---------  --------  ----------  --------------  -------------------
/opt/airflow/dags/weather_pipeline_dag.py   2698  1.27s             1           0  3.59s           2026-04-24T07:00:01
================================================================================
[2026-04-24T07:00:59.331+0000] {manager.py:879} INFO - 
================================================================================
DAG File Processing Stats

File Path                                  PID    Runtime      # DAGs    # Errors  Last Runtime    Last Run
-----------------------------------------  -----  ---------  --------  ----------  --------------  -------------------
/opt/airflow/dags/weather_pipeline_dag.py                           1           0  6.70s           2026-04-24T07:00:37
================================================================================
[2026-04-24T07:01:27.317+0000] {manager.py:879} INFO - 
================================================================================
DAG File Processing Stats

File Path                                  PID    Runtime      # DAGs    # Errors  Last Runtime    Last Run
-----------------------------------------  -----  ---------  --------  ----------  --------------  -------------------
/opt/airflow/dags/weather_pipeline_dag.py                           1           0  3.71s           2026-04-24T07:01:11
================================================================================
[2026-04-24T07:01:55.675+0000] {manager.py:879} INFO - 
================================================================================
DAG File Processing Stats

File Path                                  PID    Runtime      # DAGs    # Errors  Last Runtime    Last Run
-----------------------------------------  -----  ---------  --------  ----------  --------------  -------------------
/opt/airflow/dags/weather_pipeline_dag.py                           1           0  3.92s           2026-04-24T07:01:46
================================================================================
[2026-04-24T07:02:23.325+0000] {manager.py:879} INFO - 
================================================================================
DAG File Processing Stats

File Path                                  PID    Runtime      # DAGs    # Errors  Last Runtime    Last Run
-----------------------------------------  -----  ---------  --------  ----------  --------------  -------------------
/opt/airflow/dags/weather_pipeline_dag.py                           1           0  3.64s           2026-04-24T07:02:20
================================================================================
[2026-04-24T07:02:50.848+0000] {manager.py:879} INFO - 
================================================================================
DAG File Processing Stats

File Path                                    PID  Runtime      # DAGs    # Errors  Last Runtime    Last Run
-----------------------------------------  -----  ---------  --------  ----------  --------------  -------------------
/opt/airflow/dags/weather_pipeline_dag.py   2748  0.06s             1           0  3.64s           2026-04-24T07:02:20
================================================================================
[2026-04-24T07:03:18.248+0000] {manager.py:879} INFO - 
================================================================================
DAG File Processing Stats

File Path                                  PID    Runtime      # DAGs    # Errors  Last Runtime    Last Run
-----------------------------------------  -----  ---------  --------  ----------  --------------  -------------------
/opt/airflow/dags/weather_pipeline_dag.py                           1           0  3.10s           2026-04-24T07:02:53
================================================================================
[2026-04-24T07:03:34.965+0000] {manager.py:738} INFO - Searching for files in /opt/airflow/dags
[2026-04-24T07:03:35.206+0000] {manager.py:741} INFO - There are 1 files in /opt/airflow/dags
[2026-04-24T07:03:45.766+0000] {manager.py:879} INFO - 
================================================================================
DAG File Processing Stats

File Path                                  PID    Runtime      # DAGs    # Errors  Last Runtime    Last Run
-----------------------------------------  -----  ---------  --------  ----------  --------------  -------------------
/opt/airflow/dags/weather_pipeline_dag.py                           1           0  4.88s           2026-04-24T07:03:29
================================================================================
[2026-04-24T07:04:14.039+0000] {manager.py:879} INFO - 
================================================================================
DAG File Processing Stats

File Path                                  PID    Runtime      # DAGs    # Errors  Last Runtime    Last Run
-----------------------------------------  -----  ---------  --------  ----------  --------------  -------------------
/opt/airflow/dags/weather_pipeline_dag.py                           1           0  4.69s           2026-04-24T07:04:05
================================================================================
[2026-04-24T07:04:41.967+0000] {manager.py:879} INFO - 
================================================================================
DAG File Processing Stats

File Path                                  PID    Runtime      # DAGs    # Errors  Last Runtime    Last Run
-----------------------------------------  -----  ---------  --------  ----------  --------------  -------------------
/opt/airflow/dags/weather_pipeline_dag.py                           1           0  1.94s           2026-04-24T07:04:37
================================================================================
[2026-04-24T07:05:09.919+0000] {manager.py:879} INFO - 
================================================================================
DAG File Processing Stats

File Path                                    PID  Runtime      # DAGs    # Errors  Last Runtime    Last Run
-----------------------------------------  -----  ---------  --------  ----------  --------------  -------------------
/opt/airflow/dags/weather_pipeline_dag.py   2793  1.35s             1           0  1.94s           2026-04-24T07:04:37
================================================================================
[2026-04-24T07:05:38.950+0000] {manager.py:879} INFO - 
================================================================================
DAG File Processing Stats

File Path                                  PID    Runtime      # DAGs    # Errors  Last Runtime    Last Run
-----------------------------------------  -----  ---------  --------  ----------  --------------  -------------------
/opt/airflow/dags/weather_pipeline_dag.py                           1           0  5.42s           2026-04-24T07:05:13
================================================================================
[2026-04-24T07:06:06.476+0000] {manager.py:879} INFO - 
================================================================================
DAG File Processing Stats

File Path                                  PID    Runtime      # DAGs    # Errors  Last Runtime    Last Run
-----------------------------------------  -----  ---------  --------  ----------  --------------  -------------------
/opt/airflow/dags/weather_pipeline_dag.py                           1           0  3.77s           2026-04-24T07:05:48
================================================================================
[2026-04-24T07:06:34.462+0000] {manager.py:879} INFO - 
================================================================================
DAG File Processing Stats

File Path                                  PID    Runtime      # DAGs    # Errors  Last Runtime    Last Run
-----------------------------------------  -----  ---------  --------  ----------  --------------  -------------------
/opt/airflow/dags/weather_pipeline_dag.py                           1           0  4.37s           2026-04-24T07:06:23
================================================================================
[2026-04-24T07:07:02.581+0000] {manager.py:879} INFO - 
================================================================================
DAG File Processing Stats

File Path                                  PID    Runtime      # DAGs    # Errors  Last Runtime    Last Run
-----------------------------------------  -----  ---------  --------  ----------  --------------  -------------------
/opt/airflow/dags/weather_pipeline_dag.py                           1           0  1.88s           2026-04-24T07:06:56
================================================================================
[2026-04-24T07:07:30.013+0000] {manager.py:879} INFO - 
================================================================================
DAG File Processing Stats

File Path                                    PID  Runtime      # DAGs    # Errors  Last Runtime    Last Run
-----------------------------------------  -----  ---------  --------  ----------  --------------  -------------------
/opt/airflow/dags/weather_pipeline_dag.py   2843  3.42s             1           0  1.88s           2026-04-24T07:06:56
================================================================================
[2026-04-24T07:07:58.011+0000] {manager.py:879} INFO - 
================================================================================
DAG File Processing Stats

File Path                                  PID    Runtime      # DAGs    # Errors  Last Runtime    Last Run
-----------------------------------------  -----  ---------  --------  ----------  --------------  -------------------
/opt/airflow/dags/weather_pipeline_dag.py                           1           0  3.91s           2026-04-24T07:07:30
================================================================================
[2026-04-24T07:08:25.604+0000] {manager.py:879} INFO - 
================================================================================
DAG File Processing Stats

File Path                                  PID    Runtime      # DAGs    # Errors  Last Runtime    Last Run
-----------------------------------------  -----  ---------  --------  ----------  --------------  -------------------
/opt/airflow/dags/weather_pipeline_dag.py                           1           0  4.25s           2026-04-24T07:08:05
================================================================================
[2026-04-24T07:08:35.475+0000] {manager.py:738} INFO - Searching for files in /opt/airflow/dags
[2026-04-24T07:08:39.297+0000] {manager.py:741} INFO - There are 1 files in /opt/airflow/dags
[2026-04-24T07:08:52.970+0000] {manager.py:879} INFO - 
================================================================================
DAG File Processing Stats

File Path                                  PID    Runtime      # DAGs    # Errors  Last Runtime    Last Run
-----------------------------------------  -----  ---------  --------  ----------  --------------  -------------------
/opt/airflow/dags/weather_pipeline_dag.py                           1           0  3.88s           2026-04-24T07:08:43
================================================================================
[2026-04-24T07:09:20.341+0000] {manager.py:879} INFO - 
================================================================================
DAG File Processing Stats

File Path                                  PID    Runtime      # DAGs    # Errors  Last Runtime    Last Run
-----------------------------------------  -----  ---------  --------  ----------  --------------  -------------------
/opt/airflow/dags/weather_pipeline_dag.py                           1           0  4.14s           2026-04-24T07:09:18
================================================================================
[2026-04-24T07:09:48.144+0000] {manager.py:879} INFO - 
================================================================================
DAG File Processing Stats

File Path                                  PID    Runtime      # DAGs    # Errors  Last Runtime    Last Run
-----------------------------------------  -----  ---------  --------  ----------  --------------  -------------------
/opt/airflow/dags/weather_pipeline_dag.py                           1           0  4.14s           2026-04-24T07:09:18
================================================================================
[2026-04-24T07:10:15.593+0000] {manager.py:879} INFO - 
================================================================================
DAG File Processing Stats

File Path                                  PID    Runtime      # DAGs    # Errors  Last Runtime    Last Run
-----------------------------------------  -----  ---------  --------  ----------  --------------  -------------------
/opt/airflow/dags/weather_pipeline_dag.py                           1           0  3.21s           2026-04-24T07:09:51
================================================================================
[2026-04-24T07:10:43.051+0000] {manager.py:879} INFO - 
================================================================================
DAG File Processing Stats

File Path                                  PID    Runtime      # DAGs    # Errors  Last Runtime    Last Run
-----------------------------------------  -----  ---------  --------  ----------  --------------  -------------------
/opt/airflow/dags/weather_pipeline_dag.py                           1           0  3.06s           2026-04-24T07:10:25
================================================================================
[2026-04-24T07:11:10.818+0000] {manager.py:879} INFO - 
================================================================================
DAG File Processing Stats

File Path                                  PID    Runtime      # DAGs    # Errors  Last Runtime    Last Run
-----------------------------------------  -----  ---------  --------  ----------  --------------  -------------------
/opt/airflow/dags/weather_pipeline_dag.py                           1           0  3.87s           2026-04-24T07:10:59
================================================================================
[2026-04-24T07:11:38.408+0000] {manager.py:879} INFO - 
================================================================================
DAG File Processing Stats

File Path                                  PID    Runtime      # DAGs    # Errors  Last Runtime    Last Run
-----------------------------------------  -----  ---------  --------  ----------  --------------  -------------------
/opt/airflow/dags/weather_pipeline_dag.py                           1           0  3.61s           2026-04-24T07:11:33
================================================================================
[2026-04-24T07:12:06.116+0000] {manager.py:879} INFO - 
================================================================================
DAG File Processing Stats

File Path                                    PID  Runtime      # DAGs    # Errors  Last Runtime    Last Run
-----------------------------------------  -----  ---------  --------  ----------  --------------  -------------------
/opt/airflow/dags/weather_pipeline_dag.py   2947  1.84s             1           0  3.61s           2026-04-24T07:11:33
================================================================================
[2026-04-24T07:12:34.067+0000] {manager.py:879} INFO - 
================================================================================
DAG File Processing Stats

File Path                                  PID    Runtime      # DAGs    # Errors  Last Runtime    Last Run
-----------------------------------------  -----  ---------  --------  ----------  --------------  -------------------
/opt/airflow/dags/weather_pipeline_dag.py                           1           0  6.55s           2026-04-24T07:12:10
================================================================================
[2026-04-24T07:13:02.455+0000] {manager.py:879} INFO - 
================================================================================
DAG File Processing Stats

File Path                                  PID    Runtime      # DAGs    # Errors  Last Runtime    Last Run
-----------------------------------------  -----  ---------  --------  ----------  --------------  -------------------
/opt/airflow/dags/weather_pipeline_dag.py                           1           0  3.37s           2026-04-24T07:12:45
================================================================================
[2026-04-24T07:13:29.871+0000] {manager.py:879} INFO - 
================================================================================
DAG File Processing Stats

File Path                                  PID    Runtime      # DAGs    # Errors  Last Runtime    Last Run
-----------------------------------------  -----  ---------  --------  ----------  --------------  -------------------
/opt/airflow/dags/weather_pipeline_dag.py                           1           0  2.99s           2026-04-24T07:13:18
================================================================================
[2026-04-24T07:13:35.715+0000] {manager.py:738} INFO - Searching for files in /opt/airflow/dags
[2026-04-24T07:13:35.877+0000] {manager.py:741} INFO - There are 1 files in /opt/airflow/dags
[2026-04-24T07:13:57.426+0000] {manager.py:879} INFO - 
================================================================================
DAG File Processing Stats

File Path                                  PID    Runtime      # DAGs    # Errors  Last Runtime    Last Run
-----------------------------------------  -----  ---------  --------  ----------  --------------  -------------------
/opt/airflow/dags/weather_pipeline_dag.py                           1           0  4.10s           2026-04-24T07:13:52
================================================================================
[2026-04-24T07:14:25.031+0000] {manager.py:879} INFO - 
================================================================================
DAG File Processing Stats

File Path                                    PID  Runtime      # DAGs    # Errors  Last Runtime    Last Run
-----------------------------------------  -----  ---------  --------  ----------  --------------  -------------------
/opt/airflow/dags/weather_pipeline_dag.py   2998  0.07s             1           0  4.10s           2026-04-24T07:13:52
================================================================================
[2026-04-24T07:14:52.494+0000] {manager.py:879} INFO - 
================================================================================
DAG File Processing Stats

File Path                                  PID    Runtime      # DAGs    # Errors  Last Runtime    Last Run
-----------------------------------------  -----  ---------  --------  ----------  --------------  -------------------
/opt/airflow/dags/weather_pipeline_dag.py                           1           0  6.02s           2026-04-24T07:14:30
================================================================================
[2026-04-24T07:15:20.067+0000] {manager.py:879} INFO - 
================================================================================
DAG File Processing Stats

File Path                                  PID    Runtime      # DAGs    # Errors  Last Runtime    Last Run
-----------------------------------------  -----  ---------  --------  ----------  --------------  -------------------
/opt/airflow/dags/weather_pipeline_dag.py                           1           0  5.02s           2026-04-24T07:15:06
================================================================================
[2026-04-24T07:15:47.958+0000] {manager.py:879} INFO - 
================================================================================
DAG File Processing Stats

File Path                                  PID    Runtime      # DAGs    # Errors  Last Runtime    Last Run
-----------------------------------------  -----  ---------  --------  ----------  --------------  -------------------
/opt/airflow/dags/weather_pipeline_dag.py                           1           0  2.83s           2026-04-24T07:15:39
================================================================================
[2026-04-24T07:16:15.676+0000] {manager.py:879} INFO - 
================================================================================
DAG File Processing Stats

File Path                                  PID    Runtime      # DAGs    # Errors  Last Runtime    Last Run
-----------------------------------------  -----  ---------  --------  ----------  --------------  -------------------
/opt/airflow/dags/weather_pipeline_dag.py                           1           0  3.84s           2026-04-24T07:16:14
================================================================================
[2026-04-24T07:16:43.032+0000] {manager.py:879} INFO - 
================================================================================
DAG File Processing Stats

File Path                                  PID    Runtime      # DAGs    # Errors  Last Runtime    Last Run
-----------------------------------------  -----  ---------  --------  ----------  --------------  -------------------
/opt/airflow/dags/weather_pipeline_dag.py                           1           0  3.84s           2026-04-24T07:16:14
================================================================================
[2026-04-24T07:17:10.700+0000] {manager.py:879} INFO - 
================================================================================
DAG File Processing Stats

File Path                                  PID    Runtime      # DAGs    # Errors  Last Runtime    Last Run
-----------------------------------------  -----  ---------  --------  ----------  --------------  -------------------
/opt/airflow/dags/weather_pipeline_dag.py                           1           0  4.66s           2026-04-24T07:16:50
================================================================================
[2026-04-24T07:17:38.494+0000] {manager.py:879} INFO - 
================================================================================
DAG File Processing Stats

File Path                                  PID    Runtime      # DAGs    # Errors  Last Runtime    Last Run
-----------------------------------------  -----  ---------  --------  ----------  --------------  -------------------
/opt/airflow/dags/weather_pipeline_dag.py                           1           0  2.45s           2026-04-24T07:17:22
================================================================================
[2026-04-24T07:18:06.112+0000] {manager.py:879} INFO - 
================================================================================
DAG File Processing Stats

File Path                                  PID    Runtime      # DAGs    # Errors  Last Runtime    Last Run
-----------------------------------------  -----  ---------  --------  ----------  --------------  -------------------
/opt/airflow/dags/weather_pipeline_dag.py                           1           0  4.28s           2026-04-24T07:17:57
================================================================================
[2026-04-24T07:18:33.657+0000] {manager.py:879} INFO - 
================================================================================
DAG File Processing Stats

File Path                                  PID    Runtime      # DAGs    # Errors  Last Runtime    Last Run
-----------------------------------------  -----  ---------  --------  ----------  --------------  -------------------
/opt/airflow/dags/weather_pipeline_dag.py                           1           0  3.24s           2026-04-24T07:18:31
================================================================================
[2026-04-24T07:18:35.790+0000] {manager.py:738} INFO - Searching for files in /opt/airflow/dags
[2026-04-24T07:18:38.106+0000] {manager.py:741} INFO - There are 1 files in /opt/airflow/dags
[2026-04-24T07:19:01.457+0000] {manager.py:879} INFO - 
================================================================================
DAG File Processing Stats

File Path                                  PID    Runtime      # DAGs    # Errors  Last Runtime    Last Run
-----------------------------------------  -----  ---------  --------  ----------  --------------  -------------------
/opt/airflow/dags/weather_pipeline_dag.py                           1           0  3.24s           2026-04-24T07:18:31
================================================================================
[2026-04-24T07:19:28.855+0000] {manager.py:879} INFO - 
================================================================================
DAG File Processing Stats

File Path                                  PID    Runtime      # DAGs    # Errors  Last Runtime    Last Run
-----------------------------------------  -----  ---------  --------  ----------  --------------  -------------------
/opt/airflow/dags/weather_pipeline_dag.py                           1           0  3.34s           2026-04-24T07:19:05
================================================================================
[2026-04-24T07:19:56.388+0000] {manager.py:879} INFO - 
================================================================================
DAG File Processing Stats

File Path                                  PID    Runtime      # DAGs    # Errors  Last Runtime    Last Run
-----------------------------------------  -----  ---------  --------  ----------  --------------  -------------------
/opt/airflow/dags/weather_pipeline_dag.py                           1           0  4.47s           2026-04-24T07:19:39
================================================================================
[2026-04-24T07:20:24.325+0000] {manager.py:879} INFO - 
================================================================================
DAG File Processing Stats

File Path                                  PID    Runtime      # DAGs    # Errors  Last Runtime    Last Run
-----------------------------------------  -----  ---------  --------  ----------  --------------  -------------------
/opt/airflow/dags/weather_pipeline_dag.py                           1           0  5.80s           2026-04-24T07:20:15
================================================================================
[2026-04-24T07:20:51.636+0000] {manager.py:879} INFO - 
================================================================================
DAG File Processing Stats

File Path                                  PID    Runtime      # DAGs    # Errors  Last Runtime    Last Run
-----------------------------------------  -----  ---------  --------  ----------  --------------  -------------------
/opt/airflow/dags/weather_pipeline_dag.py                           1           0  3.30s           2026-04-24T07:20:50
================================================================================
[2026-04-24T07:21:19.321+0000] {manager.py:879} INFO - 
================================================================================
DAG File Processing Stats

File Path                                  PID    Runtime      # DAGs    # Errors  Last Runtime    Last Run
-----------------------------------------  -----  ---------  --------  ----------  --------------  -------------------
/opt/airflow/dags/weather_pipeline_dag.py                           1           0  3.30s           2026-04-24T07:20:50
================================================================================
[2026-04-24T07:21:46.902+0000] {manager.py:879} INFO - 
================================================================================
DAG File Processing Stats

File Path                                  PID    Runtime      # DAGs    # Errors  Last Runtime    Last Run
-----------------------------------------  -----  ---------  --------  ----------  --------------  -------------------
/opt/airflow/dags/weather_pipeline_dag.py                           1           0  3.74s           2026-04-24T07:21:24
================================================================================
[2026-04-24T07:22:14.576+0000] {manager.py:879} INFO - 
================================================================================
DAG File Processing Stats

File Path                                  PID    Runtime      # DAGs    # Errors  Last Runtime    Last Run
-----------------------------------------  -----  ---------  --------  ----------  --------------  -------------------
/opt/airflow/dags/weather_pipeline_dag.py                           1           0  3.63s           2026-04-24T07:21:58
================================================================================
[2026-04-24T07:22:42.230+0000] {manager.py:879} INFO - 
================================================================================
DAG File Processing Stats

File Path                                  PID    Runtime      # DAGs    # Errors  Last Runtime    Last Run
-----------------------------------------  -----  ---------  --------  ----------  --------------  -------------------
/opt/airflow/dags/weather_pipeline_dag.py                           1           0  2.34s           2026-04-24T07:22:30
================================================================================
[2026-04-24T07:23:09.713+0000] {manager.py:879} INFO - 
================================================================================
DAG File Processing Stats

File Path                                  PID    Runtime      # DAGs    # Errors  Last Runtime    Last Run
-----------------------------------------  -----  ---------  --------  ----------  --------------  -------------------
/opt/airflow/dags/weather_pipeline_dag.py                           1           0  3.66s           2026-04-24T07:23:04
================================================================================
[2026-04-24T07:23:36.502+0000] {manager.py:738} INFO - Searching for files in /opt/airflow/dags
[2026-04-24T07:23:37.260+0000] {manager.py:741} INFO - There are 1 files in /opt/airflow/dags
[2026-04-24T07:23:37.697+0000] {manager.py:879} INFO - 
================================================================================
DAG File Processing Stats

File Path                                    PID  Runtime      # DAGs    # Errors  Last Runtime    Last Run
-----------------------------------------  -----  ---------  --------  ----------  --------------  -------------------
/opt/airflow/dags/weather_pipeline_dag.py   3192  3.01s             1           0  3.66s           2026-04-24T07:23:04
================================================================================
[2026-04-24T07:24:05.230+0000] {manager.py:879} INFO - 
================================================================================
DAG File Processing Stats

File Path                                  PID    Runtime      # DAGs    # Errors  Last Runtime    Last Run
-----------------------------------------  -----  ---------  --------  ----------  --------------  -------------------
/opt/airflow/dags/weather_pipeline_dag.py                           1           0  3.46s           2026-04-24T07:23:38
================================================================================
[2026-04-24T07:24:33.731+0000] {manager.py:879} INFO - 
================================================================================
DAG File Processing Stats

File Path                                  PID    Runtime      # DAGs    # Errors  Last Runtime    Last Run
-----------------------------------------  -----  ---------  --------  ----------  --------------  -------------------
/opt/airflow/dags/weather_pipeline_dag.py                           1           0  4.23s           2026-04-24T07:24:12
================================================================================
[2026-04-24T07:25:01.336+0000] {manager.py:879} INFO - 
================================================================================
DAG File Processing Stats

File Path                                  PID    Runtime      # DAGs    # Errors  Last Runtime    Last Run
-----------------------------------------  -----  ---------  --------  ----------  --------------  -------------------
/opt/airflow/dags/weather_pipeline_dag.py                           1           0  4.14s           2026-04-24T07:24:46
================================================================================
[2026-04-24T07:25:29.156+0000] {manager.py:879} INFO - 
================================================================================
DAG File Processing Stats

File Path                                  PID    Runtime      # DAGs    # Errors  Last Runtime    Last Run
-----------------------------------------  -----  ---------  --------  ----------  --------------  -------------------
/opt/airflow/dags/weather_pipeline_dag.py                           1           0  4.91s           2026-04-24T07:25:22
================================================================================
[2026-04-24T07:25:57.366+0000] {manager.py:879} INFO - 
================================================================================
DAG File Processing Stats

File Path                                    PID  Runtime      # DAGs    # Errors  Last Runtime    Last Run
-----------------------------------------  -----  ---------  --------  ----------  --------------  -------------------
/opt/airflow/dags/weather_pipeline_dag.py   3243  4.71s             1           0  4.91s           2026-04-24T07:25:22
================================================================================
[2026-04-24T07:26:24.899+0000] {manager.py:879} INFO - 
================================================================================
DAG File Processing Stats

File Path                                  PID    Runtime      # DAGs    # Errors  Last Runtime    Last Run
-----------------------------------------  -----  ---------  --------  ----------  --------------  -------------------
/opt/airflow/dags/weather_pipeline_dag.py                           1           0  5.89s           2026-04-24T07:25:58
================================================================================
[2026-04-24T07:26:52.903+0000] {manager.py:879} INFO - 
================================================================================
DAG File Processing Stats

File Path                                  PID    Runtime      # DAGs    # Errors  Last Runtime    Last Run
-----------------------------------------  -----  ---------  --------  ----------  --------------  -------------------
/opt/airflow/dags/weather_pipeline_dag.py                           1           0  2.41s           2026-04-24T07:26:31
================================================================================
[2026-04-24T07:27:20.578+0000] {manager.py:879} INFO - 
================================================================================
DAG File Processing Stats

File Path                                  PID    Runtime      # DAGs    # Errors  Last Runtime    Last Run
-----------------------------------------  -----  ---------  --------  ----------  --------------  -------------------
/opt/airflow/dags/weather_pipeline_dag.py                           1           0  3.74s           2026-04-24T07:27:06
================================================================================
[2026-04-24T07:27:48.527+0000] {manager.py:879} INFO - 
================================================================================
DAG File Processing Stats

File Path                                  PID    Runtime      # DAGs    # Errors  Last Runtime    Last Run
-----------------------------------------  -----  ---------  --------  ----------  --------------  -------------------
/opt/airflow/dags/weather_pipeline_dag.py                           1           0  2.17s           2026-04-24T07:27:39
================================================================================
[2026-04-24T07:28:16.709+0000] {manager.py:879} INFO - 
================================================================================
DAG File Processing Stats

File Path                                  PID    Runtime      # DAGs    # Errors  Last Runtime    Last Run
-----------------------------------------  -----  ---------  --------  ----------  --------------  -------------------
/opt/airflow/dags/weather_pipeline_dag.py                           1           0  2.23s           2026-04-24T07:28:12
================================================================================
[2026-04-24T07:28:37.152+0000] {manager.py:738} INFO - Searching for files in /opt/airflow/dags
[2026-04-24T07:28:37.327+0000] {manager.py:741} INFO - There are 1 files in /opt/airflow/dags
[2026-04-24T07:28:44.209+0000] {manager.py:879} INFO - 
================================================================================
DAG File Processing Stats

File Path                                    PID  Runtime      # DAGs    # Errors  Last Runtime    Last Run
-----------------------------------------  -----  ---------  --------  ----------  --------------  -------------------
/opt/airflow/dags/weather_pipeline_dag.py   3307  1.15s             1           0  2.23s           2026-04-24T07:28:12
================================================================================
[2026-04-24T07:29:12.010+0000] {manager.py:879} INFO - 
================================================================================
DAG File Processing Stats

File Path                                  PID    Runtime      # DAGs    # Errors  Last Runtime    Last Run
-----------------------------------------  -----  ---------  --------  ----------  --------------  -------------------
/opt/airflow/dags/weather_pipeline_dag.py                           1           0  2.30s           2026-04-24T07:28:45
================================================================================
[2026-04-24T07:29:39.586+0000] {manager.py:879} INFO - 
================================================================================
DAG File Processing Stats

File Path                                  PID    Runtime      # DAGs    # Errors  Last Runtime    Last Run
-----------------------------------------  -----  ---------  --------  ----------  --------------  -------------------
/opt/airflow/dags/weather_pipeline_dag.py                           1           0  0.05s           2026-04-24T07:29:15
================================================================================
[2026-04-24T07:30:06.965+0000] {manager.py:879} INFO - 
================================================================================
DAG File Processing Stats

File Path                                  PID    Runtime      # DAGs    # Errors  Last Runtime    Last Run
-----------------------------------------  -----  ---------  --------  ----------  --------------  -------------------
/opt/airflow/dags/weather_pipeline_dag.py                           1           0  2.20s           2026-04-24T07:29:48
================================================================================
[2026-04-24T07:30:35.018+0000] {manager.py:879} INFO - 
================================================================================
DAG File Processing Stats

File Path                                  PID    Runtime      # DAGs    # Errors  Last Runtime    Last Run
-----------------------------------------  -----  ---------  --------  ----------  --------------  -------------------
/opt/airflow/dags/weather_pipeline_dag.py                           1           0  1.94s           2026-04-24T07:30:20
================================================================================
[2026-04-24T07:31:02.630+0000] {manager.py:879} INFO - 
================================================================================
DAG File Processing Stats

File Path                                  PID    Runtime      # DAGs    # Errors  Last Runtime    Last Run
-----------------------------------------  -----  ---------  --------  ----------  --------------  -------------------
/opt/airflow/dags/weather_pipeline_dag.py                           1           0  2.95s           2026-04-24T07:30:54
================================================================================
[2026-04-24T07:31:30.690+0000] {manager.py:879} INFO - 
================================================================================
DAG File Processing Stats

File Path                                  PID    Runtime      # DAGs    # Errors  Last Runtime    Last Run
-----------------------------------------  -----  ---------  --------  ----------  --------------  -------------------
/opt/airflow/dags/weather_pipeline_dag.py                           1           0  2.01s           2026-04-24T07:31:26
================================================================================
[2026-04-24T07:31:58.569+0000] {manager.py:879} INFO - 
================================================================================
DAG File Processing Stats

File Path                                  PID    Runtime      # DAGs    # Errors  Last Runtime    Last Run
-----------------------------------------  -----  ---------  --------  ----------  --------------  -------------------
/opt/airflow/dags/weather_pipeline_dag.py                           1           0  1.93s           2026-04-24T07:31:58
================================================================================
[2026-04-24T07:32:26.561+0000] {manager.py:879} INFO - 
================================================================================
DAG File Processing Stats

File Path                                  PID    Runtime      # DAGs    # Errors  Last Runtime    Last Run
-----------------------------------------  -----  ---------  --------  ----------  --------------  -------------------
/opt/airflow/dags/weather_pipeline_dag.py                           1           0  1.93s           2026-04-24T07:31:58
================================================================================
[2026-04-24T07:32:54.103+0000] {manager.py:879} INFO - 
================================================================================
DAG File Processing Stats

File Path                                  PID    Runtime      # DAGs    # Errors  Last Runtime    Last Run
-----------------------------------------  -----  ---------  --------  ----------  --------------  -------------------
/opt/airflow/dags/weather_pipeline_dag.py                           1           0  1.98s           2026-04-24T07:32:31
================================================================================
[2026-04-24T07:33:21.606+0000] {manager.py:879} INFO - 
================================================================================
DAG File Processing Stats

File Path                                  PID    Runtime      # DAGs    # Errors  Last Runtime    Last Run
-----------------------------------------  -----  ---------  --------  ----------  --------------  -------------------
/opt/airflow/dags/weather_pipeline_dag.py                           1           0  2.06s           2026-04-24T07:33:03
================================================================================
[2026-04-24T07:33:37.446+0000] {manager.py:738} INFO - Searching for files in /opt/airflow/dags
[2026-04-24T07:33:37.623+0000] {manager.py:741} INFO - There are 1 files in /opt/airflow/dags
[2026-04-24T07:33:46.744+0000] {manager.py:879} INFO - 
================================================================================
DAG File Processing Stats

File Path                                  PID    Runtime      # DAGs    # Errors  Last Runtime    Last Run
-----------------------------------------  -----  ---------  --------  ----------  --------------  -------------------
/opt/airflow/dags/weather_pipeline_dag.py                           1           0  1.42s           2026-04-24T07:33:35
================================================================================
[2026-04-24T07:34:14.379+0000] {manager.py:879} INFO - 
================================================================================
DAG File Processing Stats

File Path                                  PID    Runtime      # DAGs    # Errors  Last Runtime    Last Run
-----------------------------------------  -----  ---------  --------  ----------  --------------  -------------------
/opt/airflow/dags/weather_pipeline_dag.py                           1           0  2.05s           2026-04-24T07:34:08
================================================================================
[2026-04-24T07:34:42.054+0000] {manager.py:879} INFO - 
================================================================================
DAG File Processing Stats

File Path                                  PID    Runtime      # DAGs    # Errors  Last Runtime    Last Run
-----------------------------------------  -----  ---------  --------  ----------  --------------  -------------------
/opt/airflow/dags/weather_pipeline_dag.py                           1           0  2.97s           2026-04-24T07:34:42
================================================================================
[2026-04-24T07:35:09.892+0000] {manager.py:879} INFO - 
================================================================================
DAG File Processing Stats

File Path                                  PID    Runtime      # DAGs    # Errors  Last Runtime    Last Run
-----------------------------------------  -----  ---------  --------  ----------  --------------  -------------------
/opt/airflow/dags/weather_pipeline_dag.py                           1           0  2.97s           2026-04-24T07:34:42
================================================================================
[2026-04-24T07:35:37.683+0000] {manager.py:879} INFO - 
================================================================================
DAG File Processing Stats

File Path                                  PID    Runtime      # DAGs    # Errors  Last Runtime    Last Run
-----------------------------------------  -----  ---------  --------  ----------  --------------  -------------------
/opt/airflow/dags/weather_pipeline_dag.py                           1           0  1.60s           2026-04-24T07:35:14
================================================================================
[2026-04-24T07:36:05.473+0000] {manager.py:879} INFO - 
================================================================================
DAG File Processing Stats

File Path                                  PID    Runtime      # DAGs    # Errors  Last Runtime    Last Run
-----------------------------------------  -----  ---------  --------  ----------  --------------  -------------------
/opt/airflow/dags/weather_pipeline_dag.py                           1           0  4.49s           2026-04-24T07:35:49
================================================================================
[2026-04-24T07:36:32.987+0000] {manager.py:879} INFO - 
================================================================================
DAG File Processing Stats

File Path                                  PID    Runtime      # DAGs    # Errors  Last Runtime    Last Run
-----------------------------------------  -----  ---------  --------  ----------  --------------  -------------------
/opt/airflow/dags/weather_pipeline_dag.py                           1           0  2.39s           2026-04-24T07:36:23
================================================================================
[2026-04-24T07:37:00.371+0000] {manager.py:879} INFO - 
================================================================================
DAG File Processing Stats

File Path                                  PID    Runtime      # DAGs    # Errors  Last Runtime    Last Run
-----------------------------------------  -----  ---------  --------  ----------  --------------  -------------------
/opt/airflow/dags/weather_pipeline_dag.py                           1           0  4.78s           2026-04-24T07:36:58
================================================================================
[2026-04-24T07:37:27.864+0000] {manager.py:879} INFO - 
================================================================================
DAG File Processing Stats

File Path                                  PID    Runtime      # DAGs    # Errors  Last Runtime    Last Run
-----------------------------------------  -----  ---------  --------  ----------  --------------  -------------------
/opt/airflow/dags/weather_pipeline_dag.py                           1           0  4.78s           2026-04-24T07:36:58
================================================================================
[2026-04-24T07:37:57.895+0000] {manager.py:879} INFO - 
================================================================================
DAG File Processing Stats

File Path                                  PID    Runtime      # DAGs    # Errors  Last Runtime    Last Run
-----------------------------------------  -----  ---------  --------  ----------  --------------  -------------------
/opt/airflow/dags/weather_pipeline_dag.py                           1           0  6.62s           2026-04-24T07:37:36
================================================================================
[2026-04-24T07:38:25.824+0000] {manager.py:879} INFO - 
================================================================================
DAG File Processing Stats

File Path                                  PID    Runtime      # DAGs    # Errors  Last Runtime    Last Run
-----------------------------------------  -----  ---------  --------  ----------  --------------  -------------------
/opt/airflow/dags/weather_pipeline_dag.py                           1           0  2.06s           2026-04-24T07:38:08
================================================================================
[2026-04-24T07:38:38.319+0000] {manager.py:738} INFO - Searching for files in /opt/airflow/dags
[2026-04-24T07:38:38.470+0000] {manager.py:741} INFO - There are 1 files in /opt/airflow/dags
[2026-04-24T07:38:56.285+0000] {manager.py:879} INFO - 
================================================================================
DAG File Processing Stats

File Path                                  PID    Runtime      # DAGs    # Errors  Last Runtime    Last Run
-----------------------------------------  -----  ---------  --------  ----------  --------------  -------------------
/opt/airflow/dags/weather_pipeline_dag.py                           1           0  1.50s           2026-04-24T07:38:40
================================================================================
[2026-04-24T07:39:26.489+0000] {manager.py:879} INFO - 
================================================================================
DAG File Processing Stats

File Path                                  PID    Runtime      # DAGs    # Errors  Last Runtime    Last Run
-----------------------------------------  -----  ---------  --------  ----------  --------------  -------------------
/opt/airflow/dags/weather_pipeline_dag.py                           1           0  2.41s           2026-04-24T07:39:13
================================================================================
[2026-04-24T07:39:56.659+0000] {manager.py:879} INFO - 
================================================================================
DAG File Processing Stats

File Path                                  PID    Runtime      # DAGs    # Errors  Last Runtime    Last Run
-----------------------------------------  -----  ---------  --------  ----------  --------------  -------------------
/opt/airflow/dags/weather_pipeline_dag.py                           1           0  1.45s           2026-04-24T07:39:45
================================================================================
[2026-04-24T07:40:26.963+0000] {manager.py:879} INFO - 
================================================================================
DAG File Processing Stats

File Path                                  PID    Runtime      # DAGs    # Errors  Last Runtime    Last Run
-----------------------------------------  -----  ---------  --------  ----------  --------------  -------------------
/opt/airflow/dags/weather_pipeline_dag.py                           1           0  3.29s           2026-04-24T07:40:19
================================================================================
[2026-04-24T07:40:57.210+0000] {manager.py:879} INFO - 
================================================================================
DAG File Processing Stats

File Path                                  PID    Runtime      # DAGs    # Errors  Last Runtime    Last Run
-----------------------------------------  -----  ---------  --------  ----------  --------------  -------------------
/opt/airflow/dags/weather_pipeline_dag.py                           1           0  3.05s           2026-04-24T07:40:53
================================================================================
[2026-04-24T08:01:26.773+0000] {manager.py:738} INFO - Searching for files in /opt/airflow/dags
[2026-04-24T08:01:32.854+0000] {manager.py:741} INFO - There are 1 files in /opt/airflow/dags
[2026-04-24T08:01:39.536+0000] {manager.py:879} INFO - 
================================================================================
DAG File Processing Stats

File Path                                  PID    Runtime      # DAGs    # Errors  Last Runtime    Last Run
-----------------------------------------  -----  ---------  --------  ----------  --------------  -------------------
/opt/airflow/dags/weather_pipeline_dag.py                           1           0  1.88s           2026-04-24T08:01:35
================================================================================
[2026-04-24T08:02:10.115+0000] {manager.py:879} INFO - 
================================================================================
DAG File Processing Stats

File Path                                  PID    Runtime      # DAGs    # Errors  Last Runtime    Last Run
-----------------------------------------  -----  ---------  --------  ----------  --------------  -------------------
/opt/airflow/dags/weather_pipeline_dag.py                           1           0  0.41s           2026-04-24T08:02:06
================================================================================
[2026-04-24T08:02:40.491+0000] {manager.py:879} INFO - 
================================================================================
DAG File Processing Stats

File Path                                  PID    Runtime      # DAGs    # Errors  Last Runtime    Last Run
-----------------------------------------  -----  ---------  --------  ----------  --------------  -------------------
/opt/airflow/dags/weather_pipeline_dag.py                           1           0  0.32s           2026-04-24T08:02:36
================================================================================
[2026-04-24T08:03:10.843+0000] {manager.py:879} INFO - 
================================================================================
DAG File Processing Stats

File Path                                  PID    Runtime      # DAGs    # Errors  Last Runtime    Last Run
-----------------------------------------  -----  ---------  --------  ----------  --------------  -------------------
/opt/airflow/dags/weather_pipeline_dag.py                           1           0  2.33s           2026-04-24T08:03:09
================================================================================
[2026-04-24T08:03:41.607+0000] {manager.py:879} INFO - 
================================================================================
DAG File Processing Stats

File Path                                    PID  Runtime      # DAGs    # Errors  Last Runtime    Last Run
-----------------------------------------  -----  ---------  --------  ----------  --------------  -------------------
/opt/airflow/dags/weather_pipeline_dag.py   3626  0.08s             1           0  2.33s           2026-04-24T08:03:09
================================================================================
[2026-04-24T08:04:12.150+0000] {manager.py:879} INFO - 
================================================================================
DAG File Processing Stats

File Path                                  PID    Runtime      # DAGs    # Errors  Last Runtime    Last Run
-----------------------------------------  -----  ---------  --------  ----------  --------------  -------------------
/opt/airflow/dags/weather_pipeline_dag.py                           1           0  9.27s           2026-04-24T08:03:50
================================================================================
[2026-04-24T08:04:42.933+0000] {manager.py:879} INFO - 
================================================================================
DAG File Processing Stats

File Path                                  PID    Runtime      # DAGs    # Errors  Last Runtime    Last Run
-----------------------------------------  -----  ---------  --------  ----------  --------------  -------------------
/opt/airflow/dags/weather_pipeline_dag.py                           1           0  4.03s           2026-04-24T08:04:24
================================================================================
[2026-04-24T08:05:13.480+0000] {manager.py:879} INFO - 
================================================================================
DAG File Processing Stats

File Path                                  PID    Runtime      # DAGs    # Errors  Last Runtime    Last Run
-----------------------------------------  -----  ---------  --------  ----------  --------------  -------------------
/opt/airflow/dags/weather_pipeline_dag.py                           1           0  1.28s           2026-04-24T08:04:56
================================================================================
[2026-04-24T08:05:43.662+0000] {manager.py:879} INFO - 
================================================================================
DAG File Processing Stats

File Path                                  PID    Runtime      # DAGs    # Errors  Last Runtime    Last Run
-----------------------------------------  -----  ---------  --------  ----------  --------------  -------------------
/opt/airflow/dags/weather_pipeline_dag.py                           1           0  4.70s           2026-04-24T08:05:32
================================================================================
[2026-04-24T08:06:13.880+0000] {manager.py:879} INFO - 
================================================================================
DAG File Processing Stats

File Path                                  PID    Runtime      # DAGs    # Errors  Last Runtime    Last Run
-----------------------------------------  -----  ---------  --------  ----------  --------------  -------------------
/opt/airflow/dags/weather_pipeline_dag.py                           1           0  8.15s           2026-04-24T08:06:11
================================================================================
[2026-04-24T08:06:27.297+0000] {manager.py:738} INFO - Searching for files in /opt/airflow/dags
[2026-04-24T08:06:28.096+0000] {manager.py:741} INFO - There are 1 files in /opt/airflow/dags
[2026-04-24T08:06:44.383+0000] {manager.py:879} INFO - 
================================================================================
DAG File Processing Stats

File Path                                    PID  Runtime      # DAGs    # Errors  Last Runtime    Last Run
-----------------------------------------  -----  ---------  --------  ----------  --------------  -------------------
/opt/airflow/dags/weather_pipeline_dag.py   3687  2.21s             1           0  8.15s           2026-04-24T08:06:11
================================================================================
[2026-04-24T08:07:14.475+0000] {manager.py:879} INFO - 
================================================================================
DAG File Processing Stats

File Path                                  PID    Runtime      # DAGs    # Errors  Last Runtime    Last Run
-----------------------------------------  -----  ---------  --------  ----------  --------------  -------------------
/opt/airflow/dags/weather_pipeline_dag.py                           1           0  2.87s           2026-04-24T08:06:45
================================================================================
[2026-04-24T08:07:44.988+0000] {manager.py:879} INFO - 
================================================================================
DAG File Processing Stats

File Path                                  PID    Runtime      # DAGs    # Errors  Last Runtime    Last Run
-----------------------------------------  -----  ---------  --------  ----------  --------------  -------------------
/opt/airflow/dags/weather_pipeline_dag.py                           1           0  2.44s           2026-04-24T08:07:17
================================================================================
[2026-04-24T08:08:15.071+0000] {manager.py:879} INFO - 
================================================================================
DAG File Processing Stats

File Path                                  PID    Runtime      # DAGs    # Errors  Last Runtime    Last Run
-----------------------------------------  -----  ---------  --------  ----------  --------------  -------------------
/opt/airflow/dags/weather_pipeline_dag.py                           1           0  8.03s           2026-04-24T08:08:02
================================================================================
[2026-04-24T08:08:45.253+0000] {manager.py:879} INFO - 
================================================================================
DAG File Processing Stats

File Path                                  PID    Runtime      # DAGs    # Errors  Last Runtime    Last Run
-----------------------------------------  -----  ---------  --------  ----------  --------------  -------------------
/opt/airflow/dags/weather_pipeline_dag.py                           1           0  3.62s           2026-04-24T08:08:36
================================================================================
[2026-04-24T08:09:15.337+0000] {manager.py:879} INFO - 
================================================================================
DAG File Processing Stats

File Path                                  PID    Runtime      # DAGs    # Errors  Last Runtime    Last Run
-----------------------------------------  -----  ---------  --------  ----------  --------------  -------------------
/opt/airflow/dags/weather_pipeline_dag.py                           1           0  2.70s           2026-04-24T08:09:08
================================================================================
[2026-04-24T08:09:45.463+0000] {manager.py:879} INFO - 
================================================================================
DAG File Processing Stats

File Path                                  PID    Runtime      # DAGs    # Errors  Last Runtime    Last Run
-----------------------------------------  -----  ---------  --------  ----------  --------------  -------------------
/opt/airflow/dags/weather_pipeline_dag.py                           1           0  5.69s           2026-04-24T08:09:45
================================================================================
[2026-04-24T08:10:16.198+0000] {manager.py:879} INFO - 
================================================================================
DAG File Processing Stats

File Path                                    PID  Runtime      # DAGs    # Errors  Last Runtime    Last Run
-----------------------------------------  -----  ---------  --------  ----------  --------------  -------------------
/opt/airflow/dags/weather_pipeline_dag.py   3759  0.06s             1           0  5.69s           2026-04-24T08:09:45
================================================================================
[2026-04-24T08:10:46.258+0000] {manager.py:879} INFO - 
================================================================================
DAG File Processing Stats

File Path                                  PID    Runtime      # DAGs    # Errors  Last Runtime    Last Run
-----------------------------------------  -----  ---------  --------  ----------  --------------  -------------------
/opt/airflow/dags/weather_pipeline_dag.py                           1           0  5.83s           2026-04-24T08:10:21
================================================================================
[2026-04-24T08:11:16.417+0000] {manager.py:879} INFO - 
================================================================================
DAG File Processing Stats

File Path                                  PID    Runtime      # DAGs    # Errors  Last Runtime    Last Run
-----------------------------------------  -----  ---------  --------  ----------  --------------  -------------------
/opt/airflow/dags/weather_pipeline_dag.py                           1           0  3.97s           2026-04-24T08:10:58
================================================================================
[2026-04-24T08:11:28.181+0000] {manager.py:738} INFO - Searching for files in /opt/airflow/dags
[2026-04-24T08:11:33.554+0000] {manager.py:741} INFO - There are 1 files in /opt/airflow/dags
[2026-04-24T08:11:46.964+0000] {manager.py:879} INFO - 
================================================================================
DAG File Processing Stats

File Path                                  PID    Runtime      # DAGs    # Errors  Last Runtime    Last Run
-----------------------------------------  -----  ---------  --------  ----------  --------------  -------------------
/opt/airflow/dags/weather_pipeline_dag.py                           1           0  4.60s           2026-04-24T08:11:39
================================================================================
[2026-04-24T08:12:17.842+0000] {manager.py:879} INFO - 
================================================================================
DAG File Processing Stats

File Path                                  PID    Runtime      # DAGs    # Errors  Last Runtime    Last Run
-----------------------------------------  -----  ---------  --------  ----------  --------------  -------------------
/opt/airflow/dags/weather_pipeline_dag.py                           1           0  3.55s           2026-04-24T08:12:13
================================================================================
[2026-04-24T08:12:48.480+0000] {manager.py:879} INFO - 
================================================================================
DAG File Processing Stats

File Path                                  PID    Runtime      # DAGs    # Errors  Last Runtime    Last Run
-----------------------------------------  -----  ---------  --------  ----------  --------------  -------------------
/opt/airflow/dags/weather_pipeline_dag.py                           1           0  3.14s           2026-04-24T08:12:47
================================================================================
[2026-04-24T08:13:18.921+0000] {manager.py:879} INFO - 
================================================================================
DAG File Processing Stats

File Path                                    PID  Runtime      # DAGs    # Errors  Last Runtime    Last Run
-----------------------------------------  -----  ---------  --------  ----------  --------------  -------------------
/opt/airflow/dags/weather_pipeline_dag.py   3814  1.17s             1           0  3.14s           2026-04-24T08:12:47
================================================================================
[2026-04-24T08:13:49.358+0000] {manager.py:879} INFO - 
================================================================================
DAG File Processing Stats

File Path                                  PID    Runtime      # DAGs    # Errors  Last Runtime    Last Run
-----------------------------------------  -----  ---------  --------  ----------  --------------  -------------------
/opt/airflow/dags/weather_pipeline_dag.py                           1           0  2.76s           2026-04-24T08:13:20
================================================================================
[2026-04-24T08:14:19.881+0000] {manager.py:879} INFO - 
================================================================================
DAG File Processing Stats

File Path                                  PID    Runtime      # DAGs    # Errors  Last Runtime    Last Run
-----------------------------------------  -----  ---------  --------  ----------  --------------  -------------------
/opt/airflow/dags/weather_pipeline_dag.py                           1           0  3.82s           2026-04-24T08:13:54
================================================================================
[2026-04-24T08:14:49.997+0000] {manager.py:879} INFO - 
================================================================================
DAG File Processing Stats

File Path                                  PID    Runtime      # DAGs    # Errors  Last Runtime    Last Run
-----------------------------------------  -----  ---------  --------  ----------  --------------  -------------------
/opt/airflow/dags/weather_pipeline_dag.py                           1           0  1.00s           2026-04-24T08:14:26
================================================================================
[2026-04-24T08:15:20.299+0000] {manager.py:879} INFO - 
================================================================================
DAG File Processing Stats

File Path                                  PID    Runtime      # DAGs    # Errors  Last Runtime    Last Run
-----------------------------------------  -----  ---------  --------  ----------  --------------  -------------------
/opt/airflow/dags/weather_pipeline_dag.py                           1           0  0.83s           2026-04-24T08:14:58
================================================================================
[2026-04-24T08:15:50.343+0000] {manager.py:879} INFO - 
================================================================================
DAG File Processing Stats

File Path                                  PID    Runtime      # DAGs    # Errors  Last Runtime    Last Run
-----------------------------------------  -----  ---------  --------  ----------  --------------  -------------------
/opt/airflow/dags/weather_pipeline_dag.py                           1           0  2.15s           2026-04-24T08:15:31
================================================================================
[2026-04-24T08:16:20.475+0000] {manager.py:879} INFO - 
================================================================================
DAG File Processing Stats

File Path                                  PID    Runtime      # DAGs    # Errors  Last Runtime    Last Run
-----------------------------------------  -----  ---------  --------  ----------  --------------  -------------------
/opt/airflow/dags/weather_pipeline_dag.py                           1           0  1.37s           2026-04-24T08:16:03
================================================================================
[2026-04-24T08:16:28.845+0000] {manager.py:738} INFO - Searching for files in /opt/airflow/dags
[2026-04-24T08:16:29.307+0000] {manager.py:741} INFO - There are 1 files in /opt/airflow/dags
[2026-04-24T08:16:50.518+0000] {manager.py:879} INFO - 
================================================================================
DAG File Processing Stats

File Path                                  PID    Runtime      # DAGs    # Errors  Last Runtime    Last Run
-----------------------------------------  -----  ---------  --------  ----------  --------------  -------------------
/opt/airflow/dags/weather_pipeline_dag.py                           1           0  1.17s           2026-04-24T08:16:34
================================================================================
[2026-04-24T08:17:21.080+0000] {manager.py:879} INFO - 
================================================================================
DAG File Processing Stats

File Path                                  PID    Runtime      # DAGs    # Errors  Last Runtime    Last Run
-----------------------------------------  -----  ---------  --------  ----------  --------------  -------------------
/opt/airflow/dags/weather_pipeline_dag.py                           1           0  1.45s           2026-04-24T08:17:06
================================================================================
[2026-04-24T08:17:51.793+0000] {manager.py:879} INFO - 
================================================================================
DAG File Processing Stats

File Path                                  PID    Runtime      # DAGs    # Errors  Last Runtime    Last Run
-----------------------------------------  -----  ---------  --------  ----------  --------------  -------------------
/opt/airflow/dags/weather_pipeline_dag.py                           1           0  1.20s           2026-04-24T08:17:38
================================================================================
[2026-04-24T08:18:22.090+0000] {manager.py:879} INFO - 
================================================================================
DAG File Processing Stats

File Path                                  PID    Runtime      # DAGs    # Errors  Last Runtime    Last Run
-----------------------------------------  -----  ---------  --------  ----------  --------------  -------------------
/opt/airflow/dags/weather_pipeline_dag.py                           1           0  1.85s           2026-04-24T08:18:10
================================================================================
[2026-04-24T08:18:52.887+0000] {manager.py:879} INFO - 
================================================================================
DAG File Processing Stats

File Path                                  PID    Runtime      # DAGs    # Errors  Last Runtime    Last Run
-----------------------------------------  -----  ---------  --------  ----------  --------------  -------------------
/opt/airflow/dags/weather_pipeline_dag.py                           1           0  2.62s           2026-04-24T08:18:43
================================================================================
[2026-04-24T08:19:23.197+0000] {manager.py:879} INFO - 
================================================================================
DAG File Processing Stats

File Path                                  PID    Runtime      # DAGs    # Errors  Last Runtime    Last Run
-----------------------------------------  -----  ---------  --------  ----------  --------------  -------------------
/opt/airflow/dags/weather_pipeline_dag.py                           1           0  2.35s           2026-04-24T08:19:16
================================================================================
[2026-04-24T08:19:53.332+0000] {manager.py:879} INFO - 
================================================================================
DAG File Processing Stats

File Path                                  PID    Runtime      # DAGs    # Errors  Last Runtime    Last Run
-----------------------------------------  -----  ---------  --------  ----------  --------------  -------------------
/opt/airflow/dags/weather_pipeline_dag.py                           1           0  1.35s           2026-04-24T08:19:48
================================================================================
[2026-04-24T08:20:23.389+0000] {manager.py:879} INFO - 
================================================================================
DAG File Processing Stats

File Path                                  PID    Runtime      # DAGs    # Errors  Last Runtime    Last Run
-----------------------------------------  -----  ---------  --------  ----------  --------------  -------------------
/opt/airflow/dags/weather_pipeline_dag.py                           1           0  1.86s           2026-04-24T08:20:20
================================================================================
[2026-04-24T08:20:54.004+0000] {manager.py:879} INFO - 
================================================================================
DAG File Processing Stats

File Path                                  PID    Runtime      # DAGs    # Errors  Last Runtime    Last Run
-----------------------------------------  -----  ---------  --------  ----------  --------------  -------------------
/opt/airflow/dags/weather_pipeline_dag.py                           1           0  2.99s           2026-04-24T08:20:53
================================================================================
[2026-04-24T08:21:25.695+0000] {manager.py:879} INFO - 
================================================================================
DAG File Processing Stats

File Path                                    PID  Runtime      # DAGs    # Errors  Last Runtime    Last Run
-----------------------------------------  -----  ---------  --------  ----------  --------------  -------------------
/opt/airflow/dags/weather_pipeline_dag.py   3983  0.06s             1           0  2.99s           2026-04-24T08:20:53
================================================================================
[2026-04-24T08:21:29.192+0000] {manager.py:738} INFO - Searching for files in /opt/airflow/dags
[2026-04-24T08:21:29.400+0000] {manager.py:741} INFO - There are 1 files in /opt/airflow/dags
[2026-04-24T08:21:56.007+0000] {manager.py:879} INFO - 
================================================================================
DAG File Processing Stats

File Path                                  PID    Runtime      # DAGs    # Errors  Last Runtime    Last Run
-----------------------------------------  -----  ---------  --------  ----------  --------------  -------------------
/opt/airflow/dags/weather_pipeline_dag.py                           1           0  4.90s           2026-04-24T08:21:30
================================================================================
[2026-04-24T08:22:26.460+0000] {manager.py:879} INFO - 
================================================================================
DAG File Processing Stats

File Path                                  PID    Runtime      # DAGs    # Errors  Last Runtime    Last Run
-----------------------------------------  -----  ---------  --------  ----------  --------------  -------------------
/opt/airflow/dags/weather_pipeline_dag.py                           1           0  4.51s           2026-04-24T08:22:05
================================================================================
[2026-04-24T08:22:56.747+0000] {manager.py:879} INFO - 
================================================================================
DAG File Processing Stats

File Path                                  PID    Runtime      # DAGs    # Errors  Last Runtime    Last Run
-----------------------------------------  -----  ---------  --------  ----------  --------------  -------------------
/opt/airflow/dags/weather_pipeline_dag.py                           1           0  1.11s           2026-04-24T08:22:36
================================================================================
[2026-04-24T08:23:26.742+0000] {manager.py:879} INFO - 
================================================================================
DAG File Processing Stats

File Path                                  PID    Runtime      # DAGs    # Errors  Last Runtime    Last Run
-----------------------------------------  -----  ---------  --------  ----------  --------------  -------------------
/opt/airflow/dags/weather_pipeline_dag.py                           1           0  0.94s           2026-04-24T08:23:08
================================================================================
[2026-04-24T08:23:57.174+0000] {manager.py:879} INFO - 
================================================================================
DAG File Processing Stats

File Path                                  PID    Runtime      # DAGs    # Errors  Last Runtime    Last Run
-----------------------------------------  -----  ---------  --------  ----------  --------------  -------------------
/opt/airflow/dags/weather_pipeline_dag.py                           1           0  1.10s           2026-04-24T08:23:39
================================================================================
[2026-04-24T08:24:27.926+0000] {manager.py:879} INFO - 
================================================================================
DAG File Processing Stats

File Path                                  PID    Runtime      # DAGs    # Errors  Last Runtime    Last Run
-----------------------------------------  -----  ---------  --------  ----------  --------------  -------------------
/opt/airflow/dags/weather_pipeline_dag.py                           1           0  11.85s          2026-04-24T08:24:24
================================================================================
[2026-04-24T08:24:58.377+0000] {manager.py:879} INFO - 
================================================================================
DAG File Processing Stats

File Path                                    PID  Runtime      # DAGs    # Errors  Last Runtime    Last Run
-----------------------------------------  -----  ---------  --------  ----------  --------------  -------------------
/opt/airflow/dags/weather_pipeline_dag.py   4056  1.84s             1           0  11.85s          2026-04-24T08:24:24
================================================================================
[2026-04-24T08:25:28.557+0000] {manager.py:879} INFO - 
================================================================================
DAG File Processing Stats

File Path                                  PID    Runtime      # DAGs    # Errors  Last Runtime    Last Run
-----------------------------------------  -----  ---------  --------  ----------  --------------  -------------------
/opt/airflow/dags/weather_pipeline_dag.py                           1           0  9.24s           2026-04-24T08:25:05
================================================================================
[2026-04-24T08:25:59.321+0000] {manager.py:879} INFO - 
================================================================================
DAG File Processing Stats

File Path                                  PID    Runtime      # DAGs    # Errors  Last Runtime    Last Run
-----------------------------------------  -----  ---------  --------  ----------  --------------  -------------------
/opt/airflow/dags/weather_pipeline_dag.py                           1           0  2.81s           2026-04-24T08:25:39
================================================================================
[2026-04-24T08:26:30.082+0000] {manager.py:738} INFO - Searching for files in /opt/airflow/dags
[2026-04-24T08:26:32.459+0000] {manager.py:741} INFO - There are 1 files in /opt/airflow/dags
[2026-04-24T08:26:32.785+0000] {manager.py:879} INFO - 
================================================================================
DAG File Processing Stats

File Path                                  PID    Runtime      # DAGs    # Errors  Last Runtime    Last Run
-----------------------------------------  -----  ---------  --------  ----------  --------------  -------------------
/opt/airflow/dags/weather_pipeline_dag.py                           1           0  4.75s           2026-04-24T08:26:14
================================================================================
[2026-04-24T08:27:03.560+0000] {manager.py:879} INFO - 
================================================================================
DAG File Processing Stats

File Path                                  PID    Runtime      # DAGs    # Errors  Last Runtime    Last Run
-----------------------------------------  -----  ---------  --------  ----------  --------------  -------------------
/opt/airflow/dags/weather_pipeline_dag.py                           1           0  5.05s           2026-04-24T08:26:50
================================================================================
[2026-04-24T08:27:33.591+0000] {manager.py:879} INFO - 
================================================================================
DAG File Processing Stats

File Path                                  PID    Runtime      # DAGs    # Errors  Last Runtime    Last Run
-----------------------------------------  -----  ---------  --------  ----------  --------------  -------------------
/opt/airflow/dags/weather_pipeline_dag.py                           1           0  3.23s           2026-04-24T08:27:24
================================================================================
[2026-04-24T08:28:04.366+0000] {manager.py:879} INFO - 
================================================================================
DAG File Processing Stats

File Path                                  PID    Runtime      # DAGs    # Errors  Last Runtime    Last Run
-----------------------------------------  -----  ---------  --------  ----------  --------------  -------------------
/opt/airflow/dags/weather_pipeline_dag.py                           1           0  4.47s           2026-04-24T08:27:59
================================================================================
[2026-04-24T08:28:34.868+0000] {manager.py:879} INFO - 
================================================================================
DAG File Processing Stats

File Path                                  PID    Runtime      # DAGs    # Errors  Last Runtime    Last Run
-----------------------------------------  -----  ---------  --------  ----------  --------------  -------------------
/opt/airflow/dags/weather_pipeline_dag.py                           1           0  2.42s           2026-04-24T08:28:31
================================================================================
[2026-04-24T08:29:05.332+0000] {manager.py:879} INFO - 
================================================================================
DAG File Processing Stats

File Path                                    PID  Runtime      # DAGs    # Errors  Last Runtime    Last Run
-----------------------------------------  -----  ---------  --------  ----------  --------------  -------------------
/opt/airflow/dags/weather_pipeline_dag.py   4138  2.64s             1           0  2.42s           2026-04-24T08:28:31
================================================================================
[2026-04-24T08:29:35.516+0000] {manager.py:879} INFO - 
================================================================================
DAG File Processing Stats

File Path                                  PID    Runtime      # DAGs    # Errors  Last Runtime    Last Run
-----------------------------------------  -----  ---------  --------  ----------  --------------  -------------------
/opt/airflow/dags/weather_pipeline_dag.py                           1           0  3.52s           2026-04-24T08:29:06
================================================================================
[2026-04-24T08:30:05.966+0000] {manager.py:879} INFO - 
================================================================================
DAG File Processing Stats

File Path                                  PID    Runtime      # DAGs    # Errors  Last Runtime    Last Run
-----------------------------------------  -----  ---------  --------  ----------  --------------  -------------------
/opt/airflow/dags/weather_pipeline_dag.py                           1           0  3.73s           2026-04-24T08:29:40
================================================================================
[2026-04-24T08:30:36.037+0000] {manager.py:879} INFO - 
================================================================================
DAG File Processing Stats

File Path                                  PID    Runtime      # DAGs    # Errors  Last Runtime    Last Run
-----------------------------------------  -----  ---------  --------  ----------  --------------  -------------------
/opt/airflow/dags/weather_pipeline_dag.py                           1           0  3.20s           2026-04-24T08:30:13
================================================================================
[2026-04-24T08:31:06.811+0000] {manager.py:879} INFO - 
================================================================================
DAG File Processing Stats

File Path                                  PID    Runtime      # DAGs    # Errors  Last Runtime    Last Run
-----------------------------------------  -----  ---------  --------  ----------  --------------  -------------------
/opt/airflow/dags/weather_pipeline_dag.py                           1           0  2.30s           2026-04-24T08:30:46
================================================================================
[2026-04-24T08:31:30.980+0000] {manager.py:738} INFO - Searching for files in /opt/airflow/dags
[2026-04-24T08:31:31.190+0000] {manager.py:741} INFO - There are 1 files in /opt/airflow/dags
[2026-04-24T08:31:37.536+0000] {manager.py:879} INFO - 
================================================================================
DAG File Processing Stats

File Path                                  PID    Runtime      # DAGs    # Errors  Last Runtime    Last Run
-----------------------------------------  -----  ---------  --------  ----------  --------------  -------------------
/opt/airflow/dags/weather_pipeline_dag.py                           1           0  2.09s           2026-04-24T08:31:19
================================================================================
[2026-04-24T08:32:07.910+0000] {manager.py:879} INFO - 
================================================================================
DAG File Processing Stats

File Path                                  PID    Runtime      # DAGs    # Errors  Last Runtime    Last Run
-----------------------------------------  -----  ---------  --------  ----------  --------------  -------------------
/opt/airflow/dags/weather_pipeline_dag.py                           1           0  2.76s           2026-04-24T08:31:53
================================================================================
[2026-04-24T08:32:38.367+0000] {manager.py:879} INFO - 
================================================================================
DAG File Processing Stats

File Path                                  PID    Runtime      # DAGs    # Errors  Last Runtime    Last Run
-----------------------------------------  -----  ---------  --------  ----------  --------------  -------------------
/opt/airflow/dags/weather_pipeline_dag.py                           1           0  3.04s           2026-04-24T08:32:26
================================================================================
[2026-04-24T08:33:08.623+0000] {manager.py:879} INFO - 
================================================================================
DAG File Processing Stats

File Path                                  PID    Runtime      # DAGs    # Errors  Last Runtime    Last Run
-----------------------------------------  -----  ---------  --------  ----------  --------------  -------------------
/opt/airflow/dags/weather_pipeline_dag.py                           1           0  1.53s           2026-04-24T08:32:58
================================================================================
[2026-04-24T08:33:39.041+0000] {manager.py:879} INFO - 
================================================================================
DAG File Processing Stats

File Path                                  PID    Runtime      # DAGs    # Errors  Last Runtime    Last Run
-----------------------------------------  -----  ---------  --------  ----------  --------------  -------------------
/opt/airflow/dags/weather_pipeline_dag.py                           1           0  1.66s           2026-04-24T08:33:30
================================================================================
[2026-04-24T08:34:09.535+0000] {manager.py:879} INFO - 
================================================================================
DAG File Processing Stats

File Path                                  PID    Runtime      # DAGs    # Errors  Last Runtime    Last Run
-----------------------------------------  -----  ---------  --------  ----------  --------------  -------------------
/opt/airflow/dags/weather_pipeline_dag.py                           1           0  1.48s           2026-04-24T08:34:02
================================================================================
[2026-04-24T08:34:38.065+0000] {manager.py:879} INFO - 
================================================================================
DAG File Processing Stats

File Path                                  PID    Runtime      # DAGs    # Errors  Last Runtime    Last Run
-----------------------------------------  -----  ---------  --------  ----------  --------------  -------------------
/opt/airflow/dags/weather_pipeline_dag.py                           1           0  1.21s           2026-04-24T08:34:34
================================================================================
[2026-04-24T08:35:08.858+0000] {manager.py:879} INFO - 
================================================================================
DAG File Processing Stats

File Path                                  PID    Runtime      # DAGs    # Errors  Last Runtime    Last Run
-----------------------------------------  -----  ---------  --------  ----------  --------------  -------------------
/opt/airflow/dags/weather_pipeline_dag.py                           1           0  1.56s           2026-04-24T08:35:05
================================================================================
[2026-04-24T08:35:37.114+0000] {manager.py:879} INFO - 
================================================================================
DAG File Processing Stats

File Path                                    PID  Runtime      # DAGs    # Errors  Last Runtime    Last Run
-----------------------------------------  -----  ---------  --------  ----------  --------------  -------------------
/opt/airflow/dags/weather_pipeline_dag.py   4274  1.10s             1           0  1.56s           2026-04-24T08:35:05
================================================================================
[2026-04-24T08:36:07.476+0000] {manager.py:879} INFO - 
================================================================================
DAG File Processing Stats

File Path                                  PID    Runtime      # DAGs    # Errors  Last Runtime    Last Run
-----------------------------------------  -----  ---------  --------  ----------  --------------  -------------------
/opt/airflow/dags/weather_pipeline_dag.py                           1           0  2.48s           2026-04-24T08:35:38
================================================================================
[2026-04-24T08:36:31.482+0000] {manager.py:738} INFO - Searching for files in /opt/airflow/dags
[2026-04-24T08:36:31.751+0000] {manager.py:741} INFO - There are 1 files in /opt/airflow/dags
[2026-04-24T08:36:37.169+0000] {manager.py:879} INFO - 
================================================================================
DAG File Processing Stats

File Path                                  PID    Runtime      # DAGs    # Errors  Last Runtime    Last Run
-----------------------------------------  -----  ---------  --------  ----------  --------------  -------------------
/opt/airflow/dags/weather_pipeline_dag.py                           1           0  1.85s           2026-04-24T08:36:10
================================================================================
[2026-04-24T08:37:05.387+0000] {manager.py:879} INFO - 
================================================================================
DAG File Processing Stats

File Path                                  PID    Runtime      # DAGs    # Errors  Last Runtime    Last Run
-----------------------------------------  -----  ---------  --------  ----------  --------------  -------------------
/opt/airflow/dags/weather_pipeline_dag.py                           1           0  3.08s           2026-04-24T08:36:44
================================================================================
[2026-04-24T08:37:33.514+0000] {manager.py:879} INFO - 
================================================================================
DAG File Processing Stats

File Path                                  PID    Runtime      # DAGs    # Errors  Last Runtime    Last Run
-----------------------------------------  -----  ---------  --------  ----------  --------------  -------------------
/opt/airflow/dags/weather_pipeline_dag.py                           1           0  2.32s           2026-04-24T08:37:17
================================================================================
[2026-04-24T08:38:02.047+0000] {manager.py:879} INFO - 
================================================================================
DAG File Processing Stats

File Path                                  PID    Runtime      # DAGs    # Errors  Last Runtime    Last Run
-----------------------------------------  -----  ---------  --------  ----------  --------------  -------------------
/opt/airflow/dags/weather_pipeline_dag.py                           1           0  2.47s           2026-04-24T08:37:49
================================================================================
[2026-04-24T08:38:28.432+0000] {manager.py:879} INFO - 
================================================================================
DAG File Processing Stats

File Path                                  PID    Runtime      # DAGs    # Errors  Last Runtime    Last Run
-----------------------------------------  -----  ---------  --------  ----------  --------------  -------------------
/opt/airflow/dags/weather_pipeline_dag.py                           1           0  3.17s           2026-04-24T08:38:23
================================================================================
[2026-04-24T08:38:56.281+0000] {manager.py:879} INFO - 
================================================================================
DAG File Processing Stats

File Path                                  PID    Runtime      # DAGs    # Errors  Last Runtime    Last Run
-----------------------------------------  -----  ---------  --------  ----------  --------------  -------------------
/opt/airflow/dags/weather_pipeline_dag.py                           1           0  3.50s           2026-04-24T08:38:57
================================================================================
[2026-04-24T08:39:24.759+0000] {manager.py:879} INFO - 
================================================================================
DAG File Processing Stats

File Path                                  PID    Runtime      # DAGs    # Errors  Last Runtime    Last Run
-----------------------------------------  -----  ---------  --------  ----------  --------------  -------------------
/opt/airflow/dags/weather_pipeline_dag.py                           1           0  3.50s           2026-04-24T08:38:57
================================================================================
[2026-04-24T08:39:53.194+0000] {manager.py:879} INFO - 
================================================================================
DAG File Processing Stats

File Path                                  PID    Runtime      # DAGs    # Errors  Last Runtime    Last Run
-----------------------------------------  -----  ---------  --------  ----------  --------------  -------------------
/opt/airflow/dags/weather_pipeline_dag.py                           1           0  1.35s           2026-04-24T08:39:29
================================================================================
[2026-04-24T08:40:21.257+0000] {manager.py:879} INFO - 
================================================================================
DAG File Processing Stats

File Path                                  PID    Runtime      # DAGs    # Errors  Last Runtime    Last Run
-----------------------------------------  -----  ---------  --------  ----------  --------------  -------------------
/opt/airflow/dags/weather_pipeline_dag.py                           1           0  1.92s           2026-04-24T08:40:01
================================================================================
[2026-04-24T08:40:49.441+0000] {manager.py:879} INFO - 
================================================================================
DAG File Processing Stats

File Path                                  PID    Runtime      # DAGs    # Errors  Last Runtime    Last Run
-----------------------------------------  -----  ---------  --------  ----------  --------------  -------------------
/opt/airflow/dags/weather_pipeline_dag.py                           1           0  2.17s           2026-04-24T08:40:34
================================================================================
[2026-04-24T08:41:17.974+0000] {manager.py:879} INFO - 
================================================================================
DAG File Processing Stats

File Path                                  PID    Runtime      # DAGs    # Errors  Last Runtime    Last Run
-----------------------------------------  -----  ---------  --------  ----------  --------------  -------------------
/opt/airflow/dags/weather_pipeline_dag.py                           1           0  1.17s           2026-04-24T08:41:06
================================================================================
[2026-04-24T08:41:32.395+0000] {manager.py:738} INFO - Searching for files in /opt/airflow/dags
[2026-04-24T08:41:32.514+0000] {manager.py:741} INFO - There are 1 files in /opt/airflow/dags
[2026-04-24T08:41:45.820+0000] {manager.py:879} INFO - 
================================================================================
DAG File Processing Stats

File Path                                  PID    Runtime      # DAGs    # Errors  Last Runtime    Last Run
-----------------------------------------  -----  ---------  --------  ----------  --------------  -------------------
/opt/airflow/dags/weather_pipeline_dag.py                           1           0  1.68s           2026-04-24T08:41:38
================================================================================
[2026-04-24T08:42:13.954+0000] {manager.py:879} INFO - 
================================================================================
DAG File Processing Stats

File Path                                  PID    Runtime      # DAGs    # Errors  Last Runtime    Last Run
-----------------------------------------  -----  ---------  --------  ----------  --------------  -------------------
/opt/airflow/dags/weather_pipeline_dag.py                           1           0  1.22s           2026-04-24T08:42:10
================================================================================
[2026-04-24T08:42:41.821+0000] {manager.py:879} INFO - 
================================================================================
DAG File Processing Stats

File Path                                  PID    Runtime      # DAGs    # Errors  Last Runtime    Last Run
-----------------------------------------  -----  ---------  --------  ----------  --------------  -------------------
/opt/airflow/dags/weather_pipeline_dag.py                           1           0  0.75s           2026-04-24T08:42:41
================================================================================
[2026-04-24T08:43:10.120+0000] {manager.py:879} INFO - 
================================================================================
DAG File Processing Stats

File Path                                  PID    Runtime      # DAGs    # Errors  Last Runtime    Last Run
-----------------------------------------  -----  ---------  --------  ----------  --------------  -------------------
/opt/airflow/dags/weather_pipeline_dag.py                           1           0  0.75s           2026-04-24T08:42:41
================================================================================
[2026-04-24T08:43:38.023+0000] {manager.py:879} INFO - 
================================================================================
DAG File Processing Stats

File Path                                  PID    Runtime      # DAGs    # Errors  Last Runtime    Last Run
-----------------------------------------  -----  ---------  --------  ----------  --------------  -------------------
/opt/airflow/dags/weather_pipeline_dag.py                           1           0  3.46s           2026-04-24T08:43:14
================================================================================
[2026-04-24T08:44:06.268+0000] {manager.py:879} INFO - 
================================================================================
DAG File Processing Stats

File Path                                  PID    Runtime      # DAGs    # Errors  Last Runtime    Last Run
-----------------------------------------  -----  ---------  --------  ----------  --------------  -------------------
/opt/airflow/dags/weather_pipeline_dag.py                           1           0  5.76s           2026-04-24T08:43:51
================================================================================
[2026-04-24T08:44:34.064+0000] {manager.py:879} INFO - 
================================================================================
DAG File Processing Stats

File Path                                  PID    Runtime      # DAGs    # Errors  Last Runtime    Last Run
-----------------------------------------  -----  ---------  --------  ----------  --------------  -------------------
/opt/airflow/dags/weather_pipeline_dag.py                           1           0  2.60s           2026-04-24T08:44:24
================================================================================
[2026-04-24T08:45:02.419+0000] {manager.py:879} INFO - 
================================================================================
DAG File Processing Stats

File Path                                  PID    Runtime      # DAGs    # Errors  Last Runtime    Last Run
-----------------------------------------  -----  ---------  --------  ----------  --------------  -------------------
/opt/airflow/dags/weather_pipeline_dag.py                           1           0  1.69s           2026-04-24T08:44:56
================================================================================
[2026-04-24T08:45:30.272+0000] {manager.py:879} INFO - 
================================================================================
DAG File Processing Stats

File Path                                  PID    Runtime      # DAGs    # Errors  Last Runtime    Last Run
-----------------------------------------  -----  ---------  --------  ----------  --------------  -------------------
/opt/airflow/dags/weather_pipeline_dag.py                           1           0  0.59s           2026-04-24T08:45:27
================================================================================
[2026-04-24T08:45:58.105+0000] {manager.py:879} INFO - 
================================================================================
DAG File Processing Stats

File Path                                    PID  Runtime      # DAGs    # Errors  Last Runtime    Last Run
-----------------------------------------  -----  ---------  --------  ----------  --------------  -------------------
/opt/airflow/dags/weather_pipeline_dag.py   4493  0.05s             1           0  0.59s           2026-04-24T08:45:27
================================================================================
[2026-04-24T08:46:26.228+0000] {manager.py:879} INFO - 
================================================================================
DAG File Processing Stats

File Path                                  PID    Runtime      # DAGs    # Errors  Last Runtime    Last Run
-----------------------------------------  -----  ---------  --------  ----------  --------------  -------------------
/opt/airflow/dags/weather_pipeline_dag.py                           1           0  2.88s           2026-04-24T08:46:00
================================================================================
[2026-04-24T08:46:32.501+0000] {manager.py:738} INFO - Searching for files in /opt/airflow/dags
[2026-04-24T08:46:32.694+0000] {manager.py:741} INFO - There are 1 files in /opt/airflow/dags
[2026-04-24T08:46:54.529+0000] {manager.py:879} INFO - 
================================================================================
DAG File Processing Stats

File Path                                  PID    Runtime      # DAGs    # Errors  Last Runtime    Last Run
-----------------------------------------  -----  ---------  --------  ----------  --------------  -------------------
/opt/airflow/dags/weather_pipeline_dag.py                           1           0  1.45s           2026-04-24T08:46:32
================================================================================
[2026-04-24T08:47:22.976+0000] {manager.py:879} INFO - 
================================================================================
DAG File Processing Stats

File Path                                  PID    Runtime      # DAGs    # Errors  Last Runtime    Last Run
-----------------------------------------  -----  ---------  --------  ----------  --------------  -------------------
/opt/airflow/dags/weather_pipeline_dag.py                           1           0  1.57s           2026-04-24T08:47:04
================================================================================
[2026-04-24T08:47:51.305+0000] {manager.py:879} INFO - 
================================================================================
DAG File Processing Stats

File Path                                  PID    Runtime      # DAGs    # Errors  Last Runtime    Last Run
-----------------------------------------  -----  ---------  --------  ----------  --------------  -------------------
/opt/airflow/dags/weather_pipeline_dag.py                           1           0  1.28s           2026-04-24T08:47:36
================================================================================
[2026-04-24T08:48:19.309+0000] {manager.py:879} INFO - 
================================================================================
DAG File Processing Stats

File Path                                  PID    Runtime      # DAGs    # Errors  Last Runtime    Last Run
-----------------------------------------  -----  ---------  --------  ----------  --------------  -------------------
/opt/airflow/dags/weather_pipeline_dag.py                           1           0  1.97s           2026-04-24T08:48:08
================================================================================
[2026-04-24T08:48:47.211+0000] {manager.py:879} INFO - 
================================================================================
DAG File Processing Stats

File Path                                  PID    Runtime      # DAGs    # Errors  Last Runtime    Last Run
-----------------------------------------  -----  ---------  --------  ----------  --------------  -------------------
/opt/airflow/dags/weather_pipeline_dag.py                           1           0  1.30s           2026-04-24T08:48:40
================================================================================
[2026-04-24T08:49:16.355+0000] {manager.py:879} INFO - 
================================================================================
DAG File Processing Stats

File Path                                  PID    Runtime      # DAGs    # Errors  Last Runtime    Last Run
-----------------------------------------  -----  ---------  --------  ----------  --------------  -------------------
/opt/airflow/dags/weather_pipeline_dag.py                           1           0  0.03s           2026-04-24T08:49:11
================================================================================
[2026-04-24T08:49:43.300+0000] {manager.py:879} INFO - 
================================================================================
DAG File Processing Stats

File Path                                    PID  Runtime      # DAGs    # Errors  Last Runtime    Last Run
-----------------------------------------  -----  ---------  --------  ----------  --------------  -------------------
/opt/airflow/dags/weather_pipeline_dag.py   4577  1.17s             1           0  0.03s           2026-04-24T08:49:11
================================================================================
[2026-04-24T08:50:11.408+0000] {manager.py:879} INFO - 
================================================================================
DAG File Processing Stats

File Path                                  PID    Runtime      # DAGs    # Errors  Last Runtime    Last Run
-----------------------------------------  -----  ---------  --------  ----------  --------------  -------------------
/opt/airflow/dags/weather_pipeline_dag.py                           1           0  3.23s           2026-04-24T08:49:45
================================================================================
[2026-04-24T08:50:39.115+0000] {manager.py:879} INFO - 
================================================================================
DAG File Processing Stats

File Path                                  PID    Runtime      # DAGs    # Errors  Last Runtime    Last Run
-----------------------------------------  -----  ---------  --------  ----------  --------------  -------------------
/opt/airflow/dags/weather_pipeline_dag.py                           1           0  2.96s           2026-04-24T08:50:18
================================================================================
[2026-04-24T08:51:07.259+0000] {manager.py:879} INFO - 
================================================================================
DAG File Processing Stats

File Path                                  PID    Runtime      # DAGs    # Errors  Last Runtime    Last Run
-----------------------------------------  -----  ---------  --------  ----------  --------------  -------------------
/opt/airflow/dags/weather_pipeline_dag.py                           1           0  2.79s           2026-04-24T08:50:51
================================================================================
[2026-04-24T08:51:32.610+0000] {manager.py:738} INFO - Searching for files in /opt/airflow/dags
[2026-04-24T08:51:33.459+0000] {manager.py:741} INFO - There are 1 files in /opt/airflow/dags
[2026-04-24T08:51:35.735+0000] {manager.py:879} INFO - 
================================================================================
DAG File Processing Stats

File Path                                  PID    Runtime      # DAGs    # Errors  Last Runtime    Last Run
-----------------------------------------  -----  ---------  --------  ----------  --------------  -------------------
/opt/airflow/dags/weather_pipeline_dag.py                           1           0  2.28s           2026-04-24T08:51:24
================================================================================
[2026-04-24T08:52:03.858+0000] {manager.py:879} INFO - 
================================================================================
DAG File Processing Stats

File Path                                  PID    Runtime      # DAGs    # Errors  Last Runtime    Last Run
-----------------------------------------  -----  ---------  --------  ----------  --------------  -------------------
/opt/airflow/dags/weather_pipeline_dag.py                           1           0  0.05s           2026-04-24T08:51:55
================================================================================
[2026-04-24T08:52:31.848+0000] {manager.py:879} INFO - 
================================================================================
DAG File Processing Stats

File Path                                  PID    Runtime      # DAGs    # Errors  Last Runtime    Last Run
-----------------------------------------  -----  ---------  --------  ----------  --------------  -------------------
/opt/airflow/dags/weather_pipeline_dag.py                           1           0  1.85s           2026-04-24T08:52:27
================================================================================
[2026-04-24T08:52:59.987+0000] {manager.py:879} INFO - 
================================================================================
DAG File Processing Stats

File Path                                  PID    Runtime      # DAGs    # Errors  Last Runtime    Last Run
-----------------------------------------  -----  ---------  --------  ----------  --------------  -------------------
/opt/airflow/dags/weather_pipeline_dag.py                           1           0  1.46s           2026-04-24T08:52:59
================================================================================
[2026-04-24T08:53:27.861+0000] {manager.py:879} INFO - 
================================================================================
DAG File Processing Stats

File Path                                  PID    Runtime      # DAGs    # Errors  Last Runtime    Last Run
-----------------------------------------  -----  ---------  --------  ----------  --------------  -------------------
/opt/airflow/dags/weather_pipeline_dag.py                           1           0  1.46s           2026-04-24T08:52:59
================================================================================
[2026-04-24T08:53:55.903+0000] {manager.py:879} INFO - 
================================================================================
DAG File Processing Stats

File Path                                  PID    Runtime      # DAGs    # Errors  Last Runtime    Last Run
-----------------------------------------  -----  ---------  --------  ----------  --------------  -------------------
/opt/airflow/dags/weather_pipeline_dag.py                           1           0  1.54s           2026-04-24T08:53:31
================================================================================
[2026-04-24T08:54:24.016+0000] {manager.py:879} INFO - 
================================================================================
DAG File Processing Stats

File Path                                  PID    Runtime      # DAGs    # Errors  Last Runtime    Last Run
-----------------------------------------  -----  ---------  --------  ----------  --------------  -------------------
/opt/airflow/dags/weather_pipeline_dag.py                           1           0  1.38s           2026-04-24T08:54:03
================================================================================
[2026-04-24T08:54:51.710+0000] {manager.py:879} INFO - 
================================================================================
DAG File Processing Stats

File Path                                  PID    Runtime      # DAGs    # Errors  Last Runtime    Last Run
-----------------------------------------  -----  ---------  --------  ----------  --------------  -------------------
/opt/airflow/dags/weather_pipeline_dag.py                           1           0  2.74s           2026-04-24T08:54:36
================================================================================
[2026-04-24T08:55:20.105+0000] {manager.py:879} INFO - 
================================================================================
DAG File Processing Stats

File Path                                  PID    Runtime      # DAGs    # Errors  Last Runtime    Last Run
-----------------------------------------  -----  ---------  --------  ----------  --------------  -------------------
/opt/airflow/dags/weather_pipeline_dag.py                           1           0  1.92s           2026-04-24T08:55:08
================================================================================
[2026-04-24T08:55:48.473+0000] {manager.py:879} INFO - 
================================================================================
DAG File Processing Stats

File Path                                  PID    Runtime      # DAGs    # Errors  Last Runtime    Last Run
-----------------------------------------  -----  ---------  --------  ----------  --------------  -------------------
/opt/airflow/dags/weather_pipeline_dag.py                           1           0  1.78s           2026-04-24T08:55:41
================================================================================
[2026-04-24T08:56:16.207+0000] {manager.py:879} INFO - 
================================================================================
DAG File Processing Stats

File Path                                  PID    Runtime      # DAGs    # Errors  Last Runtime    Last Run
-----------------------------------------  -----  ---------  --------  ----------  --------------  -------------------
/opt/airflow/dags/weather_pipeline_dag.py                           1           0  2.48s           2026-04-24T08:56:14
================================================================================
[2026-04-24T08:56:33.056+0000] {manager.py:738} INFO - Searching for files in /opt/airflow/dags
[2026-04-24T08:56:33.243+0000] {manager.py:741} INFO - There are 1 files in /opt/airflow/dags
[2026-04-24T08:56:44.761+0000] {manager.py:879} INFO - 
================================================================================
DAG File Processing Stats

File Path                                    PID  Runtime      # DAGs    # Errors  Last Runtime    Last Run
-----------------------------------------  -----  ---------  --------  ----------  --------------  -------------------
/opt/airflow/dags/weather_pipeline_dag.py   4728  0.04s             1           0  2.48s           2026-04-24T08:56:14
================================================================================
[2026-04-24T08:57:12.956+0000] {manager.py:879} INFO - 
================================================================================
DAG File Processing Stats

File Path                                  PID    Runtime      # DAGs    # Errors  Last Runtime    Last Run
-----------------------------------------  -----  ---------  --------  ----------  --------------  -------------------
/opt/airflow/dags/weather_pipeline_dag.py                           1           0  1.73s           2026-04-24T08:56:46
================================================================================
[2026-04-24T08:57:41.259+0000] {manager.py:879} INFO - 
================================================================================
DAG File Processing Stats

File Path                                  PID    Runtime      # DAGs    # Errors  Last Runtime    Last Run
-----------------------------------------  -----  ---------  --------  ----------  --------------  -------------------
/opt/airflow/dags/weather_pipeline_dag.py                           1           0  2.98s           2026-04-24T08:57:19
================================================================================
[2026-04-24T08:58:09.116+0000] {manager.py:879} INFO - 
================================================================================
DAG File Processing Stats

File Path                                  PID    Runtime      # DAGs    # Errors  Last Runtime    Last Run
-----------------------------------------  -----  ---------  --------  ----------  --------------  -------------------
/opt/airflow/dags/weather_pipeline_dag.py                           1           0  2.77s           2026-04-24T08:57:52
================================================================================
[2026-04-24T08:58:37.106+0000] {manager.py:879} INFO - 
================================================================================
DAG File Processing Stats

File Path                                  PID    Runtime      # DAGs    # Errors  Last Runtime    Last Run
-----------------------------------------  -----  ---------  --------  ----------  --------------  -------------------
/opt/airflow/dags/weather_pipeline_dag.py                           1           0  2.46s           2026-04-24T08:58:25
================================================================================
[2026-04-24T08:59:05.455+0000] {manager.py:879} INFO - 
================================================================================
DAG File Processing Stats

File Path                                  PID    Runtime      # DAGs    # Errors  Last Runtime    Last Run
-----------------------------------------  -----  ---------  --------  ----------  --------------  -------------------
/opt/airflow/dags/weather_pipeline_dag.py                           1           0  2.50s           2026-04-24T08:58:58
================================================================================
[2026-04-24T08:59:33.190+0000] {manager.py:879} INFO - 
================================================================================
DAG File Processing Stats

File Path                                  PID    Runtime      # DAGs    # Errors  Last Runtime    Last Run
-----------------------------------------  -----  ---------  --------  ----------  --------------  -------------------
/opt/airflow/dags/weather_pipeline_dag.py                           1           0  2.00s           2026-04-24T08:59:31
================================================================================
[2026-04-24T09:00:01.083+0000] {manager.py:879} INFO - 
================================================================================
DAG File Processing Stats

File Path                                  PID    Runtime      # DAGs    # Errors  Last Runtime    Last Run
-----------------------------------------  -----  ---------  --------  ----------  --------------  -------------------
/opt/airflow/dags/weather_pipeline_dag.py                           1           0  2.00s           2026-04-24T08:59:31
================================================================================
[2026-04-24T09:00:29.735+0000] {manager.py:879} INFO - 
================================================================================
DAG File Processing Stats

File Path                                  PID    Runtime      # DAGs    # Errors  Last Runtime    Last Run
-----------------------------------------  -----  ---------  --------  ----------  --------------  -------------------
/opt/airflow/dags/weather_pipeline_dag.py                           1           0  1.65s           2026-04-24T09:00:03
================================================================================
[2026-04-24T09:00:57.962+0000] {manager.py:879} INFO - 
================================================================================
DAG File Processing Stats

File Path                                  PID    Runtime      # DAGs    # Errors  Last Runtime    Last Run
-----------------------------------------  -----  ---------  --------  ----------  --------------  -------------------
/opt/airflow/dags/weather_pipeline_dag.py                           1           0  2.22s           2026-04-24T09:00:36
================================================================================
[2026-04-24T09:01:26.438+0000] {manager.py:879} INFO - 
================================================================================
DAG File Processing Stats

File Path                                  PID    Runtime      # DAGs    # Errors  Last Runtime    Last Run
-----------------------------------------  -----  ---------  --------  ----------  --------------  -------------------
/opt/airflow/dags/weather_pipeline_dag.py                           1           0  1.39s           2026-04-24T09:01:07
================================================================================
[2026-04-24T09:01:33.335+0000] {manager.py:738} INFO - Searching for files in /opt/airflow/dags
[2026-04-24T09:01:33.564+0000] {manager.py:741} INFO - There are 1 files in /opt/airflow/dags
[2026-04-24T09:01:53.961+0000] {manager.py:879} INFO - 
================================================================================
DAG File Processing Stats

File Path                                  PID    Runtime      # DAGs    # Errors  Last Runtime    Last Run
-----------------------------------------  -----  ---------  --------  ----------  --------------  -------------------
/opt/airflow/dags/weather_pipeline_dag.py                           1           0  -0.80s          2026-04-24T09:01:37
================================================================================
[2026-04-24T09:02:22.367+0000] {manager.py:879} INFO - 
================================================================================
DAG File Processing Stats

File Path                                  PID    Runtime      # DAGs    # Errors  Last Runtime    Last Run
-----------------------------------------  -----  ---------  --------  ----------  --------------  -------------------
/opt/airflow/dags/weather_pipeline_dag.py                           1           0  1.78s           2026-04-24T09:02:09
================================================================================
[2026-04-24T09:02:50.139+0000] {manager.py:879} INFO - 
================================================================================
DAG File Processing Stats

File Path                                  PID    Runtime      # DAGs    # Errors  Last Runtime    Last Run
-----------------------------------------  -----  ---------  --------  ----------  --------------  -------------------
/opt/airflow/dags/weather_pipeline_dag.py                           1           0  2.74s           2026-04-24T09:02:42
================================================================================
[2026-04-24T09:03:17.850+0000] {manager.py:879} INFO - 
================================================================================
DAG File Processing Stats

File Path                                  PID    Runtime      # DAGs    # Errors  Last Runtime    Last Run
-----------------------------------------  -----  ---------  --------  ----------  --------------  -------------------
/opt/airflow/dags/weather_pipeline_dag.py                           1           0  2.33s           2026-04-24T09:03:15
================================================================================
[2026-04-24T09:03:47.208+0000] {manager.py:879} INFO - 
================================================================================
DAG File Processing Stats

File Path                                    PID  Runtime      # DAGs    # Errors  Last Runtime    Last Run
-----------------------------------------  -----  ---------  --------  ----------  --------------  -------------------
/opt/airflow/dags/weather_pipeline_dag.py   4884  0.09s             1           0  2.33s           2026-04-24T09:03:15
================================================================================
[2026-04-24T09:04:15.736+0000] {manager.py:879} INFO - 
================================================================================
DAG File Processing Stats

File Path                                  PID    Runtime      # DAGs    # Errors  Last Runtime    Last Run
-----------------------------------------  -----  ---------  --------  ----------  --------------  -------------------
/opt/airflow/dags/weather_pipeline_dag.py                           1           0  3.74s           2026-04-24T09:03:50
================================================================================
[2026-04-24T09:04:43.865+0000] {manager.py:879} INFO - 
================================================================================
DAG File Processing Stats

File Path                                  PID    Runtime      # DAGs    # Errors  Last Runtime    Last Run
-----------------------------------------  -----  ---------  --------  ----------  --------------  -------------------
/opt/airflow/dags/weather_pipeline_dag.py                           1           0  2.54s           2026-04-24T09:04:23
================================================================================
[2026-04-24T09:05:11.581+0000] {manager.py:879} INFO - 
================================================================================
DAG File Processing Stats

File Path                                  PID    Runtime      # DAGs    # Errors  Last Runtime    Last Run
-----------------------------------------  -----  ---------  --------  ----------  --------------  -------------------
/opt/airflow/dags/weather_pipeline_dag.py                           1           0  1.85s           2026-04-24T09:04:55
================================================================================
[2026-04-24T09:05:39.458+0000] {manager.py:879} INFO - 
================================================================================
DAG File Processing Stats

File Path                                  PID    Runtime      # DAGs    # Errors  Last Runtime    Last Run
-----------------------------------------  -----  ---------  --------  ----------  --------------  -------------------
/opt/airflow/dags/weather_pipeline_dag.py                           1           0  2.67s           2026-04-24T09:05:28
================================================================================
[2026-04-24T09:06:07.515+0000] {manager.py:879} INFO - 
================================================================================
DAG File Processing Stats

File Path                                  PID    Runtime      # DAGs    # Errors  Last Runtime    Last Run
-----------------------------------------  -----  ---------  --------  ----------  --------------  -------------------
/opt/airflow/dags/weather_pipeline_dag.py                           1           0  1.43s           2026-04-24T09:06:00
================================================================================
[2026-04-24T09:06:33.529+0000] {manager.py:738} INFO - Searching for files in /opt/airflow/dags
[2026-04-24T09:06:33.731+0000] {manager.py:741} INFO - There are 1 files in /opt/airflow/dags
[2026-04-24T09:06:36.085+0000] {manager.py:879} INFO - 
================================================================================
DAG File Processing Stats

File Path                                  PID    Runtime      # DAGs    # Errors  Last Runtime    Last Run
-----------------------------------------  -----  ---------  --------  ----------  --------------  -------------------
/opt/airflow/dags/weather_pipeline_dag.py                           1           0  1.16s           2026-04-24T09:06:32
================================================================================
[2026-04-24T09:07:04.098+0000] {manager.py:879} INFO - 
================================================================================
DAG File Processing Stats

File Path                                    PID  Runtime      # DAGs    # Errors  Last Runtime    Last Run
-----------------------------------------  -----  ---------  --------  ----------  --------------  -------------------
/opt/airflow/dags/weather_pipeline_dag.py   4957  1.09s             1           0  1.16s           2026-04-24T09:06:32
================================================================================
[2026-04-24T09:07:31.838+0000] {manager.py:879} INFO - 
================================================================================
DAG File Processing Stats

File Path                                  PID    Runtime      # DAGs    # Errors  Last Runtime    Last Run
-----------------------------------------  -----  ---------  --------  ----------  --------------  -------------------
/opt/airflow/dags/weather_pipeline_dag.py                           1           0  1.85s           2026-04-24T09:07:04
================================================================================
[2026-04-24T09:07:59.595+0000] {manager.py:879} INFO - 
================================================================================
DAG File Processing Stats

File Path                                  PID    Runtime      # DAGs    # Errors  Last Runtime    Last Run
-----------------------------------------  -----  ---------  --------  ----------  --------------  -------------------
/opt/airflow/dags/weather_pipeline_dag.py                           1           0  1.61s           2026-04-24T09:07:36
================================================================================
[2026-04-24T09:08:27.671+0000] {manager.py:879} INFO - 
================================================================================
DAG File Processing Stats

File Path                                  PID    Runtime      # DAGs    # Errors  Last Runtime    Last Run
-----------------------------------------  -----  ---------  --------  ----------  --------------  -------------------
/opt/airflow/dags/weather_pipeline_dag.py                           1           0  1.45s           2026-04-24T09:08:08
================================================================================
[2026-04-24T09:08:55.923+0000] {manager.py:879} INFO - 
================================================================================
DAG File Processing Stats

File Path                                  PID    Runtime      # DAGs    # Errors  Last Runtime    Last Run
-----------------------------------------  -----  ---------  --------  ----------  --------------  -------------------
/opt/airflow/dags/weather_pipeline_dag.py                           1           0  4.23s           2026-04-24T09:08:43
================================================================================
[2026-04-24T09:09:24.059+0000] {manager.py:879} INFO - 
================================================================================
DAG File Processing Stats

File Path                                  PID    Runtime      # DAGs    # Errors  Last Runtime    Last Run
-----------------------------------------  -----  ---------  --------  ----------  --------------  -------------------
/opt/airflow/dags/weather_pipeline_dag.py                           1           0  3.72s           2026-04-24T09:09:17
================================================================================
[2026-04-24T09:09:51.893+0000] {manager.py:879} INFO - 
================================================================================
DAG File Processing Stats

File Path                                  PID    Runtime      # DAGs    # Errors  Last Runtime    Last Run
-----------------------------------------  -----  ---------  --------  ----------  --------------  -------------------
/opt/airflow/dags/weather_pipeline_dag.py                           1           0  1.21s           2026-04-24T09:09:49
================================================================================
[2026-04-24T09:10:19.744+0000] {manager.py:879} INFO - 
================================================================================
DAG File Processing Stats

File Path                                  PID    Runtime      # DAGs    # Errors  Last Runtime    Last Run
-----------------------------------------  -----  ---------  --------  ----------  --------------  -------------------
/opt/airflow/dags/weather_pipeline_dag.py                           1           0  1.21s           2026-04-24T09:09:49
================================================================================
[2026-04-24T09:10:47.903+0000] {manager.py:879} INFO - 
================================================================================
DAG File Processing Stats

File Path                                  PID    Runtime      # DAGs    # Errors  Last Runtime    Last Run
-----------------------------------------  -----  ---------  --------  ----------  --------------  -------------------
/opt/airflow/dags/weather_pipeline_dag.py                           1           0  2.91s           2026-04-24T09:10:23
================================================================================
[2026-04-24T09:11:15.930+0000] {manager.py:879} INFO - 
================================================================================
DAG File Processing Stats

File Path                                  PID    Runtime      # DAGs    # Errors  Last Runtime    Last Run
-----------------------------------------  -----  ---------  --------  ----------  --------------  -------------------
/opt/airflow/dags/weather_pipeline_dag.py                           1           0  2.16s           2026-04-24T09:10:56
================================================================================
[2026-04-24T09:11:33.776+0000] {manager.py:738} INFO - Searching for files in /opt/airflow/dags
[2026-04-24T09:11:33.972+0000] {manager.py:741} INFO - There are 1 files in /opt/airflow/dags
[2026-04-24T09:11:44.490+0000] {manager.py:879} INFO - 
================================================================================
DAG File Processing Stats

File Path                                  PID    Runtime      # DAGs    # Errors  Last Runtime    Last Run
-----------------------------------------  -----  ---------  --------  ----------  --------------  -------------------
/opt/airflow/dags/weather_pipeline_dag.py                           1           0  2.40s           2026-04-24T09:11:29
================================================================================
[2026-04-24T09:12:12.754+0000] {manager.py:879} INFO - 
================================================================================
DAG File Processing Stats

File Path                                  PID    Runtime      # DAGs    # Errors  Last Runtime    Last Run
-----------------------------------------  -----  ---------  --------  ----------  --------------  -------------------
/opt/airflow/dags/weather_pipeline_dag.py                           1           0  1.09s           2026-04-24T09:12:01
================================================================================
[2026-04-24T09:12:40.651+0000] {manager.py:879} INFO - 
================================================================================
DAG File Processing Stats

File Path                                  PID    Runtime      # DAGs    # Errors  Last Runtime    Last Run
-----------------------------------------  -----  ---------  --------  ----------  --------------  -------------------
/opt/airflow/dags/weather_pipeline_dag.py                           1           0  2.97s           2026-04-24T09:12:34
================================================================================
[2026-04-24T09:13:08.425+0000] {manager.py:879} INFO - 
================================================================================
DAG File Processing Stats

File Path                                  PID    Runtime      # DAGs    # Errors  Last Runtime    Last Run
-----------------------------------------  -----  ---------  --------  ----------  --------------  -------------------
/opt/airflow/dags/weather_pipeline_dag.py                           1           0  2.61s           2026-04-24T09:13:07
================================================================================
[2026-04-24T09:13:36.918+0000] {manager.py:879} INFO - 
================================================================================
DAG File Processing Stats

File Path                                  PID    Runtime      # DAGs    # Errors  Last Runtime    Last Run
-----------------------------------------  -----  ---------  --------  ----------  --------------  -------------------
/opt/airflow/dags/weather_pipeline_dag.py                           1           0  2.61s           2026-04-24T09:13:07
================================================================================
[2026-04-24T09:14:05.142+0000] {manager.py:879} INFO - 
================================================================================
DAG File Processing Stats

File Path                                  PID    Runtime      # DAGs    # Errors  Last Runtime    Last Run
-----------------------------------------  -----  ---------  --------  ----------  --------------  -------------------
/opt/airflow/dags/weather_pipeline_dag.py                           1           0  -0.18s          2026-04-24T09:13:37
================================================================================
[2026-04-24T09:14:33.246+0000] {manager.py:879} INFO - 
================================================================================
DAG File Processing Stats

File Path                                  PID    Runtime      # DAGs    # Errors  Last Runtime    Last Run
-----------------------------------------  -----  ---------  --------  ----------  --------------  -------------------
/opt/airflow/dags/weather_pipeline_dag.py                           1           0  2.10s           2026-04-24T09:14:10
================================================================================
[2026-04-24T09:15:01.225+0000] {manager.py:879} INFO - 
================================================================================
DAG File Processing Stats

File Path                                  PID    Runtime      # DAGs    # Errors  Last Runtime    Last Run
-----------------------------------------  -----  ---------  --------  ----------  --------------  -------------------
/opt/airflow/dags/weather_pipeline_dag.py                           1           0  2.68s           2026-04-24T09:14:43
================================================================================
[2026-04-24T09:15:29.156+0000] {manager.py:879} INFO - 
================================================================================
DAG File Processing Stats

File Path                                  PID    Runtime      # DAGs    # Errors  Last Runtime    Last Run
-----------------------------------------  -----  ---------  --------  ----------  --------------  -------------------
/opt/airflow/dags/weather_pipeline_dag.py                           1           0  1.56s           2026-04-24T09:15:16
================================================================================
[2026-04-24T09:15:57.212+0000] {manager.py:879} INFO - 
================================================================================
DAG File Processing Stats

File Path                                  PID    Runtime      # DAGs    # Errors  Last Runtime    Last Run
-----------------------------------------  -----  ---------  --------  ----------  --------------  -------------------
/opt/airflow/dags/weather_pipeline_dag.py                           1           0  0.97s           2026-04-24T09:15:47
================================================================================
[2026-04-24T09:16:25.061+0000] {manager.py:879} INFO - 
================================================================================
DAG File Processing Stats

File Path                                  PID    Runtime      # DAGs    # Errors  Last Runtime    Last Run
-----------------------------------------  -----  ---------  --------  ----------  --------------  -------------------
/opt/airflow/dags/weather_pipeline_dag.py                           1           0  1.58s           2026-04-24T09:16:18
================================================================================
[2026-04-24T09:16:33.904+0000] {manager.py:738} INFO - Searching for files in /opt/airflow/dags
[2026-04-24T09:16:34.050+0000] {manager.py:741} INFO - There are 1 files in /opt/airflow/dags
[2026-04-24T09:16:50.717+0000] {manager.py:879} INFO - 
================================================================================
DAG File Processing Stats

File Path                                  PID    Runtime      # DAGs    # Errors  Last Runtime    Last Run
-----------------------------------------  -----  ---------  --------  ----------  --------------  -------------------
/opt/airflow/dags/weather_pipeline_dag.py                           1           0  1.02s           2026-04-24T09:16:50
================================================================================
[2026-04-24T09:17:18.646+0000] {manager.py:879} INFO - 
================================================================================
DAG File Processing Stats

File Path                                  PID    Runtime      # DAGs    # Errors  Last Runtime    Last Run
-----------------------------------------  -----  ---------  --------  ----------  --------------  -------------------
/opt/airflow/dags/weather_pipeline_dag.py                           1           0  1.02s           2026-04-24T09:16:50
================================================================================
[2026-04-24T09:17:47.097+0000] {manager.py:879} INFO - 
================================================================================
DAG File Processing Stats

File Path                                  PID    Runtime      # DAGs    # Errors  Last Runtime    Last Run
-----------------------------------------  -----  ---------  --------  ----------  --------------  -------------------
/opt/airflow/dags/weather_pipeline_dag.py                           1           0  2.07s           2026-04-24T09:17:23
================================================================================
[2026-04-24T09:18:14.944+0000] {manager.py:879} INFO - 
================================================================================
DAG File Processing Stats

File Path                                  PID    Runtime      # DAGs    # Errors  Last Runtime    Last Run
-----------------------------------------  -----  ---------  --------  ----------  --------------  -------------------
/opt/airflow/dags/weather_pipeline_dag.py                           1           0  0.92s           2026-04-24T09:17:54
================================================================================
[2026-04-24T09:18:42.961+0000] {manager.py:879} INFO - 
================================================================================
DAG File Processing Stats

File Path                                  PID    Runtime      # DAGs    # Errors  Last Runtime    Last Run
-----------------------------------------  -----  ---------  --------  ----------  --------------  -------------------
/opt/airflow/dags/weather_pipeline_dag.py                           1           0  1.61s           2026-04-24T09:18:26
================================================================================
[2026-04-24T09:19:11.291+0000] {manager.py:879} INFO - 
================================================================================
DAG File Processing Stats

File Path                                  PID    Runtime      # DAGs    # Errors  Last Runtime    Last Run
-----------------------------------------  -----  ---------  --------  ----------  --------------  -------------------
/opt/airflow/dags/weather_pipeline_dag.py                           1           0  1.23s           2026-04-24T09:18:57
================================================================================
[2026-04-24T09:19:39.641+0000] {manager.py:879} INFO - 
================================================================================
DAG File Processing Stats

File Path                                  PID    Runtime      # DAGs    # Errors  Last Runtime    Last Run
-----------------------------------------  -----  ---------  --------  ----------  --------------  -------------------
/opt/airflow/dags/weather_pipeline_dag.py                           1           0  2.57s           2026-04-24T09:19:30
================================================================================
[2026-04-24T09:20:07.399+0000] {manager.py:879} INFO - 
================================================================================
DAG File Processing Stats

File Path                                  PID    Runtime      # DAGs    # Errors  Last Runtime    Last Run
-----------------------------------------  -----  ---------  --------  ----------  --------------  -------------------
/opt/airflow/dags/weather_pipeline_dag.py                           1           0  2.84s           2026-04-24T09:20:04
================================================================================
[2026-04-24T09:20:35.289+0000] {manager.py:879} INFO - 
================================================================================
DAG File Processing Stats

File Path                                    PID  Runtime      # DAGs    # Errors  Last Runtime    Last Run
-----------------------------------------  -----  ---------  --------  ----------  --------------  -------------------
/opt/airflow/dags/weather_pipeline_dag.py   5254  0.20s             1           0  2.84s           2026-04-24T09:20:04
================================================================================
[2026-04-24T09:21:03.596+0000] {manager.py:879} INFO - 
================================================================================
DAG File Processing Stats

File Path                                  PID    Runtime      # DAGs    # Errors  Last Runtime    Last Run
-----------------------------------------  -----  ---------  --------  ----------  --------------  -------------------
/opt/airflow/dags/weather_pipeline_dag.py                           1           0  2.67s           2026-04-24T09:20:37
================================================================================
[2026-04-24T09:21:31.395+0000] {manager.py:879} INFO - 
================================================================================
DAG File Processing Stats

File Path                                  PID    Runtime      # DAGs    # Errors  Last Runtime    Last Run
-----------------------------------------  -----  ---------  --------  ----------  --------------  -------------------
/opt/airflow/dags/weather_pipeline_dag.py                           1           0  1.75s           2026-04-24T09:21:09
================================================================================
[2026-04-24T09:21:34.070+0000] {manager.py:738} INFO - Searching for files in /opt/airflow/dags
[2026-04-24T09:21:34.329+0000] {manager.py:741} INFO - There are 1 files in /opt/airflow/dags
[2026-04-24T09:21:59.689+0000] {manager.py:879} INFO - 
================================================================================
DAG File Processing Stats

File Path                                  PID    Runtime      # DAGs    # Errors  Last Runtime    Last Run
-----------------------------------------  -----  ---------  --------  ----------  --------------  -------------------
/opt/airflow/dags/weather_pipeline_dag.py                           1           0  1.06s           2026-04-24T09:21:41
================================================================================
[2026-04-24T09:22:27.606+0000] {manager.py:879} INFO - 
================================================================================
DAG File Processing Stats

File Path                                  PID    Runtime      # DAGs    # Errors  Last Runtime    Last Run
-----------------------------------------  -----  ---------  --------  ----------  --------------  -------------------
/opt/airflow/dags/weather_pipeline_dag.py                           1           0  1.71s           2026-04-24T09:22:12
================================================================================
[2026-04-24T09:22:55.384+0000] {manager.py:879} INFO - 
================================================================================
DAG File Processing Stats

File Path                                  PID    Runtime      # DAGs    # Errors  Last Runtime    Last Run
-----------------------------------------  -----  ---------  --------  ----------  --------------  -------------------
/opt/airflow/dags/weather_pipeline_dag.py                           1           0  2.88s           2026-04-24T09:22:46
================================================================================
[2026-04-24T09:23:23.626+0000] {manager.py:879} INFO - 
================================================================================
DAG File Processing Stats

File Path                                  PID    Runtime      # DAGs    # Errors  Last Runtime    Last Run
-----------------------------------------  -----  ---------  --------  ----------  --------------  -------------------
/opt/airflow/dags/weather_pipeline_dag.py                           1           0  3.30s           2026-04-24T09:23:20
================================================================================
[2026-04-24T09:23:51.546+0000] {manager.py:879} INFO - 
================================================================================
DAG File Processing Stats

File Path                                    PID  Runtime      # DAGs    # Errors  Last Runtime    Last Run
-----------------------------------------  -----  ---------  --------  ----------  --------------  -------------------
/opt/airflow/dags/weather_pipeline_dag.py   5327  1.19s             1           0  3.30s           2026-04-24T09:23:20
================================================================================
[2026-04-24T09:24:19.508+0000] {manager.py:879} INFO - 
================================================================================
DAG File Processing Stats

File Path                                  PID    Runtime      # DAGs    # Errors  Last Runtime    Last Run
-----------------------------------------  -----  ---------  --------  ----------  --------------  -------------------
/opt/airflow/dags/weather_pipeline_dag.py                           1           0  2.07s           2026-04-24T09:23:52
================================================================================
[2026-04-24T09:24:47.209+0000] {manager.py:879} INFO - 
================================================================================
DAG File Processing Stats

File Path                                  PID    Runtime      # DAGs    # Errors  Last Runtime    Last Run
-----------------------------------------  -----  ---------  --------  ----------  --------------  -------------------
/opt/airflow/dags/weather_pipeline_dag.py                           1           0  2.34s           2026-04-24T09:24:25
================================================================================
[2026-04-24T09:25:15.382+0000] {manager.py:879} INFO - 
================================================================================
DAG File Processing Stats

File Path                                  PID    Runtime      # DAGs    # Errors  Last Runtime    Last Run
-----------------------------------------  -----  ---------  --------  ----------  --------------  -------------------
/opt/airflow/dags/weather_pipeline_dag.py                           1           0  0.98s           2026-04-24T09:24:56
================================================================================
[2026-04-24T09:25:43.667+0000] {manager.py:879} INFO - 
================================================================================
DAG File Processing Stats

File Path                                  PID    Runtime      # DAGs    # Errors  Last Runtime    Last Run
-----------------------------------------  -----  ---------  --------  ----------  --------------  -------------------
/opt/airflow/dags/weather_pipeline_dag.py                           1           0  1.29s           2026-04-24T09:25:28
================================================================================
[2026-04-24T09:26:11.652+0000] {manager.py:879} INFO - 
================================================================================
DAG File Processing Stats

File Path                                  PID    Runtime      # DAGs    # Errors  Last Runtime    Last Run
-----------------------------------------  -----  ---------  --------  ----------  --------------  -------------------
/opt/airflow/dags/weather_pipeline_dag.py                           1           0  2.12s           2026-04-24T09:26:01
================================================================================
[2026-04-24T09:26:34.330+0000] {manager.py:738} INFO - Searching for files in /opt/airflow/dags
[2026-04-24T09:26:32.734+0000] {manager.py:741} INFO - There are 1 files in /opt/airflow/dags
[2026-04-24T09:26:39.401+0000] {manager.py:879} INFO - 
================================================================================
DAG File Processing Stats

File Path                                  PID    Runtime      # DAGs    # Errors  Last Runtime    Last Run
-----------------------------------------  -----  ---------  --------  ----------  --------------  -------------------
/opt/airflow/dags/weather_pipeline_dag.py                           1           0  2.41s           2026-04-24T09:26:34
================================================================================
[2026-04-24T09:27:07.556+0000] {manager.py:879} INFO - 
================================================================================
DAG File Processing Stats

File Path                                  PID    Runtime      # DAGs    # Errors  Last Runtime    Last Run
-----------------------------------------  -----  ---------  --------  ----------  --------------  -------------------
/opt/airflow/dags/weather_pipeline_dag.py                           1           0  1.56s           2026-04-24T09:27:06
================================================================================
[2026-04-24T09:27:35.361+0000] {manager.py:879} INFO - 
================================================================================
DAG File Processing Stats

File Path                                  PID    Runtime      # DAGs    # Errors  Last Runtime    Last Run
-----------------------------------------  -----  ---------  --------  ----------  --------------  -------------------
/opt/airflow/dags/weather_pipeline_dag.py                           1           0  1.56s           2026-04-24T09:27:06
================================================================================
[2026-04-24T09:28:03.387+0000] {manager.py:879} INFO - 
================================================================================
DAG File Processing Stats

File Path                                  PID    Runtime      # DAGs    # Errors  Last Runtime    Last Run
-----------------------------------------  -----  ---------  --------  ----------  --------------  -------------------
/opt/airflow/dags/weather_pipeline_dag.py                           1           0  1.04s           2026-04-24T09:27:38
================================================================================
[2026-04-24T09:28:31.783+0000] {manager.py:879} INFO - 
================================================================================
DAG File Processing Stats

File Path                                  PID    Runtime      # DAGs    # Errors  Last Runtime    Last Run
-----------------------------------------  -----  ---------  --------  ----------  --------------  -------------------
/opt/airflow/dags/weather_pipeline_dag.py                           1           0  1.88s           2026-04-24T09:28:10
================================================================================
[2026-04-24T09:29:00.253+0000] {manager.py:879} INFO - 
================================================================================
DAG File Processing Stats

File Path                                  PID    Runtime      # DAGs    # Errors  Last Runtime    Last Run
-----------------------------------------  -----  ---------  --------  ----------  --------------  -------------------
/opt/airflow/dags/weather_pipeline_dag.py                           1           0  1.25s           2026-04-24T09:28:41
================================================================================
[2026-04-24T09:29:28.485+0000] {manager.py:879} INFO - 
================================================================================
DAG File Processing Stats

File Path                                  PID    Runtime      # DAGs    # Errors  Last Runtime    Last Run
-----------------------------------------  -----  ---------  --------  ----------  --------------  -------------------
/opt/airflow/dags/weather_pipeline_dag.py                           1           0  2.44s           2026-04-24T09:29:14
================================================================================
[2026-04-24T09:29:56.718+0000] {manager.py:879} INFO - 
================================================================================
DAG File Processing Stats

File Path                                  PID    Runtime      # DAGs    # Errors  Last Runtime    Last Run
-----------------------------------------  -----  ---------  --------  ----------  --------------  -------------------
/opt/airflow/dags/weather_pipeline_dag.py                           1           0  2.93s           2026-04-24T09:29:47
================================================================================
[2026-04-24T09:30:24.462+0000] {manager.py:879} INFO - 
================================================================================
DAG File Processing Stats

File Path                                  PID    Runtime      # DAGs    # Errors  Last Runtime    Last Run
-----------------------------------------  -----  ---------  --------  ----------  --------------  -------------------
/opt/airflow/dags/weather_pipeline_dag.py                           1           0  1.65s           2026-04-24T09:30:19
================================================================================
[2026-04-24T09:30:52.446+0000] {manager.py:879} INFO - 
================================================================================
DAG File Processing Stats

File Path                                  PID    Runtime      # DAGs    # Errors  Last Runtime    Last Run
-----------------------------------------  -----  ---------  --------  ----------  --------------  -------------------
/opt/airflow/dags/weather_pipeline_dag.py                           1           0  1.25s           2026-04-24T09:30:51
================================================================================
[2026-04-24T09:31:20.245+0000] {manager.py:879} INFO - 
================================================================================
DAG File Processing Stats

File Path                                  PID    Runtime      # DAGs    # Errors  Last Runtime    Last Run
-----------------------------------------  -----  ---------  --------  ----------  --------------  -------------------
/opt/airflow/dags/weather_pipeline_dag.py                           1           0  1.25s           2026-04-24T09:30:51
================================================================================
[2026-04-24T09:31:34.689+0000] {manager.py:738} INFO - Searching for files in /opt/airflow/dags
[2026-04-24T09:31:34.861+0000] {manager.py:741} INFO - There are 1 files in /opt/airflow/dags
[2026-04-24T09:31:48.267+0000] {manager.py:879} INFO - 
================================================================================
DAG File Processing Stats

File Path                                  PID    Runtime      # DAGs    # Errors  Last Runtime    Last Run
-----------------------------------------  -----  ---------  --------  ----------  --------------  -------------------
/opt/airflow/dags/weather_pipeline_dag.py                           1           0  1.68s           2026-04-24T09:31:24
================================================================================
[2026-04-24T09:32:16.079+0000] {manager.py:879} INFO - 
================================================================================
DAG File Processing Stats

File Path                                  PID    Runtime      # DAGs    # Errors  Last Runtime    Last Run
-----------------------------------------  -----  ---------  --------  ----------  --------------  -------------------
/opt/airflow/dags/weather_pipeline_dag.py                           1           0  2.37s           2026-04-24T09:31:57
================================================================================
[2026-04-24T09:32:43.850+0000] {manager.py:879} INFO - 
================================================================================
DAG File Processing Stats

File Path                                  PID    Runtime      # DAGs    # Errors  Last Runtime    Last Run
-----------------------------------------  -----  ---------  --------  ----------  --------------  -------------------
/opt/airflow/dags/weather_pipeline_dag.py                           1           0  1.94s           2026-04-24T09:32:29
================================================================================
[2026-04-24T09:33:11.986+0000] {manager.py:879} INFO - 
================================================================================
DAG File Processing Stats

File Path                                  PID    Runtime      # DAGs    # Errors  Last Runtime    Last Run
-----------------------------------------  -----  ---------  --------  ----------  --------------  -------------------
/opt/airflow/dags/weather_pipeline_dag.py                           1           0  1.16s           2026-04-24T09:33:00
================================================================================
[2026-04-24T09:33:40.430+0000] {manager.py:879} INFO - 
================================================================================
DAG File Processing Stats

File Path                                  PID    Runtime      # DAGs    # Errors  Last Runtime    Last Run
-----------------------------------------  -----  ---------  --------  ----------  --------------  -------------------
/opt/airflow/dags/weather_pipeline_dag.py                           1           0  1.89s           2026-04-24T09:33:32
================================================================================
[2026-04-24T09:34:08.736+0000] {manager.py:879} INFO - 
================================================================================
DAG File Processing Stats

File Path                                  PID    Runtime      # DAGs    # Errors  Last Runtime    Last Run
-----------------------------------------  -----  ---------  --------  ----------  --------------  -------------------
/opt/airflow/dags/weather_pipeline_dag.py                           1           0  3.16s           2026-04-24T09:34:06
================================================================================
[2026-04-24T09:34:36.907+0000] {manager.py:879} INFO - 
================================================================================
DAG File Processing Stats

File Path                                    PID  Runtime      # DAGs    # Errors  Last Runtime    Last Run
-----------------------------------------  -----  ---------  --------  ----------  --------------  -------------------
/opt/airflow/dags/weather_pipeline_dag.py   5566  0.05s             1           0  3.16s           2026-04-24T09:34:06
================================================================================
[2026-04-24T09:35:05.109+0000] {manager.py:879} INFO - 
================================================================================
DAG File Processing Stats

File Path                                  PID    Runtime      # DAGs    # Errors  Last Runtime    Last Run
-----------------------------------------  -----  ---------  --------  ----------  --------------  -------------------
/opt/airflow/dags/weather_pipeline_dag.py                           1           0  1.42s           2026-04-24T09:34:38
================================================================================
[2026-04-24T09:35:32.929+0000] {manager.py:879} INFO - 
================================================================================
DAG File Processing Stats

File Path                                  PID    Runtime      # DAGs    # Errors  Last Runtime    Last Run
-----------------------------------------  -----  ---------  --------  ----------  --------------  -------------------
/opt/airflow/dags/weather_pipeline_dag.py                           1           0  1.69s           2026-04-24T09:35:10
================================================================================
[2026-04-24T09:36:00.754+0000] {manager.py:879} INFO - 
================================================================================
DAG File Processing Stats

File Path                                  PID    Runtime      # DAGs    # Errors  Last Runtime    Last Run
-----------------------------------------  -----  ---------  --------  ----------  --------------  -------------------
/opt/airflow/dags/weather_pipeline_dag.py                           1           0  1.37s           2026-04-24T09:35:41
================================================================================
[2026-04-24T09:36:28.466+0000] {manager.py:879} INFO - 
================================================================================
DAG File Processing Stats

File Path                                  PID    Runtime      # DAGs    # Errors  Last Runtime    Last Run
-----------------------------------------  -----  ---------  --------  ----------  --------------  -------------------
/opt/airflow/dags/weather_pipeline_dag.py                           1           0  2.27s           2026-04-24T09:36:14
================================================================================
[2026-04-24T09:36:35.618+0000] {manager.py:738} INFO - Searching for files in /opt/airflow/dags
[2026-04-24T09:36:36.216+0000] {manager.py:741} INFO - There are 1 files in /opt/airflow/dags
[2026-04-24T09:36:56.792+0000] {manager.py:879} INFO - 
================================================================================
DAG File Processing Stats

File Path                                  PID    Runtime      # DAGs    # Errors  Last Runtime    Last Run
-----------------------------------------  -----  ---------  --------  ----------  --------------  -------------------
/opt/airflow/dags/weather_pipeline_dag.py                           1           0  2.26s           2026-04-24T09:36:48
================================================================================
[2026-04-24T09:37:25.316+0000] {manager.py:879} INFO - 
================================================================================
DAG File Processing Stats

File Path                                  PID    Runtime      # DAGs    # Errors  Last Runtime    Last Run
-----------------------------------------  -----  ---------  --------  ----------  --------------  -------------------
/opt/airflow/dags/weather_pipeline_dag.py                           1           0  1.43s           2026-04-24T09:37:20
================================================================================
[2026-04-24T09:37:53.312+0000] {manager.py:879} INFO - 
================================================================================
DAG File Processing Stats

File Path                                  PID    Runtime      # DAGs    # Errors  Last Runtime    Last Run
-----------------------------------------  -----  ---------  --------  ----------  --------------  -------------------
/opt/airflow/dags/weather_pipeline_dag.py                           1           0  1.70s           2026-04-24T09:37:52
================================================================================
[2026-04-24T09:38:21.586+0000] {manager.py:879} INFO - 
================================================================================
DAG File Processing Stats

File Path                                  PID    Runtime      # DAGs    # Errors  Last Runtime    Last Run
-----------------------------------------  -----  ---------  --------  ----------  --------------  -------------------
/opt/airflow/dags/weather_pipeline_dag.py                           1           0  1.70s           2026-04-24T09:37:52
================================================================================
[2026-04-24T09:38:49.388+0000] {manager.py:879} INFO - 
================================================================================
DAG File Processing Stats

File Path                                  PID    Runtime      # DAGs    # Errors  Last Runtime    Last Run
-----------------------------------------  -----  ---------  --------  ----------  --------------  -------------------
/opt/airflow/dags/weather_pipeline_dag.py                           1           0  2.20s           2026-04-24T09:38:24
================================================================================
[2026-04-24T09:39:17.610+0000] {manager.py:879} INFO - 
================================================================================
DAG File Processing Stats

File Path                                  PID    Runtime      # DAGs    # Errors  Last Runtime    Last Run
-----------------------------------------  -----  ---------  --------  ----------  --------------  -------------------
/opt/airflow/dags/weather_pipeline_dag.py                           1           0  2.69s           2026-04-24T09:38:57
================================================================================
[2026-04-24T09:39:46.149+0000] {manager.py:879} INFO - 
================================================================================
DAG File Processing Stats

File Path                                  PID    Runtime      # DAGs    # Errors  Last Runtime    Last Run
-----------------------------------------  -----  ---------  --------  ----------  --------------  -------------------
/opt/airflow/dags/weather_pipeline_dag.py                           1           0  1.58s           2026-04-24T09:39:29
================================================================================
[2026-04-24T09:40:14.425+0000] {manager.py:879} INFO - 
================================================================================
DAG File Processing Stats

File Path                                  PID    Runtime      # DAGs    # Errors  Last Runtime    Last Run
-----------------------------------------  -----  ---------  --------  ----------  --------------  -------------------
/opt/airflow/dags/weather_pipeline_dag.py                           1           0  1.57s           2026-04-24T09:40:01
================================================================================
[2026-04-24T09:40:42.993+0000] {manager.py:879} INFO - 
================================================================================
DAG File Processing Stats

File Path                                  PID    Runtime      # DAGs    # Errors  Last Runtime    Last Run
-----------------------------------------  -----  ---------  --------  ----------  --------------  -------------------
/opt/airflow/dags/weather_pipeline_dag.py                           1           0  4.65s           2026-04-24T09:40:36
================================================================================
[2026-04-24T09:41:10.789+0000] {manager.py:879} INFO - 
================================================================================
DAG File Processing Stats

File Path                                    PID  Runtime      # DAGs    # Errors  Last Runtime    Last Run
-----------------------------------------  -----  ---------  --------  ----------  --------------  -------------------
/opt/airflow/dags/weather_pipeline_dag.py   5711  2.67s             1           0  4.65s           2026-04-24T09:40:36
================================================================================
[2026-04-24T09:41:35.620+0000] {manager.py:738} INFO - Searching for files in /opt/airflow/dags
[2026-04-24T09:41:36.062+0000] {manager.py:741} INFO - There are 1 files in /opt/airflow/dags
[2026-04-24T09:41:38.687+0000] {manager.py:879} INFO - 
================================================================================
DAG File Processing Stats

File Path                                  PID    Runtime      # DAGs    # Errors  Last Runtime    Last Run
-----------------------------------------  -----  ---------  --------  ----------  --------------  -------------------
/opt/airflow/dags/weather_pipeline_dag.py                           1           0  3.65s           2026-04-24T09:41:11
================================================================================
[2026-04-24T09:42:06.335+0000] {manager.py:879} INFO - 
================================================================================
DAG File Processing Stats

File Path                                  PID    Runtime      # DAGs    # Errors  Last Runtime    Last Run
-----------------------------------------  -----  ---------  --------  ----------  --------------  -------------------
/opt/airflow/dags/weather_pipeline_dag.py                           1           0  3.89s           2026-04-24T09:41:46
================================================================================
[2026-04-24T09:42:34.586+0000] {manager.py:879} INFO - 
================================================================================
DAG File Processing Stats

File Path                                  PID    Runtime      # DAGs    # Errors  Last Runtime    Last Run
-----------------------------------------  -----  ---------  --------  ----------  --------------  -------------------
/opt/airflow/dags/weather_pipeline_dag.py                           1           0  0.44s           2026-04-24T09:42:16
================================================================================
[2026-04-24T09:43:02.163+0000] {manager.py:879} INFO - 
================================================================================
DAG File Processing Stats

File Path                                  PID    Runtime      # DAGs    # Errors  Last Runtime    Last Run
-----------------------------------------  -----  ---------  --------  ----------  --------------  -------------------
/opt/airflow/dags/weather_pipeline_dag.py                           1           0  1.27s           2026-04-24T09:42:48
================================================================================
[2026-04-24T09:43:29.985+0000] {manager.py:879} INFO - 
================================================================================
DAG File Processing Stats

File Path                                  PID    Runtime      # DAGs    # Errors  Last Runtime    Last Run
-----------------------------------------  -----  ---------  --------  ----------  --------------  -------------------
/opt/airflow/dags/weather_pipeline_dag.py                           1           0  1.84s           2026-04-24T09:43:20
================================================================================
[2026-04-24T09:43:58.140+0000] {manager.py:879} INFO - 
================================================================================
DAG File Processing Stats

File Path                                  PID    Runtime      # DAGs    # Errors  Last Runtime    Last Run
-----------------------------------------  -----  ---------  --------  ----------  --------------  -------------------
/opt/airflow/dags/weather_pipeline_dag.py                           1           0  1.54s           2026-04-24T09:43:52
================================================================================
[2026-04-24T09:44:26.227+0000] {manager.py:879} INFO - 
================================================================================
DAG File Processing Stats

File Path                                  PID    Runtime      # DAGs    # Errors  Last Runtime    Last Run
-----------------------------------------  -----  ---------  --------  ----------  --------------  -------------------
/opt/airflow/dags/weather_pipeline_dag.py                           1           0  2.35s           2026-04-24T09:44:25
================================================================================
[2026-04-24T09:44:54.533+0000] {manager.py:879} INFO - 
================================================================================
DAG File Processing Stats

File Path                                  PID    Runtime      # DAGs    # Errors  Last Runtime    Last Run
-----------------------------------------  -----  ---------  --------  ----------  --------------  -------------------
/opt/airflow/dags/weather_pipeline_dag.py                           1           0  2.35s           2026-04-24T09:44:25
================================================================================
[2026-04-24T09:45:22.177+0000] {manager.py:879} INFO - 
================================================================================
DAG File Processing Stats

File Path                                  PID    Runtime      # DAGs    # Errors  Last Runtime    Last Run
-----------------------------------------  -----  ---------  --------  ----------  --------------  -------------------
/opt/airflow/dags/weather_pipeline_dag.py                           1           0  2.74s           2026-04-24T09:44:58
================================================================================
[2026-04-24T09:45:50.128+0000] {manager.py:879} INFO - 
================================================================================
DAG File Processing Stats

File Path                                  PID    Runtime      # DAGs    # Errors  Last Runtime    Last Run
-----------------------------------------  -----  ---------  --------  ----------  --------------  -------------------
/opt/airflow/dags/weather_pipeline_dag.py                           1           0  0.91s           2026-04-24T09:45:29
================================================================================
[2026-04-24T09:46:18.066+0000] {manager.py:879} INFO - 
================================================================================
DAG File Processing Stats

File Path                                  PID    Runtime      # DAGs    # Errors  Last Runtime    Last Run
-----------------------------------------  -----  ---------  --------  ----------  --------------  -------------------
/opt/airflow/dags/weather_pipeline_dag.py                           1           0  2.14s           2026-04-24T09:46:01
================================================================================
[2026-04-24T09:46:36.575+0000] {manager.py:738} INFO - Searching for files in /opt/airflow/dags
[2026-04-24T09:46:37.210+0000] {manager.py:741} INFO - There are 1 files in /opt/airflow/dags
[2026-04-24T09:46:45.983+0000] {manager.py:879} INFO - 
================================================================================
DAG File Processing Stats

File Path                                  PID    Runtime      # DAGs    # Errors  Last Runtime    Last Run
-----------------------------------------  -----  ---------  --------  ----------  --------------  -------------------
/opt/airflow/dags/weather_pipeline_dag.py                           1           0  3.62s           2026-04-24T09:46:35
================================================================================
[2026-04-24T09:47:13.820+0000] {manager.py:879} INFO - 
================================================================================
DAG File Processing Stats

File Path                                  PID    Runtime      # DAGs    # Errors  Last Runtime    Last Run
-----------------------------------------  -----  ---------  --------  ----------  --------------  -------------------
/opt/airflow/dags/weather_pipeline_dag.py                           1           0  1.22s           2026-04-24T09:47:07
================================================================================
[2026-04-24T09:47:41.442+0000] {manager.py:879} INFO - 
================================================================================
DAG File Processing Stats

File Path                                  PID    Runtime      # DAGs    # Errors  Last Runtime    Last Run
-----------------------------------------  -----  ---------  --------  ----------  --------------  -------------------
/opt/airflow/dags/weather_pipeline_dag.py                           1           0  1.95s           2026-04-24T09:47:39
================================================================================
[2026-04-24T09:48:09.740+0000] {manager.py:879} INFO - 
================================================================================
DAG File Processing Stats

File Path                                  PID    Runtime      # DAGs    # Errors  Last Runtime    Last Run
-----------------------------------------  -----  ---------  --------  ----------  --------------  -------------------
/opt/airflow/dags/weather_pipeline_dag.py                           1           0  1.95s           2026-04-24T09:47:39
================================================================================
[2026-04-24T09:48:37.796+0000] {manager.py:879} INFO - 
================================================================================
DAG File Processing Stats

File Path                                  PID    Runtime      # DAGs    # Errors  Last Runtime    Last Run
-----------------------------------------  -----  ---------  --------  ----------  --------------  -------------------
/opt/airflow/dags/weather_pipeline_dag.py                           1           0  3.26s           2026-04-24T09:48:13
================================================================================
[2026-04-24T09:49:06.021+0000] {manager.py:879} INFO - 
================================================================================
DAG File Processing Stats

File Path                                  PID    Runtime      # DAGs    # Errors  Last Runtime    Last Run
-----------------------------------------  -----  ---------  --------  ----------  --------------  -------------------
/opt/airflow/dags/weather_pipeline_dag.py                           1           0  0.17s           2026-04-24T09:48:44
================================================================================
[2026-04-24T09:49:33.870+0000] {manager.py:879} INFO - 
================================================================================
DAG File Processing Stats

File Path                                  PID    Runtime      # DAGs    # Errors  Last Runtime    Last Run
-----------------------------------------  -----  ---------  --------  ----------  --------------  -------------------
/opt/airflow/dags/weather_pipeline_dag.py                           1           0  4.00s           2026-04-24T09:49:19
================================================================================
[2026-04-24T09:50:01.696+0000] {manager.py:879} INFO - 
================================================================================
DAG File Processing Stats

File Path                                  PID    Runtime      # DAGs    # Errors  Last Runtime    Last Run
-----------------------------------------  -----  ---------  --------  ----------  --------------  -------------------
/opt/airflow/dags/weather_pipeline_dag.py                           1           0  3.07s           2026-04-24T09:49:53
================================================================================
[2026-04-24T09:50:30.063+0000] {manager.py:879} INFO - 
================================================================================
DAG File Processing Stats

File Path                                    PID  Runtime      # DAGs    # Errors  Last Runtime    Last Run
-----------------------------------------  -----  ---------  --------  ----------  --------------  -------------------
/opt/airflow/dags/weather_pipeline_dag.py   5912  5.72s             1           0  3.07s           2026-04-24T09:49:53
================================================================================
[2026-04-24T09:50:58.232+0000] {manager.py:879} INFO - 
================================================================================
DAG File Processing Stats

File Path                                  PID    Runtime      # DAGs    # Errors  Last Runtime    Last Run
-----------------------------------------  -----  ---------  --------  ----------  --------------  -------------------
/opt/airflow/dags/weather_pipeline_dag.py                           1           0  6.22s           2026-04-24T09:50:30
================================================================================
[2026-04-24T09:51:26.683+0000] {manager.py:879} INFO - 
================================================================================
DAG File Processing Stats

File Path                                  PID    Runtime      # DAGs    # Errors  Last Runtime    Last Run
-----------------------------------------  -----  ---------  --------  ----------  --------------  -------------------
/opt/airflow/dags/weather_pipeline_dag.py                           1           0  2.38s           2026-04-24T09:51:03
================================================================================
[2026-04-24T09:51:37.088+0000] {manager.py:738} INFO - Searching for files in /opt/airflow/dags
[2026-04-24T09:51:37.740+0000] {manager.py:741} INFO - There are 1 files in /opt/airflow/dags
[2026-04-24T09:51:54.639+0000] {manager.py:879} INFO - 
================================================================================
DAG File Processing Stats

File Path                                  PID    Runtime      # DAGs    # Errors  Last Runtime    Last Run
-----------------------------------------  -----  ---------  --------  ----------  --------------  -------------------
/opt/airflow/dags/weather_pipeline_dag.py                           1           0  1.73s           2026-04-24T09:51:34
================================================================================
[2026-04-24T09:52:22.555+0000] {manager.py:879} INFO - 
================================================================================
DAG File Processing Stats

File Path                                  PID    Runtime      # DAGs    # Errors  Last Runtime    Last Run
-----------------------------------------  -----  ---------  --------  ----------  --------------  -------------------
/opt/airflow/dags/weather_pipeline_dag.py                           1           0  1.91s           2026-04-24T09:52:07
================================================================================
[2026-04-24T09:52:50.278+0000] {manager.py:879} INFO - 
================================================================================
DAG File Processing Stats

File Path                                  PID    Runtime      # DAGs    # Errors  Last Runtime    Last Run
-----------------------------------------  -----  ---------  --------  ----------  --------------  -------------------
/opt/airflow/dags/weather_pipeline_dag.py                           1           0  4.68s           2026-04-24T09:52:42
================================================================================
[2026-04-24T09:53:18.088+0000] {manager.py:879} INFO - 
================================================================================
DAG File Processing Stats

File Path                                  PID    Runtime      # DAGs    # Errors  Last Runtime    Last Run
-----------------------------------------  -----  ---------  --------  ----------  --------------  -------------------
/opt/airflow/dags/weather_pipeline_dag.py                           1           0  2.68s           2026-04-24T09:53:15
================================================================================
[2026-04-24T09:53:47.055+0000] {manager.py:879} INFO - 
================================================================================
DAG File Processing Stats

File Path                                    PID  Runtime      # DAGs    # Errors  Last Runtime    Last Run
-----------------------------------------  -----  ---------  --------  ----------  --------------  -------------------
/opt/airflow/dags/weather_pipeline_dag.py   5985  1.41s             1           0  2.68s           2026-04-24T09:53:15
================================================================================
[2026-04-24T09:54:14.952+0000] {manager.py:879} INFO - 
================================================================================
DAG File Processing Stats

File Path                                  PID    Runtime      # DAGs    # Errors  Last Runtime    Last Run
-----------------------------------------  -----  ---------  --------  ----------  --------------  -------------------
/opt/airflow/dags/weather_pipeline_dag.py                           1           0  1.55s           2026-04-24T09:53:47
================================================================================
[2026-04-24T09:54:43.338+0000] {manager.py:879} INFO - 
================================================================================
DAG File Processing Stats

File Path                                  PID    Runtime      # DAGs    # Errors  Last Runtime    Last Run
-----------------------------------------  -----  ---------  --------  ----------  --------------  -------------------
/opt/airflow/dags/weather_pipeline_dag.py                           1           0  3.07s           2026-04-24T09:54:18
================================================================================
[2026-04-24T09:55:11.545+0000] {manager.py:879} INFO - 
================================================================================
DAG File Processing Stats

File Path                                  PID    Runtime      # DAGs    # Errors  Last Runtime    Last Run
-----------------------------------------  -----  ---------  --------  ----------  --------------  -------------------
/opt/airflow/dags/weather_pipeline_dag.py                           1           0  5.95s           2026-04-24T09:54:54
================================================================================
[2026-04-24T09:55:39.572+0000] {manager.py:879} INFO - 
================================================================================
DAG File Processing Stats

File Path                                  PID    Runtime      # DAGs    # Errors  Last Runtime    Last Run
-----------------------------------------  -----  ---------  --------  ----------  --------------  -------------------
/opt/airflow/dags/weather_pipeline_dag.py                           1           0  2.40s           2026-04-24T09:55:28
================================================================================
[2026-04-24T09:56:07.567+0000] {manager.py:879} INFO - 
================================================================================
DAG File Processing Stats

File Path                                  PID    Runtime      # DAGs    # Errors  Last Runtime    Last Run
-----------------------------------------  -----  ---------  --------  ----------  --------------  -------------------
/opt/airflow/dags/weather_pipeline_dag.py                           1           0  5.19s           2026-04-24T09:56:04
================================================================================
[2026-04-24T09:56:35.292+0000] {manager.py:879} INFO - 
================================================================================
DAG File Processing Stats

File Path                                    PID  Runtime      # DAGs    # Errors  Last Runtime    Last Run
-----------------------------------------  -----  ---------  --------  ----------  --------------  -------------------
/opt/airflow/dags/weather_pipeline_dag.py   6048  0.07s             1           0  5.19s           2026-04-24T09:56:04
================================================================================
[2026-04-24T09:56:37.166+0000] {manager.py:738} INFO - Searching for files in /opt/airflow/dags
[2026-04-24T09:56:37.381+0000] {manager.py:741} INFO - There are 1 files in /opt/airflow/dags
[2026-04-24T09:57:03.660+0000] {manager.py:879} INFO - 
================================================================================
DAG File Processing Stats

File Path                                  PID    Runtime      # DAGs    # Errors  Last Runtime    Last Run
-----------------------------------------  -----  ---------  --------  ----------  --------------  -------------------
/opt/airflow/dags/weather_pipeline_dag.py                           1           0  0.88s           2026-04-24T09:56:36
================================================================================
[2026-04-24T09:57:29.499+0000] {manager.py:879} INFO - 
================================================================================
DAG File Processing Stats

File Path                                  PID    Runtime      # DAGs    # Errors  Last Runtime    Last Run
-----------------------------------------  -----  ---------  --------  ----------  --------------  -------------------
/opt/airflow/dags/weather_pipeline_dag.py                           1           0  1.50s           2026-04-24T09:57:08
================================================================================
[2026-04-24T09:57:57.880+0000] {manager.py:879} INFO - 
================================================================================
DAG File Processing Stats

File Path                                  PID    Runtime      # DAGs    # Errors  Last Runtime    Last Run
-----------------------------------------  -----  ---------  --------  ----------  --------------  -------------------
/opt/airflow/dags/weather_pipeline_dag.py                           1           0  2.12s           2026-04-24T09:57:41
================================================================================
[2026-04-24T09:58:26.164+0000] {manager.py:879} INFO - 
================================================================================
DAG File Processing Stats

File Path                                  PID    Runtime      # DAGs    # Errors  Last Runtime    Last Run
-----------------------------------------  -----  ---------  --------  ----------  --------------  -------------------
/opt/airflow/dags/weather_pipeline_dag.py                           1           0  1.20s           2026-04-24T09:58:13
================================================================================
[2026-04-24T09:58:54.453+0000] {manager.py:879} INFO - 
================================================================================
DAG File Processing Stats

File Path                                  PID    Runtime      # DAGs    # Errors  Last Runtime    Last Run
-----------------------------------------  -----  ---------  --------  ----------  --------------  -------------------
/opt/airflow/dags/weather_pipeline_dag.py                           1           0  6.70s           2026-04-24T09:58:51
================================================================================
